asset_id,hour,current,vibration,temperature,label
PM-000,0,1.3646,0.3009,38.1215,0
PM-000,1,1.333,0.2957,37.4953,0
PM-000,2,1.3634,0.3218,37.8219,0
PM-000,3,1.3358,0.2984,38.068,0
PM-000,4,1.3016,0.3001,38.4584,0
PM-000,5,1.3956,0.3155,38.3157,0
PM-000,6,1.3341,0.3006,38.5633,0
PM-000,7,1.3502,0.3,37.9726,0
PM-000,8,1.3412,0.3016,38.2774,0
PM-000,9,1.3398,0.3154,37.8995,0
PM-000,10,1.3662,0.3512,38.6371,0
PM-000,11,1.3488,0.3228,37.9763,0
PM-000,12,1.3127,0.3212,38.1176,0
PM-000,13,1.3175,0.2964,37.9399,0
PM-000,14,1.3471,0.3183,38.5454,0
PM-000,15,1.3623,0.3209,38.2169,0
PM-000,16,1.3319,0.2869,38.6089,0
PM-000,17,1.3409,0.3034,38.633,0
PM-000,18,1.3264,0.3221,38.368,0
PM-000,19,1.3236,0.3084,38.5709,0
PM-000,20,1.3603,0.332,38.3805,0
PM-000,21,1.4119,0.2958,38.1594,0
PM-000,22,1.3432,0.2883,38.5918,0
PM-000,23,1.3625,0.3099,38.1187,0
PM-000,24,1.3145,0.2977,38.5022,0
PM-000,25,1.3402,0.3032,38.4295,0
PM-000,26,1.3676,0.3134,38.3734,0
PM-000,27,1.3718,0.3122,38.1863,0
PM-000,28,1.3579,0.3057,38.1687,0
PM-000,29,1.3699,0.3052,37.4825,0
PM-000,30,1.3513,0.3036,38.1923,0
PM-000,31,1.3535,0.3071,38.3435,0
PM-000,32,1.304,0.2954,38.7002,0
PM-000,33,1.344,0.2845,37.9573,0
PM-000,34,1.3246,0.3111,38.1493,0
PM-000,35,1.3312,0.3096,38.4224,0
PM-000,36,1.3392,0.3009,38.1526,0
PM-000,37,1.3512,0.3095,38.5092,0
PM-000,38,1.3214,0.2979,38.511,0
PM-000,39,1.3284,0.3303,38.7006,0
PM-000,40,1.3723,0.2964,38.3021,0
PM-000,41,1.3345,0.3234,38.791,0
PM-000,42,1.3619,0.3097,38.1694,0
PM-000,43,1.3574,0.2912,38.4399,0
PM-000,44,1.3261,0.3189,38.2308,0
PM-000,45,1.3366,0.2963,38.172,0
PM-000,46,1.3555,0.3252,38.437,0
PM-000,47,1.3717,0.3477,38.1817,0
PM-000,48,1.3403,0.288,38.6363,0
PM-000,49,1.3704,0.2966,38.4643,0
PM-000,50,1.3687,0.313,38.5333,0
PM-000,51,1.3479,0.2913,38.5938,0
PM-000,52,1.3709,0.3206,37.9927,0
PM-000,53,1.3294,0.2926,38.51,0
PM-000,54,1.3698,0.3159,38.5612,0
PM-000,55,1.3271,0.3118,37.8681,0
PM-000,56,1.329,0.3227,38.2072,0
PM-000,57,1.3686,0.3176,39.0994,0
PM-000,58,1.3463,0.2885,38.2687,0
PM-000,59,1.3251,0.3242,38.2916,0
PM-000,60,1.3417,0.3077,38.5011,0
PM-000,61,1.3354,0.3212,38.5927,0
PM-000,62,1.3376,0.2957,38.1252,0
PM-000,63,1.3586,0.311,38.4681,0
PM-000,64,1.3797,0.313,38.0364,0
PM-000,65,1.3656,0.3103,38.5408,0
PM-000,66,1.3657,0.2952,38.6936,0
PM-000,67,1.3625,0.3005,38.3704,0
PM-000,68,1.3496,0.3099,38.5406,0
PM-000,69,1.3732,0.3097,38.6783,0
PM-000,70,1.3642,0.3131,38.3319,0
PM-000,71,1.3214,0.2871,38.3285,0
PM-000,72,1.3273,0.309,38.1186,0
PM-000,73,1.3086,0.3149,38.1547,0
PM-000,74,1.346,0.2962,38.1786,0
PM-000,75,1.3756,0.3115,38.4439,0
PM-000,76,1.319,0.3454,38.8321,0
PM-000,77,1.3717,0.322,38.2836,0
PM-000,78,1.3532,0.3253,38.0905,0
PM-000,79,1.3355,0.2845,38.0475,0
PM-000,80,1.3776,0.3046,38.1837,0
PM-000,81,1.3508,0.2854,38.5627,0
PM-000,82,1.3697,0.3152,38.7744,0
PM-000,83,1.3179,0.3372,38.0598,0
PM-000,84,1.3188,0.306,38.8406,0
PM-000,85,1.344,0.2956,37.8906,0
PM-000,86,1.3423,0.2796,37.889,0
PM-000,87,1.3753,0.3294,38.2405,0
PM-000,88,1.3351,0.3104,38.9834,0
PM-000,89,1.3525,0.3232,38.2183,0
PM-000,90,1.3456,0.3193,38.3169,0
PM-000,91,1.3065,0.3288,38.0945,0
PM-000,92,1.3866,0.3199,38.3003,0
PM-000,93,1.3532,0.3079,38.1331,0
PM-000,94,1.3486,0.3228,38.1397,0
PM-000,95,1.332,0.3042,38.5646,0
PM-000,96,1.3735,0.315,38.4534,0
PM-000,97,1.3318,0.3227,38.4446,0
PM-000,98,1.3302,0.2828,37.9129,0
PM-000,99,1.331,0.327,38.7449,0
PM-000,100,1.3356,0.3034,38.3575,0
PM-000,101,1.3446,0.3235,38.1221,0
PM-000,102,1.3634,0.306,38.5352,0
PM-000,103,1.339,0.3004,38.8527,0
PM-000,104,1.3657,0.2827,38.145,0
PM-000,105,1.3685,0.2916,38.5102,0
PM-000,106,1.3577,0.2991,38.2764,0
PM-000,107,1.3026,0.3361,38.1863,0
PM-000,108,1.3605,0.3188,38.6864,0
PM-000,109,1.3357,0.3126,38.4468,0
PM-000,110,1.3619,0.3269,38.1358,0
PM-000,111,1.3311,0.33,37.6679,0
PM-000,112,1.3758,0.305,38.2777,0
PM-000,113,1.3308,0.3088,38.6604,0
PM-000,114,1.3598,0.317,38.3057,0
PM-000,115,1.3155,0.2969,38.1761,0
PM-000,116,1.3536,0.3106,38.5741,0
PM-000,117,1.3539,0.3104,38.9618,0
PM-000,118,1.3525,0.3031,38.837,0
PM-000,119,1.3684,0.3368,38.2458,0
PM-000,120,1.3639,0.2878,38.5142,0
PM-000,121,1.3413,0.2892,38.5888,0
PM-000,122,1.3082,0.2809,38.3878,0
PM-000,123,1.3558,0.3241,38.5016,0
PM-000,124,1.3739,0.3201,38.2394,0
PM-000,125,1.3429,0.3053,38.3677,0
PM-000,126,1.3225,0.3147,38.2531,0
PM-000,127,1.3499,0.3137,37.5434,0
PM-000,128,1.3264,0.3079,38.2624,0
PM-000,129,1.3496,0.3141,38.7339,0
PM-000,130,1.3507,0.3049,37.7993,0
PM-000,131,1.317,0.3176,38.5972,0
PM-000,132,1.3752,0.2971,38.1879,0
PM-000,133,1.3493,0.3403,38.3135,0
PM-000,134,1.3754,0.3121,38.625,0
PM-000,135,1.3649,0.3121,37.9729,0
PM-000,136,1.339,0.3319,38.5424,0
PM-000,137,1.3357,0.3044,37.7598,0
PM-000,138,1.3733,0.3229,38.2379,0
PM-000,139,1.3484,0.277,38.133,0
PM-000,140,1.3711,0.3243,38.3783,0
PM-000,141,1.3441,0.3215,38.1946,0
PM-000,142,1.3111,0.3095,38.4,0
PM-000,143,1.3669,0.2879,38.2422,0
PM-000,144,1.3429,0.293,38.4253,0
PM-000,145,1.3594,0.3052,38.8956,0
PM-000,146,1.338,0.3029,38.1363,0
PM-000,147,1.3281,0.3012,37.8488,0
PM-000,148,1.3406,0.3104,37.5942,0
PM-000,149,1.3424,0.3102,38.4334,0
PM-000,150,1.3685,0.3223,38.0929,0
PM-000,151,1.3297,0.3183,38.1149,0
PM-000,152,1.3198,0.3452,38.1858,0
PM-000,153,1.3319,0.2767,38.5345,0
PM-000,154,1.3246,0.31,38.5696,0
PM-000,155,1.325,0.3108,38.7362,0
PM-000,156,1.2953,0.2974,38.0077,0
PM-000,157,1.3407,0.3089,37.9607,0
PM-000,158,1.3313,0.298,38.1738,0
PM-000,159,1.3488,0.3232,38.5956,0
PM-000,160,1.3575,0.2965,38.2781,0
PM-000,161,1.3919,0.3248,38.1469,0
PM-000,162,1.376,0.3037,38.0785,0
PM-000,163,1.3723,0.2899,37.7049,0
PM-000,164,1.3632,0.31,38.3173,0
PM-000,165,1.3372,0.306,38.1416,0
PM-000,166,1.3319,0.3038,38.155,0
PM-000,167,1.3278,0.3014,37.5282,0
PM-000,168,1.3581,0.3154,38.2536,0
PM-000,169,1.3492,0.3137,38.0618,0
PM-000,170,1.3338,0.3175,38.3413,0
PM-000,171,1.3853,0.3339,38.5589,0
PM-000,172,1.3292,0.3011,37.9784,0
PM-000,173,1.35,0.2685,38.1415,0
PM-000,174,1.3383,0.2867,38.5184,0
PM-000,175,1.3216,0.3136,39.1142,0
PM-000,176,1.3122,0.3073,38.1568,0
PM-000,177,1.3324,0.321,38.6109,0
PM-000,178,1.3598,0.2987,39.0092,0
PM-000,179,1.309,0.2941,38.33,0
PM-000,180,1.3462,0.3169,38.7531,0
PM-000,181,1.342,0.3113,38.1007,0
PM-000,182,1.3562,0.3048,38.1833,0
PM-000,183,1.3553,0.3251,37.6166,0
PM-000,184,1.3516,0.3055,38.5633,0
PM-000,185,1.3394,0.3291,38.0761,0
PM-000,186,1.2998,0.3253,38.026,0
PM-000,187,1.3128,0.3098,38.2073,0
PM-000,188,1.3609,0.323,38.3077,0
PM-000,189,1.3267,0.3139,38.3286,0
PM-000,190,1.3558,0.2964,38.1589,0
PM-000,191,1.3546,0.3283,38.5688,0
PM-000,192,1.346,0.3023,38.4002,0
PM-000,193,1.3226,0.2973,38.732,0
PM-000,194,1.3524,0.3044,38.5278,0
PM-000,195,1.3701,0.3029,38.1508,0
PM-000,196,1.3334,0.324,38.5711,0
PM-000,197,1.3721,0.3247,37.7894,0
PM-000,198,1.35,0.2937,38.1252,0
PM-000,199,1.3478,0.3221,38.0118,0
PM-000,200,1.2979,0.3123,39.0721,0
PM-000,201,1.3403,0.3103,38.8137,0
PM-000,202,1.3562,0.3128,38.4117,0
PM-000,203,1.3494,0.2925,37.8766,0
PM-000,204,1.3821,0.3123,38.3091,0
PM-000,205,1.3426,0.3213,39.0406,0
PM-000,206,1.3549,0.3007,38.239,0
PM-000,207,1.3658,0.3008,38.5347,0
PM-000,208,1.298,0.3061,38.4675,0
PM-000,209,1.3698,0.2973,37.8282,0
PM-000,210,1.3392,0.2927,38.2343,0
PM-000,211,1.3443,0.2898,38.5204,0
PM-000,212,1.3413,0.3258,37.7256,0
PM-000,213,1.3241,0.3173,38.0393,0
PM-000,214,1.3411,0.3096,38.3265,0
PM-000,215,1.3309,0.3118,38.0443,0
PM-000,216,1.3579,0.3078,38.3256,0
PM-000,217,1.3958,0.293,38.6956,0
PM-000,218,1.2912,0.2784,37.9068,0
PM-000,219,1.3209,0.3126,38.366,0
PM-000,220,1.3393,0.3073,38.4374,0
PM-000,221,1.3611,0.2897,38.1705,0
PM-000,222,1.343,0.3168,38.0472,0
PM-000,223,1.3426,0.31,38.0677,0
PM-000,224,1.3298,0.311,38.2399,0
PM-000,225,1.3544,0.2938,38.1738,0
PM-000,226,1.3398,0.3218,37.9969,0
PM-000,227,1.3491,0.3134,38.773,0
PM-000,228,1.3243,0.2997,37.9978,0
PM-000,229,1.311,0.336,37.9066,0
PM-000,230,1.3281,0.3293,37.7531,0
PM-000,231,1.3595,0.2884,38.653,0
PM-000,232,1.301,0.2833,38.1156,0
PM-000,233,1.3638,0.3091,38.1783,0
PM-000,234,1.3713,0.3419,38.4807,0
PM-000,235,1.3319,0.3033,37.8925,0
PM-000,236,1.3464,0.2851,38.4446,0
PM-000,237,1.3845,0.3203,38.1383,0
PM-000,238,1.3549,0.3339,38.7502,0
PM-000,239,1.3243,0.3172,38.2316,0
PM-000,240,1.3605,0.3153,37.5681,0
PM-000,241,1.3374,0.3125,37.8487,0
PM-000,242,1.356,0.2867,38.0395,0
PM-000,243,1.3712,0.2963,38.4512,0
PM-000,244,1.3093,0.3408,38.1877,0
PM-000,245,1.3463,0.3123,38.4613,0
PM-000,246,1.314,0.3095,38.0814,0
PM-000,247,1.3106,0.3244,38.1734,0
PM-000,248,1.3493,0.3123,38.1786,0
PM-000,249,1.3839,0.3089,37.8117,0
PM-000,250,1.3364,0.3171,38.4388,0
PM-000,251,1.3227,0.3235,37.7502,0
PM-000,252,1.3673,0.2898,38.2112,0
PM-000,253,1.3657,0.3114,38.5241,0
PM-000,254,1.3568,0.3289,38.5977,0
PM-000,255,1.3353,0.3191,37.8211,0
PM-000,256,1.3432,0.3218,38.3192,0
PM-000,257,1.3533,0.3064,38.6178,0
PM-000,258,1.3428,0.3026,38.545,0
PM-000,259,1.3163,0.3171,37.9663,0
PM-000,260,1.37,0.3057,38.3195,0
PM-000,261,1.3527,0.2806,38.0839,0
PM-000,262,1.3653,0.3226,38.364,0
PM-000,263,1.3174,0.3183,38.4931,0
PM-000,264,1.3453,0.3279,38.074,0
PM-000,265,1.3342,0.2723,38.555,0
PM-000,266,1.3507,0.2843,37.7515,0
PM-000,267,1.327,0.3215,38.1889,0
PM-000,268,1.3283,0.2945,37.9638,0
PM-000,269,1.3057,0.2915,37.9579,0
PM-000,270,1.3581,0.3071,38.0314,0
PM-000,271,1.3906,0.2996,38.6292,0
PM-000,272,1.3768,0.286,38.3012,0
PM-000,273,1.3341,0.3006,38.4457,0
PM-000,274,1.3319,0.3021,38.2286,0
PM-000,275,1.3369,0.292,38.5178,0
PM-000,276,1.3654,0.3147,38.1661,0
PM-000,277,1.3303,0.299,38.9863,0
PM-000,278,1.3632,0.297,38.3285,0
PM-000,279,1.3372,0.3183,38.4421,0
PM-000,280,1.3661,0.2968,38.3105,0
PM-000,281,1.3094,0.2907,38.5443,0
PM-000,282,1.3254,0.297,38.2766,0
PM-000,283,1.3583,0.2937,37.2348,0
PM-000,284,1.327,0.3277,38.382,0
PM-000,285,1.3709,0.2926,37.7872,0
PM-000,286,1.3537,0.3132,38.3707,0
PM-000,287,1.3631,0.3159,38.4007,0
PM-000,288,1.3587,0.3171,38.5363,0
PM-000,289,1.3646,0.3325,38.0843,0
PM-000,290,1.354,0.304,38.029,0
PM-000,291,1.3306,0.317,38.4045,0
PM-000,292,1.3524,0.3062,38.2801,0
PM-000,293,1.3608,0.2872,38.2864,0
PM-000,294,1.3462,0.3209,37.874,0
PM-000,295,1.3743,0.3128,38.359,0
PM-000,296,1.3364,0.3176,38.2934,0
PM-000,297,1.3686,0.2879,38.3317,0
PM-000,298,1.3526,0.3068,38.1576,0
PM-000,299,1.3371,0.3122,37.7361,0
PM-000,300,1.3637,0.3024,38.3174,0
PM-000,301,1.3517,0.3017,38.2397,0
PM-000,302,1.3037,0.3205,38.6031,0
PM-000,303,1.3104,0.3035,37.9101,0
PM-000,304,1.3409,0.3193,38.5752,0
PM-000,305,1.3668,0.3292,38.2123,0
PM-000,306,1.3215,0.3078,38.469,0
PM-000,307,1.3199,0.3345,38.5484,0
PM-000,308,1.3403,0.2989,38.0783,0
PM-000,309,1.3459,0.3061,38.5642,0
PM-000,310,1.3375,0.3171,38.2704,0
PM-000,311,1.3498,0.3061,38.4914,0
PM-000,312,1.3589,0.3165,38.4613,0
PM-000,313,1.3255,0.3144,38.6538,0
PM-000,314,1.3542,0.2941,38.2641,0
PM-000,315,1.3519,0.2982,37.8716,0
PM-000,316,1.3381,0.2985,38.2748,0
PM-000,317,1.3126,0.318,38.0887,0
PM-000,318,1.3643,0.3054,38.2714,0
PM-000,319,1.3409,0.2992,39.0207,0
PM-000,320,1.3345,0.3249,37.951,0
PM-000,321,1.3518,0.3168,38.2718,0
PM-000,322,1.333,0.3056,38.1581,0
PM-000,323,1.3924,0.3092,38.4365,0
PM-000,324,1.38,0.2964,38.2903,0
PM-000,325,1.339,0.3083,38.2253,0
PM-000,326,1.3298,0.3125,37.9603,0
PM-000,327,1.3642,0.3189,38.131,0
PM-000,328,1.3355,0.3137,38.0395,0
PM-000,329,1.3806,0.3149,38.397,0
PM-000,330,1.358,0.3009,38.6057,0
PM-000,331,1.3467,0.3238,38.2197,0
PM-000,332,1.3708,0.3156,38.9338,0
PM-000,333,1.337,0.3126,37.9696,0
PM-000,334,1.3338,0.3188,38.6178,0
PM-000,335,1.4037,0.3081,37.9991,0
PM-000,336,1.3595,0.2926,38.4483,0
PM-000,337,1.3344,0.3127,38.6064,0
PM-000,338,1.3422,0.3236,38.541,0
PM-000,339,1.3071,0.296,37.8105,0
PM-000,340,1.3844,0.308,38.8133,0
PM-000,341,1.3117,0.301,38.5192,0
PM-000,342,1.348,0.3176,37.9029,0
PM-000,343,1.3719,0.3212,38.3995,0
PM-000,344,1.3307,0.3144,38.1916,0
PM-000,345,1.3114,0.3088,38.232,0
PM-000,346,1.3657,0.2761,38.3496,0
PM-000,347,1.3213,0.3144,38.3913,0
PM-000,348,1.3427,0.3217,37.9053,0
PM-000,349,1.3666,0.2989,37.8123,0
PM-000,350,1.339,0.2781,38.3553,0
PM-000,351,1.3392,0.3281,38.4737,0
PM-000,352,1.3166,0.297,38.4352,0
PM-000,353,1.3613,0.3279,38.6434,0
PM-000,354,1.3426,0.315,38.6687,0
PM-000,355,1.3383,0.3153,38.181,0
PM-000,356,1.3334,0.3103,38.0728,0
PM-000,357,1.3418,0.294,38.222,0
PM-000,358,1.3534,0.3007,38.2818,0
PM-000,359,1.3472,0.3164,38.239,0
PM-000,360,1.3661,0.2781,39.1604,0
PM-000,361,1.327,0.3156,37.9975,0
PM-000,362,1.3573,0.3137,38.0838,0
PM-000,363,1.3659,0.3071,38.4432,0
PM-000,364,1.3261,0.3091,38.8801,0
PM-000,365,1.3637,0.3142,38.1444,0
PM-000,366,1.3458,0.3125,38.4138,0
PM-000,367,1.3229,0.3196,37.9522,0
PM-000,368,1.377,0.298,38.368,0
PM-000,369,1.3645,0.3058,38.3812,0
PM-000,370,1.3731,0.318,38.3857,0
PM-000,371,1.3107,0.2956,38.5931,0
PM-000,372,1.3558,0.3204,38.4697,0
PM-000,373,1.3702,0.3056,38.3152,0
PM-000,374,1.3238,0.2904,37.7859,0
PM-000,375,1.3267,0.3329,37.8132,0
PM-000,376,1.3383,0.2902,38.0987,0
PM-000,377,1.3478,0.2991,38.6059,0
PM-000,378,1.3751,0.2758,38.0741,0
PM-000,379,1.3456,0.3265,38.1428,0
PM-000,380,1.344,0.2922,37.8192,0
PM-000,381,1.3733,0.2822,38.9776,0
PM-000,382,1.3589,0.3198,38.4517,0
PM-000,383,1.3394,0.3154,38.2224,0
PM-000,384,1.3555,0.3091,37.9939,0
PM-000,385,1.327,0.2948,38.5703,0
PM-000,386,1.3321,0.2809,38.3981,0
PM-000,387,1.3747,0.3212,38.098,0
PM-000,388,1.3127,0.3076,38.2313,0
PM-000,389,1.325,0.3178,38.833,0
PM-000,390,1.3489,0.312,37.9979,0
PM-000,391,1.3724,0.3084,38.1054,0
PM-000,392,1.3457,0.3166,38.3208,0
PM-000,393,1.3685,0.3153,38.1939,0
PM-000,394,1.3524,0.3171,37.8901,0
PM-000,395,1.3674,0.3051,38.1964,0
PM-000,396,1.3594,0.3208,38.0688,0
PM-000,397,1.3605,0.3012,38.8249,0
PM-000,398,1.3278,0.3132,38.0444,0
PM-000,399,1.3889,0.291,38.4364,0
PM-000,400,1.3297,0.3043,38.4151,0
PM-000,401,1.3689,0.3339,37.818,0
PM-000,402,1.3498,0.3315,37.7734,0
PM-000,403,1.3507,0.3095,38.4034,0
PM-000,404,1.329,0.288,37.7051,0
PM-000,405,1.3639,0.3261,38.3698,0
PM-000,406,1.3337,0.2852,38.448,0
PM-000,407,1.3224,0.2989,38.1031,0
PM-000,408,1.3405,0.2982,38.2891,0
PM-000,409,1.332,0.3201,38.5884,0
PM-000,410,1.3466,0.3165,38.9144,0
PM-000,411,1.321,0.2911,38.4875,0
PM-000,412,1.3833,0.3057,38.7971,0
PM-000,413,1.3463,0.2994,37.9818,0
PM-000,414,1.357,0.2958,38.3034,0
PM-000,415,1.3761,0.305,38.6732,0
PM-000,416,1.3201,0.3016,37.8569,0
PM-000,417,1.3459,0.3213,38.3016,0
PM-000,418,1.3689,0.2983,38.3466,0
PM-000,419,1.3339,0.315,38.4302,0
PM-000,420,1.3561,0.2935,38.0121,0
PM-000,421,1.3303,0.306,38.3052,0
PM-000,422,1.3586,0.2968,37.7987,0
PM-000,423,1.3875,0.2926,38.5299,0
PM-000,424,1.345,0.3133,38.2786,0
PM-000,425,1.3367,0.3165,38.1475,0
PM-000,426,1.3677,0.3181,38.4589,0
PM-000,427,1.3343,0.306,37.9227,0
PM-000,428,1.3373,0.294,38.673,0
PM-000,429,1.3454,0.3121,38.2115,0
PM-000,430,1.3484,0.3465,38.189,0
PM-000,431,1.3314,0.3175,37.5213,0
PM-000,432,1.3457,0.304,37.9813,0
PM-000,433,1.3546,0.3104,37.7383,0
PM-000,434,1.3315,0.2662,38.367,0
PM-000,435,1.3501,0.2977,38.4411,0
PM-000,436,1.3188,0.2951,38.4042,0
PM-000,437,1.3306,0.3086,38.1099,0
PM-000,438,1.3362,0.3041,38.067,0
PM-000,439,1.3505,0.3001,38.2837,0
PM-000,440,1.3298,0.2866,38.5528,0
PM-000,441,1.3544,0.3439,37.9658,0
PM-000,442,1.3402,0.3076,38.5759,0
PM-000,443,1.3343,0.292,38.6414,0
PM-000,444,1.3381,0.3227,38.5077,0
PM-000,445,1.3438,0.307,38.1616,0
PM-000,446,1.3441,0.3225,38.0401,0
PM-000,447,1.3466,0.2928,37.9808,0
PM-000,448,1.3438,0.2802,38.8972,0
PM-000,449,1.3205,0.309,38.6295,0
PM-000,450,1.3271,0.275,38.1456,0
PM-000,451,1.3269,0.2754,38.3645,0
PM-000,452,1.3485,0.3267,37.9428,0
PM-000,453,1.3124,0.3035,38.2525,0
PM-000,454,1.3628,0.3307,38.6434,0
PM-000,455,1.3499,0.3216,38.0869,0
PM-000,456,1.3478,0.2917,38.2978,0
PM-000,457,1.3462,0.3354,38.2103,0
PM-000,458,1.3462,0.3131,38.1426,0
PM-000,459,1.3284,0.329,37.9848,0
PM-000,460,1.3178,0.3198,38.6264,0
PM-000,461,1.3354,0.303,38.3638,0
PM-000,462,1.3302,0.2978,38.5429,0
PM-000,463,1.3565,0.3292,37.9033,0
PM-000,464,1.3344,0.3138,38.0014,0
PM-000,465,1.3572,0.3279,38.104,0
PM-000,466,1.3452,0.3314,38.8188,0
PM-000,467,1.3593,0.3185,38.0229,0
PM-000,468,1.3516,0.3179,38.2159,0
PM-000,469,1.3325,0.2903,37.7577,0
PM-000,470,1.3054,0.3183,38.3234,0
PM-000,471,1.3347,0.3046,38.3422,0
PM-000,472,1.3411,0.2895,38.5529,0
PM-000,473,1.3505,0.3136,38.5303,0
PM-000,474,1.3281,0.3278,38.237,0
PM-000,475,1.3622,0.3206,37.9674,0
PM-000,476,1.3545,0.3145,38.2881,0
PM-000,477,1.3425,0.3083,38.5228,0
PM-000,478,1.356,0.31,37.8315,0
PM-000,479,1.3543,0.3204,38.9692,0
PM-001,0,1.4688,0.3227,36.6262,0
PM-001,1,1.4672,0.3149,35.8719,0
PM-001,2,1.4496,0.3042,36.0651,0
PM-001,3,1.4655,0.342,36.3576,0
PM-001,4,1.4299,0.3236,36.5982,0
PM-001,5,1.4416,0.315,36.2436,0
PM-001,6,1.4381,0.3267,36.203,0
PM-001,7,1.4622,0.3037,36.108,0
PM-001,8,1.4682,0.3114,36.7573,0
PM-001,9,1.4458,0.3203,36.519,0
PM-001,10,1.4254,0.2906,35.7815,0
PM-001,11,1.479,0.3087,37.0067,0
PM-001,12,1.4425,0.3197,36.7019,0
PM-001,13,1.4939,0.3479,36.6017,0
PM-001,14,1.4743,0.3259,36.4727,0
PM-001,15,1.4427,0.3047,36.2382,0
PM-001,16,1.4504,0.3102,36.4482,0
PM-001,17,1.4729,0.3183,36.6825,0
PM-001,18,1.4309,0.3141,36.0242,0
PM-001,19,1.4164,0.3157,36.2027,0
PM-001,20,1.484,0.3264,35.932,0
PM-001,21,1.4909,0.3353,36.4139,0
PM-001,22,1.4492,0.3026,36.1276,0
PM-001,23,1.4755,0.3452,36.7022,0
PM-001,24,1.444,0.3002,36.2815,0
PM-001,25,1.4184,0.3218,36.195,0
PM-001,26,1.4445,0.293,36.3933,0
PM-001,27,1.4431,0.2994,35.3776,0
PM-001,28,1.4532,0.3435,36.7376,0
PM-001,29,1.4446,0.3079,36.3799,0
PM-001,30,1.4338,0.3215,36.4691,0
PM-001,31,1.4783,0.3155,36.1781,0
PM-001,32,1.4362,0.3046,36.1713,0
PM-001,33,1.4611,0.3307,35.9983,0
PM-001,34,1.4836,0.3129,36.2328,0
PM-001,35,1.4388,0.2806,36.5045,0
PM-001,36,1.4685,0.3127,36.2593,0
PM-001,37,1.4641,0.2935,36.0805,0
PM-001,38,1.4697,0.2982,36.3273,0
PM-001,39,1.4266,0.324,36.2285,0
PM-001,40,1.4215,0.3344,36.0189,0
PM-001,41,1.4376,0.32,36.5838,0
PM-001,42,1.4335,0.3179,36.3679,0
PM-001,43,1.4676,0.3196,36.1291,0
PM-001,44,1.4372,0.3183,35.9176,0
PM-001,45,1.3953,0.3235,36.5104,0
PM-001,46,1.4065,0.3018,36.425,0
PM-001,47,1.4949,0.3173,36.0208,0
PM-001,48,1.4501,0.3376,36.0454,0
PM-001,49,1.4378,0.3097,35.9532,0
PM-001,50,1.4562,0.3413,36.3362,0
PM-001,51,1.4487,0.3126,35.7703,0
PM-001,52,1.4714,0.3158,36.1851,0
PM-001,53,1.5176,0.3214,36.0137,0
PM-001,54,1.4452,0.3342,36.2732,0
PM-001,55,1.425,0.3308,36.0388,0
PM-001,56,1.4912,0.3332,36.105,0
PM-001,57,1.4794,0.318,36.4951,0
PM-001,58,1.4635,0.3043,36.0462,0
PM-001,59,1.4744,0.3119,36.1181,0
PM-001,60,1.4347,0.3233,36.858,0
PM-001,61,1.4324,0.3173,36.6629,0
PM-001,62,1.4522,0.3238,35.9205,0
PM-001,63,1.4623,0.3142,36.535,0
PM-001,64,1.4775,0.3558,36.4131,0
PM-001,65,1.4603,0.3199,36.1333,0
PM-001,66,1.4605,0.3125,36.2898,0
PM-001,67,1.4801,0.3019,36.5812,0
PM-001,68,1.4801,0.3152,35.6027,0
PM-001,69,1.4416,0.3364,36.2324,0
PM-001,70,1.4338,0.3094,36.4914,0
PM-001,71,1.4647,0.3134,36.1292,0
PM-001,72,1.4459,0.3031,36.7238,0
PM-001,73,1.4473,0.3352,36.6956,0
PM-001,74,1.4737,0.3105,36.3604,0
PM-001,75,1.4533,0.3034,36.3365,0
PM-001,76,1.4302,0.3348,36.0999,0
PM-001,77,1.4578,0.3212,36.1616,0
PM-001,78,1.4655,0.3098,36.5006,0
PM-001,79,1.4269,0.3189,36.8209,0
PM-001,80,1.4338,0.3068,36.3934,0
PM-001,81,1.4574,0.3222,36.386,0
PM-001,82,1.4665,0.3336,36.3622,0
PM-001,83,1.4489,0.3271,36.8092,0
PM-001,84,1.4511,0.3023,36.5714,0
PM-001,85,1.4514,0.2844,36.4935,0
PM-001,86,1.4431,0.3156,36.3388,0
PM-001,87,1.4576,0.3276,36.1086,0
PM-001,88,1.464,0.3131,36.4609,0
PM-001,89,1.4661,0.3029,36.565,0
PM-001,90,1.4431,0.3291,36.3494,0
PM-001,91,1.4905,0.3136,36.1344,0
PM-001,92,1.4534,0.3124,36.4792,0
PM-001,93,1.4214,0.3012,35.9189,0
PM-001,94,1.4728,0.3426,36.2079,0
PM-001,95,1.4504,0.318,36.5878,0
PM-001,96,1.4352,0.3205,36.5318,0
PM-001,97,1.4638,0.3198,36.5396,0
PM-001,98,1.3997,0.3271,36.043,0
PM-001,99,1.4172,0.3246,36.6513,0
PM-001,100,1.451,0.3313,36.7229,0
PM-001,101,1.4801,0.3416,36.4619,0
PM-001,102,1.4553,0.2929,36.1654,0
PM-001,103,1.4369,0.3495,36.1865,0
PM-001,104,1.4562,0.3252,36.2523,0
PM-001,105,1.4877,0.3076,36.2976,0
PM-001,106,1.4389,0.2972,36.0557,0
PM-001,107,1.453,0.3105,36.0315,0
PM-001,108,1.4256,0.3157,35.7878,0
PM-001,109,1.469,0.3182,35.802,0
PM-001,110,1.4476,0.3057,36.335,0
PM-001,111,1.4806,0.2888,36.2737,0
PM-001,112,1.4506,0.327,36.3032,0
PM-001,113,1.4387,0.3122,36.0004,0
PM-001,114,1.4753,0.3173,36.8096,0
PM-001,115,1.4526,0.3063,35.7851,0
PM-001,116,1.4177,0.2932,36.3194,0
PM-001,117,1.4639,0.2932,36.5077,0
PM-001,118,1.4441,0.3192,36.7229,0
PM-001,119,1.4717,0.3129,35.9719,0
PM-001,120,1.4107,0.3062,36.1759,0
PM-001,121,1.434,0.315,36.2623,0
PM-001,122,1.4493,0.3072,36.2898,0
PM-001,123,1.4626,0.3006,36.6625,0
PM-001,124,1.4518,0.3172,36.4517,0
PM-001,125,1.4584,0.3313,36.3254,0
PM-001,126,1.4415,0.3224,35.8961,0
PM-001,127,1.4559,0.3165,36.1768,0
PM-001,128,1.4512,0.2887,36.0746,0
PM-001,129,1.4556,0.3194,35.9309,0
PM-001,130,1.4791,0.304,36.5301,0
PM-001,131,1.4623,0.3073,36.7718,0
PM-001,132,1.4299,0.3308,36.5394,0
PM-001,133,1.4404,0.3379,36.1642,0
PM-001,134,1.4595,0.3209,36.1989,0
PM-001,135,1.47,0.3289,35.7147,0
PM-001,136,1.4799,0.292,36.549,0
PM-001,137,1.4763,0.3006,36.116,0
PM-001,138,1.4317,0.3137,36.1468,0
PM-001,139,1.4694,0.3366,36.6579,0
PM-001,140,1.4425,0.3138,35.7342,0
PM-001,141,1.4377,0.3314,36.7239,0
PM-001,142,1.4291,0.3081,36.2313,0
PM-001,143,1.4594,0.3048,36.3665,0
PM-001,144,1.4443,0.3167,36.4031,0
PM-001,145,1.4539,0.3104,36.2064,0
PM-001,146,1.452,0.3114,36.1616,0
PM-001,147,1.4857,0.3254,36.1506,0
PM-001,148,1.4677,0.312,36.5912,0
PM-001,149,1.4612,0.3154,36.3736,0
PM-001,150,1.4224,0.3001,35.8811,0
PM-001,151,1.4566,0.343,36.9086,0
PM-001,152,1.4665,0.3245,35.6989,0
PM-001,153,1.4429,0.3051,36.053,0
PM-001,154,1.4504,0.3099,35.6454,0
PM-001,155,1.4687,0.3009,36.311,0
PM-001,156,1.4953,0.3032,35.4802,0
PM-001,157,1.4481,0.3335,36.8267,0
PM-001,158,1.4292,0.3244,36.0996,0
PM-001,159,1.4517,0.3566,35.7883,0
PM-001,160,1.4588,0.324,36.565,0
PM-001,161,1.4557,0.3216,36.1217,0
PM-001,162,1.4592,0.3118,36.4257,0
PM-001,163,1.4464,0.3226,36.2305,0
PM-001,164,1.4763,0.3162,35.7073,0
PM-001,165,1.479,0.3034,36.0431,0
PM-001,166,1.4419,0.3376,35.5985,0
PM-001,167,1.5165,0.3328,36.3062,0
PM-001,168,1.4527,0.3212,36.3956,0
PM-001,169,1.4667,0.3253,36.2661,0
PM-001,170,1.4498,0.3147,36.1808,0
PM-001,171,1.4764,0.3259,35.3571,0
PM-001,172,1.4669,0.3199,36.2336,0
PM-001,173,1.446,0.3338,36.5235,0
PM-001,174,1.4383,0.3231,35.9477,0
PM-001,175,1.4262,0.3076,36.498,0
PM-001,176,1.4728,0.3247,36.4568,0
PM-001,177,1.4641,0.3073,36.3688,0
PM-001,178,1.4698,0.3283,36.5959,0
PM-001,179,1.4679,0.3222,36.5603,0
PM-001,180,1.4532,0.3037,36.1903,0
PM-001,181,1.4389,0.3068,36.1959,0
PM-001,182,1.4379,0.3123,35.6712,0
PM-001,183,1.458,0.317,35.9941,0
PM-001,184,1.467,0.331,35.757,0
PM-001,185,1.4385,0.3054,35.9573,0
PM-001,186,1.4704,0.3141,36.1599,0
PM-001,187,1.4137,0.3265,35.8675,0
PM-001,188,1.455,0.3211,36.6474,0
PM-001,189,1.4276,0.2717,36.2944,0
PM-001,190,1.4898,0.3355,36.3021,0
PM-001,191,1.4439,0.3291,35.9472,0
PM-001,192,1.4633,0.3245,36.5573,0
PM-001,193,1.509,0.3229,36.0865,0
PM-001,194,1.4533,0.2904,36.0308,0
PM-001,195,1.4456,0.3091,36.2849,0
PM-001,196,1.4373,0.3338,36.2393,0
PM-001,197,1.4536,0.312,36.2858,0
PM-001,198,1.4703,0.304,36.0418,0
PM-001,199,1.4477,0.2968,35.9935,0
PM-001,200,1.4442,0.3301,36.318,0
PM-001,201,1.4576,0.3297,36.198,0
PM-001,202,1.4616,0.3154,36.3188,0
PM-001,203,1.4421,0.2804,36.199,0
PM-001,204,1.4822,0.3309,36.5289,0
PM-001,205,1.4785,0.3183,36.2984,0
PM-001,206,1.4414,0.3122,36.424,0
PM-001,207,1.4778,0.3149,36.1042,0
PM-001,208,1.4538,0.326,35.8061,0
PM-001,209,1.4078,0.3087,35.873,0
PM-001,210,1.4436,0.3147,36.1033,0
PM-001,211,1.4828,0.3219,36.3294,0
PM-001,212,1.4662,0.2999,36.551,0
PM-001,213,1.4523,0.327,35.9177,0
PM-001,214,1.4227,0.3292,36.3522,0
PM-001,215,1.4357,0.3039,36.5769,0
PM-001,216,1.43,0.3416,35.9691,0
PM-001,217,1.4665,0.312,36.4202,0
PM-001,218,1.4429,0.3145,36.2515,0
PM-001,219,1.4337,0.3281,36.0853,0
PM-001,220,1.4492,0.3021,35.4705,0
PM-001,221,1.45,0.3532,36.4746,0
PM-001,222,1.4534,0.313,36.246,0
PM-001,223,1.4647,0.2993,36.5735,0
PM-001,224,1.4681,0.3277,36.3708,0
PM-001,225,1.4542,0.3271,36.4168,0
PM-001,226,1.4467,0.3084,36.2698,0
PM-001,227,1.4848,0.2984,35.799,0
PM-001,228,1.4571,0.3177,36.2912,0
PM-001,229,1.4587,0.3136,36.6862,0
PM-001,230,1.4218,0.3045,36.2083,0
PM-001,231,1.4209,0.3143,36.7377,0
PM-001,232,1.4542,0.3204,35.8612,0
PM-001,233,1.4414,0.3113,36.1439,0
PM-001,234,1.4794,0.3253,35.9058,0
PM-001,235,1.4587,0.3244,36.5813,0
PM-001,236,1.4854,0.3017,35.996,0
PM-001,237,1.4286,0.3135,36.3791,0
PM-001,238,1.4735,0.3158,36.1433,0
PM-001,239,1.4568,0.3044,36.8661,0
PM-001,240,1.4216,0.3197,36.8463,0
PM-001,241,1.4539,0.3141,36.132,0
PM-001,242,1.4502,0.3376,35.5757,0
PM-001,243,1.4844,0.2956,36.1592,0
PM-001,244,1.4452,0.3258,35.7598,0
PM-001,245,1.463,0.3473,35.8303,0
PM-001,246,1.4576,0.307,36.367,0
PM-001,247,1.4542,0.3073,36.3856,0
PM-001,248,1.4899,0.3141,36.4552,0
PM-001,249,1.4279,0.3026,36.381,0
PM-001,250,1.4835,0.3223,36.1453,0
PM-001,251,1.4538,0.2982,36.4206,0
PM-001,252,1.4714,0.3102,36.0982,0
PM-001,253,1.4591,0.3104,36.2194,0
PM-001,254,1.4958,0.3133,36.1317,0
PM-001,255,1.4408,0.3281,36.1849,0
PM-001,256,1.4408,0.3368,36.6651,0
PM-001,257,1.4418,0.289,36.5415,0
PM-001,258,1.4401,0.3288,35.6482,0
PM-001,259,1.4716,0.2988,36.4585,0
PM-001,260,1.4541,0.3027,36.1171,0
PM-001,261,1.4675,0.3186,36.4146,0
PM-001,262,1.4933,0.2935,36.7244,0
PM-001,263,1.4559,0.3035,35.8401,0
PM-001,264,1.45,0.3308,36.201,0
PM-001,265,1.484,0.2952,36.2356,0
PM-001,266,1.4287,0.3224,36.5053,0
PM-001,267,1.4454,0.2779,36.2989,0
PM-001,268,1.4625,0.323,36.61,0
PM-001,269,1.4324,0.3272,36.597,0
PM-001,270,1.4182,0.3218,36.088,0
PM-001,271,1.4521,0.3222,36.0931,0
PM-001,272,1.4403,0.3175,35.9131,0
PM-001,273,1.4321,0.3272,35.8946,0
PM-001,274,1.4671,0.3239,35.7215,0
PM-001,275,1.4402,0.3349,35.9449,0
PM-001,276,1.4445,0.3239,36.4743,0
PM-001,277,1.4487,0.308,36.6659,0
PM-001,278,1.4885,0.3316,36.2648,0
PM-001,279,1.4376,0.3045,36.396,0
PM-001,280,1.4621,0.338,36.4344,0
PM-001,281,1.4237,0.3327,35.9398,0
PM-001,282,1.4461,0.3207,36.8379,0
PM-001,283,1.516,0.3261,36.1843,0
PM-001,284,1.4645,0.3303,36.143,0
PM-001,285,1.4897,0.3204,36.3886,0
PM-001,286,1.4671,0.3233,36.4909,0
PM-001,287,1.4414,0.3086,35.9092,0
PM-001,288,1.4626,0.3286,36.3766,0
PM-001,289,1.4873,0.3169,36.4399,0
PM-001,290,1.4319,0.3112,36.4479,0
PM-001,291,1.4708,0.3126,36.2178,0
PM-001,292,1.4234,0.3116,36.5064,0
PM-001,293,1.4653,0.3245,36.2542,0
PM-001,294,1.4539,0.3071,36.4489,0
PM-001,295,1.4622,0.3243,36.0814,0
PM-001,296,1.4107,0.3334,36.0956,0
PM-001,297,1.4365,0.3274,36.1216,0
PM-001,298,1.475,0.3262,36.4443,0
PM-001,299,1.4265,0.3351,36.3176,0
PM-001,300,1.4464,0.3191,35.7064,0
PM-001,301,1.4619,0.3015,35.8334,0
PM-001,302,1.4233,0.3337,36.0505,0
PM-001,303,1.4844,0.3089,35.727,0
PM-001,304,1.4314,0.3355,36.1925,0
PM-001,305,1.4428,0.3194,36.3898,0
PM-001,306,1.4761,0.3387,36.1313,0
PM-001,307,1.4273,0.3108,36.3173,0
PM-001,308,1.4345,0.3026,36.3424,0
PM-001,309,1.4528,0.3175,36.0117,0
PM-001,310,1.4492,0.3031,36.5063,0
PM-001,311,1.4745,0.2893,35.9604,0
PM-001,312,1.4238,0.3072,36.2142,0
PM-001,313,1.4248,0.3031,35.9381,0
PM-001,314,1.4579,0.318,36.0227,0
PM-001,315,1.4573,0.3088,36.1577,0
PM-001,316,1.4872,0.3371,35.8494,0
PM-001,317,1.4704,0.3291,35.8948,0
PM-001,318,1.4701,0.34,35.9025,0
PM-001,319,1.4354,0.3322,36.3207,0
PM-001,320,1.4648,0.3221,36.3564,0
PM-001,321,1.4272,0.3327,36.5901,0
PM-001,322,1.4492,0.3163,35.7799,0
PM-001,323,1.4641,0.3255,36.2206,0
PM-001,324,1.4763,0.312,36.4086,0
PM-001,325,1.4334,0.3166,36.1869,0
PM-001,326,1.4583,0.3114,36.1998,0
PM-001,327,1.4703,0.3104,35.7573,0
PM-001,328,1.4888,0.3377,35.8516,0
PM-001,329,1.4676,0.3094,36.3183,0
PM-001,330,1.4597,0.3134,36.0041,0
PM-001,331,1.44,0.3032,35.9897,0
PM-001,332,1.4524,0.3062,36.4439,0
PM-001,333,1.4835,0.3083,36.3111,0
PM-001,334,1.4638,0.324,36.262,0
PM-001,335,1.4686,0.3242,35.8679,0
PM-001,336,1.4712,0.3303,36.0103,0
PM-001,337,1.4545,0.3272,36.1764,0
PM-001,338,1.4752,0.3524,36.0034,0
PM-001,339,1.4262,0.3215,36.4557,0
PM-001,340,1.4492,0.3388,35.8377,0
PM-001,341,1.4676,0.3079,36.7551,0
PM-001,342,1.4936,0.3055,36.0744,0
PM-001,343,1.471,0.3112,36.2256,0
PM-001,344,1.4543,0.2882,36.2351,0
PM-001,345,1.44,0.3096,36.6723,0
PM-001,346,1.4286,0.3292,36.1555,0
PM-001,347,1.4482,0.3288,36.3413,0
PM-001,348,1.4652,0.3315,36.1398,0
PM-001,349,1.4415,0.3007,35.9916,0
PM-001,350,1.5128,0.3356,35.8339,0
PM-001,351,1.4273,0.3242,36.4034,0
PM-001,352,1.4647,0.3131,36.2016,0
PM-001,353,1.4603,0.3183,35.5734,0
PM-001,354,1.4492,0.3042,36.2918,0
PM-001,355,1.5135,0.3225,36.1452,0
PM-001,356,1.4722,0.3242,36.3653,0
PM-001,357,1.4659,0.3478,35.9,0
PM-001,358,1.4632,0.3031,36.4059,0
PM-001,359,1.4354,0.3107,36.1507,0
PM-001,360,1.4733,0.3307,35.8655,0
PM-001,361,1.4549,0.3063,35.8617,0
PM-001,362,1.4494,0.3123,36.9673,0
PM-001,363,1.4624,0.2963,36.0698,0
PM-001,364,1.4742,0.3483,35.7634,0
PM-001,365,1.4162,0.345,36.3561,0
PM-001,366,1.4364,0.325,35.4485,0
PM-001,367,1.4538,0.3219,36.5165,0
PM-001,368,1.4335,0.3183,35.9616,0
PM-001,369,1.4589,0.3035,36.1168,0
PM-001,370,1.4339,0.3267,36.4968,0
PM-001,371,1.4491,0.3175,35.8047,0
PM-001,372,1.4478,0.3162,37.0255,0
PM-001,373,1.4315,0.3389,36.5383,0
PM-001,374,1.4594,0.3433,36.3509,0
PM-001,375,1.4616,0.3162,36.6063,0
PM-001,376,1.4757,0.3076,35.8435,0
PM-001,377,1.4497,0.305,36.2202,0
PM-001,378,1.4785,0.3101,36.2264,0
PM-001,379,1.4549,0.3297,35.5652,0
PM-001,380,1.4416,0.3201,36.5993,0
PM-001,381,1.4439,0.2888,36.4252,0
PM-001,382,1.4411,0.2991,36.0519,0
PM-001,383,1.4501,0.3079,35.5776,0
PM-001,384,1.4717,0.3361,36.4347,0
PM-001,385,1.431,0.3139,36.2373,0
PM-001,386,1.4657,0.327,36.019,0
PM-001,387,1.4554,0.3238,36.676,0
PM-001,388,1.4679,0.3288,36.2644,0
PM-001,389,1.482,0.3231,35.9809,0
PM-001,390,1.4818,0.3274,36.1063,0
PM-001,391,1.4442,0.3214,36.3782,0
PM-001,392,1.4577,0.3216,36.7492,0
PM-001,393,1.4752,0.3198,36.5216,0
PM-001,394,1.4331,0.3229,36.782,0
PM-001,395,1.4494,0.3043,36.0436,0
PM-001,396,1.432,0.3052,36.1281,0
PM-001,397,1.4257,0.3172,36.5099,0
PM-001,398,1.4356,0.3398,36.3925,0
PM-001,399,1.4744,0.3071,36.4956,0
PM-001,400,1.4319,0.3303,36.2908,0
PM-001,401,1.4648,0.2993,35.9707,0
PM-001,402,1.4657,0.3027,36.3782,0
PM-001,403,1.4264,0.3297,35.8695,0
PM-001,404,1.4648,0.3263,36.0302,0
PM-001,405,1.4654,0.3209,36.0776,0
PM-001,406,1.4336,0.2875,36.3441,0
PM-001,407,1.4225,0.3184,36.1602,0
PM-001,408,1.4674,0.3124,36.1404,0
PM-001,409,1.4684,0.322,36.3341,0
PM-001,410,1.4632,0.2939,36.4663,0
PM-001,411,1.466,0.3017,36.166,0
PM-001,412,1.453,0.3149,36.3394,0
PM-001,413,1.4824,0.3332,35.8456,0
PM-001,414,1.4662,0.3369,36.3553,0
PM-001,415,1.4756,0.3471,36.5464,0
PM-001,416,1.4588,0.3326,36.2827,0
PM-001,417,1.4542,0.3117,36.7083,0
PM-001,418,1.4374,0.34,36.3892,0
PM-001,419,1.4258,0.3225,35.6092,0
PM-001,420,1.4663,0.3302,36.0615,0
PM-001,421,1.4562,0.3463,36.0875,0
PM-001,422,1.4326,0.3392,36.828,0
PM-001,423,1.4538,0.3321,36.6417,0
PM-001,424,1.4389,0.3097,36.6085,0
PM-001,425,1.4875,0.3254,35.9753,0
PM-001,426,1.4935,0.309,36.1387,0
PM-001,427,1.4606,0.3403,36.4954,0
PM-001,428,1.4621,0.3239,36.2523,0
PM-001,429,1.4649,0.279,36.1503,0
PM-001,430,1.4586,0.2997,36.3551,0
PM-001,431,1.4497,0.3433,36.7111,0
PM-001,432,1.4445,0.3147,36.2171,0
PM-001,433,1.4447,0.3199,36.0118,0
PM-001,434,1.4312,0.3263,36.4281,0
PM-001,435,1.4377,0.3304,36.0498,0
PM-001,436,1.4588,0.3293,36.2292,0
PM-001,437,1.4629,0.3092,36.1803,0
PM-001,438,1.4497,0.3058,36.1862,0
PM-001,439,1.4228,0.3096,36.1538,0
PM-001,440,1.4486,0.3133,36.2207,0
PM-001,441,1.4634,0.3301,36.0443,0
PM-001,442,1.4297,0.3013,36.0931,0
PM-001,443,1.4467,0.3054,35.8504,0
PM-001,444,1.4446,0.3197,36.4177,0
PM-001,445,1.4426,0.3108,35.9612,0
PM-001,446,1.4531,0.3042,36.4112,0
PM-001,447,1.4181,0.3116,36.3296,0
PM-001,448,1.4574,0.3574,36.3442,0
PM-001,449,1.4337,0.3155,35.7064,0
PM-001,450,1.4522,0.3045,36.5139,0
PM-001,451,1.4428,0.3152,36.0486,0
PM-001,452,1.4885,0.3121,36.789,0
PM-001,453,1.4701,0.3242,36.3499,0
PM-001,454,1.4616,0.2881,36.1556,0
PM-001,455,1.4707,0.3162,35.8177,0
PM-001,456,1.4527,0.3425,36.6133,0
PM-001,457,1.4525,0.3312,36.1293,0
PM-001,458,1.4197,0.3031,36.7081,0
PM-001,459,1.4483,0.3133,36.1493,0
PM-001,460,1.4919,0.3414,36.9049,0
PM-001,461,1.4506,0.3214,35.7842,0
PM-001,462,1.4833,0.2994,36.3043,0
PM-001,463,1.4318,0.3081,35.9881,0
PM-001,464,1.4416,0.3089,36.0748,0
PM-001,465,1.4704,0.3004,36.3054,0
PM-001,466,1.4781,0.3093,36.0239,0
PM-001,467,1.4492,0.3347,36.2975,0
PM-001,468,1.4431,0.3242,35.9085,0
PM-001,469,1.4674,0.3231,36.1469,0
PM-001,470,1.437,0.3037,36.3997,0
PM-001,471,1.4784,0.3074,36.3768,0
PM-001,472,1.412,0.3082,36.2299,0
PM-001,473,1.4356,0.3029,36.0389,0
PM-001,474,1.4596,0.3142,35.5678,0
PM-001,475,1.4114,0.3079,36.3765,0
PM-001,476,1.3988,0.3095,36.0814,0
PM-001,477,1.4815,0.3112,36.3541,0
PM-001,478,1.4566,0.285,36.4697,0
PM-001,479,1.4581,0.3246,37.4171,0
PM-002,0,1.3984,0.2944,39.4269,0
PM-002,1,1.3899,0.2678,39.6592,0
PM-002,2,1.399,0.288,39.3453,0
PM-002,3,1.3777,0.2916,39.2294,0
PM-002,4,1.3899,0.2673,39.3814,0
PM-002,5,1.4254,0.2873,38.7693,0
PM-002,6,1.3817,0.2782,39.669,0
PM-002,7,1.3979,0.2776,38.6976,0
PM-002,8,1.3897,0.2661,38.8987,0
PM-002,9,1.4052,0.2786,39.7095,0
PM-002,10,1.4244,0.2755,38.9246,0
PM-002,11,1.4305,0.3095,38.5414,0
PM-002,12,1.4047,0.2809,39.3944,0
PM-002,13,1.4417,0.2774,38.5814,0
PM-002,14,1.4144,0.3055,39.1085,0
PM-002,15,1.3887,0.2781,39.4547,0
PM-002,16,1.3937,0.2896,39.208,0
PM-002,17,1.4013,0.2952,39.0561,0
PM-002,18,1.3942,0.2966,38.9036,0
PM-002,19,1.3852,0.2657,39.4543,0
PM-002,20,1.4007,0.2649,39.4558,0
PM-002,21,1.3917,0.2716,39.1409,0
PM-002,22,1.4324,0.2787,39.3722,0
PM-002,23,1.4174,0.2913,39.581,0
PM-002,24,1.3887,0.269,38.8807,0
PM-002,25,1.3999,0.2704,39.2439,0
PM-002,26,1.4044,0.2999,39.287,0
PM-002,27,1.3945,0.2908,38.8906,0
PM-002,28,1.4021,0.2894,39.2384,0
PM-002,29,1.4111,0.275,39.5452,0
PM-002,30,1.4393,0.2606,38.835,0
PM-002,31,1.4037,0.2808,39.7686,0
PM-002,32,1.4072,0.3055,38.5849,0
PM-002,33,1.4191,0.2739,38.9802,0
PM-002,34,1.3978,0.2633,39.3325,0
PM-002,35,1.4066,0.2886,39.4657,0
PM-002,36,1.4331,0.2792,39.3428,0
PM-002,37,1.4087,0.2903,39.3174,0
PM-002,38,1.4346,0.2777,38.7419,0
PM-002,39,1.3889,0.296,39.2066,0
PM-002,40,1.3935,0.2685,39.266,0
PM-002,41,1.4157,0.2892,39.1236,0
PM-002,42,1.4057,0.2867,39.2565,0
PM-002,43,1.3791,0.2876,39.0675,0
PM-002,44,1.4236,0.2866,39.4503,0
PM-002,45,1.3968,0.2806,39.6479,0
PM-002,46,1.4115,0.2739,39.4687,0
PM-002,47,1.3922,0.288,39.7506,0
PM-002,48,1.3742,0.282,39.3221,0
PM-002,49,1.4181,0.266,38.7389,0
PM-002,50,1.4246,0.2738,38.971,0
PM-002,51,1.4338,0.2857,39.2225,0
PM-002,52,1.3992,0.2663,39.4023,0
PM-002,53,1.411,0.2872,39.1647,0
PM-002,54,1.397,0.2983,39.1573,0
PM-002,55,1.4015,0.2926,39.262,0
PM-002,56,1.4357,0.2582,39.2896,0
PM-002,57,1.3887,0.2705,39.0625,0
PM-002,58,1.4039,0.2861,38.7444,0
PM-002,59,1.392,0.2889,38.9366,0
PM-002,60,1.3805,0.2508,39.0007,0
PM-002,61,1.3798,0.2699,39.1181,0
PM-002,62,1.3908,0.2671,38.5649,0
PM-002,63,1.4089,0.2959,39.0806,0
PM-002,64,1.3975,0.2847,39.6733,0
PM-002,65,1.3715,0.2784,38.683,0
PM-002,66,1.4101,0.2825,39.2605,0
PM-002,67,1.4059,0.2995,39.3611,0
PM-002,68,1.4194,0.2687,39.5576,0
PM-002,69,1.3884,0.2747,39.2809,0
PM-002,70,1.4089,0.2686,39.1477,0
PM-002,71,1.4326,0.2626,39.6452,0
PM-002,72,1.398,0.2496,38.7896,0
PM-002,73,1.3835,0.2753,39.1682,0
PM-002,74,1.3487,0.2874,38.8831,0
PM-002,75,1.4306,0.2806,39.4825,0
PM-002,76,1.425,0.3009,39.0297,0
PM-002,77,1.3912,0.2813,39.3905,0
PM-002,78,1.3926,0.2828,39.2817,0
PM-002,79,1.3847,0.2701,39.1522,0
PM-002,80,1.4023,0.2911,39.4012,0
PM-002,81,1.3808,0.2725,38.9084,0
PM-002,82,1.4311,0.2828,39.2045,0
PM-002,83,1.404,0.2739,39.6689,0
PM-002,84,1.411,0.2852,38.8681,0
PM-002,85,1.3796,0.28,38.9896,0
PM-002,86,1.3815,0.2791,39.1347,0
PM-002,87,1.4057,0.2771,38.8974,0
PM-002,88,1.3834,0.3028,38.8241,0
PM-002,89,1.4101,0.2924,39.1633,0
PM-002,90,1.4382,0.2922,39.7525,0
PM-002,91,1.3898,0.2751,39.3579,0
PM-002,92,1.3976,0.3099,39.3021,0
PM-002,93,1.3819,0.2586,39.1762,0
PM-002,94,1.401,0.2893,39.5628,0
PM-002,95,1.4244,0.276,38.8115,0
PM-002,96,1.3781,0.2736,39.0896,0
PM-002,97,1.4089,0.2726,39.2838,0
PM-002,98,1.4101,0.2868,38.8611,0
PM-002,99,1.4122,0.3159,39.2734,0
PM-002,100,1.3438,0.3032,38.9888,0
PM-002,101,1.4481,0.2864,38.6942,0
PM-002,102,1.3615,0.3077,39.5314,0
PM-002,103,1.4473,0.2848,39.1827,0
PM-002,104,1.3952,0.2748,39.0819,0
PM-002,105,1.4072,0.272,38.6989,0
PM-002,106,1.406,0.2716,38.2278,0
PM-002,107,1.4139,0.268,39.3982,0
PM-002,108,1.4156,0.2889,39.9487,0
PM-002,109,1.4001,0.2804,39.4047,0
PM-002,110,1.4017,0.302,38.819,0
PM-002,111,1.3778,0.2961,38.8502,0
PM-002,112,1.415,0.2902,38.9913,0
PM-002,113,1.4102,0.2661,38.8997,0
PM-002,114,1.3981,0.2858,39.1085,0
PM-002,115,1.4115,0.2905,39.6584,0
PM-002,116,1.4009,0.3026,39.4759,0
PM-002,117,1.4487,0.2827,39.0735,0
PM-002,118,1.428,0.2904,39.5841,0
PM-002,119,1.4172,0.253,39.3125,0
PM-002,120,1.409,0.2866,39.16,0
PM-002,121,1.371,0.2977,39.3118,0
PM-002,122,1.4249,0.2616,39.3518,0
PM-002,123,1.3981,0.2868,39.1327,0
PM-002,124,1.4137,0.2822,38.8841,0
PM-002,125,1.4045,0.2814,39.1746,0
PM-002,126,1.3391,0.2949,39.1052,0
PM-002,127,1.3759,0.2985,39.3905,0
PM-002,128,1.3963,0.2674,39.253,0
PM-002,129,1.4053,0.2985,39.0665,0
PM-002,130,1.4267,0.2765,38.7959,0
PM-002,131,1.3802,0.2837,39.18,0
PM-002,132,1.4094,0.2833,39.4928,0
PM-002,133,1.3976,0.2547,39.1633,0
PM-002,134,1.3627,0.2887,39.5168,0
PM-002,135,1.3831,0.3059,39.4525,0
PM-002,136,1.4269,0.2875,38.9018,0
PM-002,137,1.4184,0.2753,39.235,0
PM-002,138,1.3994,0.3015,39.4187,0
PM-002,139,1.4012,0.2554,39.0091,0
PM-002,140,1.4169,0.2888,38.7487,0
PM-002,141,1.3667,0.2876,38.8825,0
PM-002,142,1.3836,0.2947,39.5603,0
PM-002,143,1.3878,0.284,39.1774,0
PM-002,144,1.3995,0.2852,39.4266,0
PM-002,145,1.3893,0.2618,39.7066,0
PM-002,146,1.4246,0.2681,39.2403,0
PM-002,147,1.423,0.2959,39.3382,0
PM-002,148,1.3994,0.3105,39.2659,0
PM-002,149,1.3925,0.2977,39.2285,0
PM-002,150,1.4098,0.2877,39.3487,0
PM-002,151,1.3832,0.2629,39.6299,0
PM-002,152,1.4078,0.2962,38.6717,0
PM-002,153,1.4242,0.2768,38.9578,0
PM-002,154,1.4015,0.27,39.1991,0
PM-002,155,1.4001,0.3005,39.6536,0
PM-002,156,1.4324,0.2507,38.9191,0
PM-002,157,1.3573,0.2667,39.0048,0
PM-002,158,1.411,0.2768,39.052,0
PM-002,159,1.4065,0.259,38.9481,0
PM-002,160,1.3927,0.2816,39.2227,0
PM-002,161,1.4328,0.2983,38.9688,0
PM-002,162,1.3976,0.2797,39.0454,0
PM-002,163,1.4083,0.2567,39.4639,0
PM-002,164,1.4367,0.2806,39.1128,0
PM-002,165,1.406,0.2999,39.1023,0
PM-002,166,1.4215,0.292,39.9081,0
PM-002,167,1.3962,0.255,38.7698,0
PM-002,168,1.4031,0.3001,39.0039,0
PM-002,169,1.3982,0.2949,38.9101,0
PM-002,170,1.3906,0.2671,39.5531,0
PM-002,171,1.4337,0.2609,39.157,0
PM-002,172,1.431,0.2906,39.0529,0
PM-002,173,1.3719,0.3019,39.3078,0
PM-002,174,1.3734,0.3025,38.7195,0
PM-002,175,1.3984,0.2807,39.6852,0
PM-002,176,1.3976,0.2807,38.7907,0
PM-002,177,1.39,0.2724,38.9701,0
PM-002,178,1.4029,0.2481,38.7466,0
PM-002,179,1.4006,0.2865,39.1296,0
PM-002,180,1.402,0.2785,39.1941,0
PM-002,181,1.4115,0.291,38.993,0
PM-002,182,1.4211,0.287,39.5693,0
PM-002,183,1.4315,0.263,38.9419,0
PM-002,184,1.4191,0.2597,39.6257,0
PM-002,185,1.3959,0.2933,39.1647,0
PM-002,186,1.375,0.3005,40.0249,0
PM-002,187,1.3925,0.2798,38.4049,0
PM-002,188,1.4298,0.2983,38.6796,0
PM-002,189,1.3615,0.2554,39.3932,0
PM-002,190,1.4177,0.2708,39.3494,0
PM-002,191,1.406,0.2791,39.4907,0
PM-002,192,1.3787,0.3018,38.9811,0
PM-002,193,1.4416,0.2696,39.0942,0
PM-002,194,1.4102,0.2854,39.3469,0
PM-002,195,1.3865,0.2841,39.2411,0
PM-002,196,1.4048,0.2907,38.7957,0
PM-002,197,1.4119,0.2733,39.1026,0
PM-002,198,1.4505,0.3066,39.5808,0
PM-002,199,1.4154,0.2982,39.2333,0
PM-002,200,1.4287,0.2835,39.7272,0
PM-002,201,1.4583,0.2958,39.1485,0
PM-002,202,1.4349,0.2926,39.0432,0
PM-002,203,1.456,0.2708,39.3172,0
PM-002,204,1.3945,0.2764,39.8229,0
PM-002,205,1.4642,0.3077,38.9994,0
PM-002,206,1.4486,0.3039,39.3896,0
PM-002,207,1.4599,0.3091,38.8875,0
PM-002,208,1.4491,0.2583,38.8711,0
PM-002,209,1.4774,0.2709,39.4203,0
PM-002,210,1.4922,0.282,39.3556,0
PM-002,211,1.4771,0.2663,39.0147,0
PM-002,212,1.4452,0.2766,39.4145,0
PM-002,213,1.4565,0.2841,38.8869,0
PM-002,214,1.4961,0.2765,39.6565,0
PM-002,215,1.4759,0.2635,39.1483,0
PM-002,216,1.4566,0.2935,39.1212,0
PM-002,217,1.4842,0.2791,39.033,0
PM-002,218,1.4646,0.2972,39.1477,0
PM-002,219,1.4809,0.2817,38.996,0
PM-002,220,1.4841,0.2877,38.8894,0
PM-002,221,1.4757,0.3053,39.0908,0
PM-002,222,1.4855,0.2645,39.4548,0
PM-002,223,1.4786,0.2844,38.6872,0
PM-002,224,1.5192,0.3023,39.345,0
PM-002,225,1.4753,0.2972,38.9514,0
PM-002,226,1.4856,0.2789,39.0786,0
PM-002,227,1.5021,0.3037,39.8032,0
PM-002,228,1.4879,0.2743,39.2425,0
PM-002,229,1.5107,0.2906,39.4744,0
PM-002,230,1.5366,0.2938,39.6974,0
PM-002,231,1.4929,0.3068,39.0757,0
PM-002,232,1.5435,0.2692,38.9271,0
PM-002,233,1.5442,0.2557,39.4965,0
PM-002,234,1.5593,0.2873,39.2422,0
PM-002,235,1.5205,0.2948,39.3039,0
PM-002,236,1.5219,0.2804,39.1518,0
PM-002,237,1.5356,0.2679,39.4093,0
PM-002,238,1.5417,0.2907,39.0262,0
PM-002,239,1.5592,0.2955,39.5635,0
PM-002,240,1.5624,0.2916,38.9777,0
PM-002,241,1.5733,0.2925,39.1481,0
PM-002,242,1.5556,0.2928,39.1533,0
PM-002,243,1.6007,0.2852,38.9553,0
PM-002,244,1.593,0.2973,39.0645,0
PM-002,245,1.5891,0.2837,39.4461,0
PM-002,246,1.5725,0.3141,39.3334,0
PM-002,247,1.5621,0.325,39.0346,0
PM-002,248,1.586,0.3299,39.6133,0
PM-002,249,1.5756,0.3203,39.0918,0
PM-002,250,1.6341,0.3272,39.2249,0
PM-002,251,1.5934,0.3237,39.3307,0
PM-002,252,1.5855,0.3137,39.1541,0
PM-002,253,1.5706,0.3325,38.9591,0
PM-002,254,1.5754,0.3236,39.1606,0
PM-002,255,1.6047,0.3174,39.0819,0
PM-002,256,1.6167,0.3374,39.3765,0
PM-002,257,1.6066,0.3326,39.2688,0
PM-002,258,1.5959,0.3542,39.5991,0
PM-002,259,1.6281,0.3278,39.3614,0
PM-002,260,1.6349,0.318,39.708,0
PM-002,261,1.5837,0.349,39.6356,0
PM-002,262,1.6193,0.3382,39.3999,0
PM-002,263,1.6617,0.3383,38.9654,0
PM-002,264,1.6193,0.3213,39.469,0
PM-002,265,1.6207,0.3436,39.4725,0
PM-002,266,1.6265,0.3602,38.8882,0
PM-002,267,1.6564,0.356,39.1731,0
PM-002,268,1.6429,0.3337,39.232,0
PM-002,269,1.6406,0.3362,38.9983,0
PM-002,270,1.644,0.348,38.476,0
PM-002,271,1.6712,0.3571,38.5175,0
PM-002,272,1.6955,0.3799,39.0949,0
PM-002,273,1.6391,0.3694,39.2603,0
PM-002,274,1.6699,0.3529,39.529,0
PM-002,275,1.6527,0.3778,38.9606,0
PM-002,276,1.7183,0.3801,40.0649,0
PM-002,277,1.685,0.3633,39.4485,0
PM-002,278,1.6896,0.3794,39.3888,0
PM-002,279,1.6899,0.361,38.8802,0
PM-002,280,1.6619,0.3799,39.1327,0
PM-002,281,1.6614,0.3917,39.2846,0
PM-002,282,1.6874,0.3783,39.0862,0
PM-002,283,1.6704,0.3982,38.9886,0
PM-002,284,1.6945,0.4112,39.1,0
PM-002,285,1.7127,0.3969,39.2931,0
PM-002,286,1.7052,0.389,39.2101,0
PM-002,287,1.6887,0.3932,39.0241,0
PM-002,288,1.7229,0.3691,39.344,0
PM-002,289,1.7127,0.4004,39.507,0
PM-002,290,1.7033,0.4026,38.6847,0
PM-002,291,1.7039,0.4137,38.7979,0
PM-002,292,1.7185,0.3928,39.1663,0
PM-002,293,1.7061,0.3863,39.3259,0
PM-002,294,1.7206,0.4163,39.5005,0
PM-002,295,1.7492,0.4112,39.6948,0
PM-002,296,1.7083,0.4249,39.5041,0
PM-002,297,1.7356,0.4201,39.1302,0
PM-002,298,1.7101,0.4411,39.4199,0
PM-002,299,1.7335,0.401,39.078,0
PM-002,300,1.7386,0.4145,39.5752,0
PM-002,301,1.7452,0.4591,39.5251,0
PM-002,302,1.7782,0.4484,39.9049,0
PM-002,303,1.745,0.4055,39.8743,0
PM-002,304,1.7732,0.4542,39.498,0
PM-002,305,1.7511,0.4159,39.645,0
PM-002,306,1.7724,0.4219,39.6399,0
PM-002,307,1.7781,0.441,40.0442,0
PM-002,308,1.7523,0.4557,39.9957,0
PM-002,309,1.816,0.4408,39.3434,0
PM-002,310,1.724,0.4498,40.4856,0
PM-002,311,1.759,0.4741,40.6465,0
PM-002,312,1.782,0.4527,40.468,0
PM-002,313,1.8187,0.457,40.3081,0
PM-002,314,1.7975,0.4569,40.5811,0
PM-002,315,1.7558,0.4556,40.494,0
PM-002,316,1.7889,0.4647,40.9843,0
PM-002,317,1.7962,0.4654,40.9419,0
PM-002,318,1.7998,0.4438,40.6969,0
PM-002,319,1.7557,0.4247,40.6641,0
PM-002,320,1.7559,0.4416,40.5023,0
PM-002,321,1.7915,0.4612,41.0022,0
PM-002,322,1.8138,0.4529,41.1268,0
PM-002,323,1.7836,0.4709,40.3105,0
PM-002,324,1.8204,0.4649,41.1493,0
PM-002,325,1.8329,0.4629,40.643,0
PM-002,326,1.8153,0.5019,41.4145,0
PM-002,327,1.8053,0.4879,40.4615,0
PM-002,328,1.8189,0.4641,41.3538,0
PM-002,329,1.8051,0.4865,41.0853,0
PM-002,330,1.8306,0.5072,41.665,0
PM-002,331,1.8343,0.479,40.7372,0
PM-002,332,1.8402,0.5156,41.2027,0
PM-002,333,1.858,0.4674,41.163,0
PM-002,334,1.8558,0.4921,41.5929,0
PM-002,335,1.8376,0.4663,41.7342,0
PM-002,336,1.8341,0.5022,41.5849,0
PM-002,337,1.8227,0.5125,41.3318,1
PM-002,338,1.8602,0.4934,42.0406,1
PM-002,339,1.8891,0.4737,42.2835,1
PM-002,340,1.8518,0.5345,41.5811,1
PM-002,341,1.8616,0.5013,41.5898,1
PM-002,342,1.9221,0.506,41.6714,1
PM-002,343,1.8762,0.4947,42.2934,1
PM-002,344,1.8484,0.5021,42.1473,1
PM-002,345,1.8818,0.5216,42.3783,1
PM-002,346,1.9041,0.5175,42.5973,1
PM-002,347,1.8746,0.516,42.0134,1
PM-002,348,1.8883,0.5036,41.5995,1
PM-002,349,1.9018,0.5122,42.6991,1
PM-002,350,1.8951,0.52,42.5071,1
PM-002,351,1.9077,0.5233,42.0387,1
PM-002,352,1.976,0.5334,42.6083,1
PM-002,353,1.8855,0.5214,42.9688,1
PM-002,354,1.937,0.539,42.2727,1
PM-002,355,1.9075,0.5241,42.0922,1
PM-002,356,1.9338,0.5444,42.7121,1
PM-002,357,1.9117,0.5422,42.4138,1
PM-002,358,1.907,0.5655,42.6319,1
PM-002,359,1.9348,0.5551,42.6878,1
PM-002,360,1.9326,0.5283,42.4308,1
PM-002,361,1.912,0.5558,42.773,1
PM-002,362,1.9161,0.5575,42.9668,1
PM-002,363,1.9233,0.5505,43.02,1
PM-002,364,1.9231,0.5615,42.9983,1
PM-002,365,1.9235,0.5583,43.0697,1
PM-002,366,1.934,0.5489,42.7096,1
PM-002,367,1.9407,0.559,42.9009,1
PM-002,368,1.9231,0.551,42.9911,1
PM-002,369,1.9723,0.5723,43.4193,1
PM-002,370,1.9443,0.5676,42.4936,1
PM-002,371,1.9708,0.5767,43.1671,1
PM-002,372,1.9712,0.5469,43.0843,1
PM-002,373,1.9838,0.5794,43.2532,1
PM-002,374,1.9878,0.5759,43.2775,1
PM-002,375,1.971,0.5691,43.1258,1
PM-002,376,2.003,0.5694,43.2833,1
PM-002,377,1.9504,0.5405,43.7955,1
PM-002,378,1.9999,0.6,43.5924,1
PM-002,379,1.9808,0.5766,43.5643,1
PM-002,380,2.0127,0.5859,43.8547,1
PM-002,381,1.9846,0.6082,43.222,1
PM-002,382,1.9722,0.5962,44.3707,1
PM-002,383,1.9952,0.5799,44.1978,1
PM-002,384,2.0093,0.614,43.5625,1
PM-002,385,2.0302,0.5735,43.9153,1
PM-002,386,2.0173,0.6016,44.372,1
PM-002,387,1.9757,0.603,44.4658,1
PM-002,388,2.0165,0.5858,44.4602,1
PM-002,389,2.0055,0.5927,43.925,1
PM-002,390,2.0176,0.6099,43.8814,1
PM-002,391,2.0034,0.5988,44.0277,1
PM-002,392,2.0286,0.6167,44.4335,1
PM-002,393,2.0354,0.6385,44.5455,1
PM-002,394,2.0497,0.6092,44.7537,1
PM-002,395,2.0279,0.6237,44.1111,1
PM-002,396,2.0436,0.605,44.8554,1
PM-002,397,2.061,0.6147,45.2416,1
PM-002,398,2.0408,0.5996,44.4451,1
PM-002,399,2.0288,0.6316,44.3603,1
PM-002,400,2.042,0.6327,44.8246,1
PM-002,401,2.0557,0.6319,44.7239,1
PM-002,402,2.027,0.6262,45.0278,1
PM-002,403,2.0595,0.6401,44.7632,1
PM-002,404,2.0852,0.598,45.0337,1
PM-002,405,2.0954,0.6609,44.9738,1
PM-002,406,2.045,0.661,45.0799,1
PM-002,407,2.0715,0.6292,44.7726,1
PM-002,408,2.0891,0.6547,45.2601,1
PM-002,409,2.0657,0.6307,44.822,1
PM-002,410,2.0729,0.6337,44.791,1
PM-002,411,2.1002,0.6311,45.6511,1
PM-002,412,2.0982,0.6574,45.9076,1
PM-002,413,2.0677,0.6682,45.3708,1
PM-002,414,2.148,0.6514,45.3494,1
PM-002,415,2.1082,0.6561,45.3367,1
PM-002,416,2.0834,0.6832,45.2673,1
PM-002,417,2.1104,0.6792,45.9997,1
PM-002,418,2.097,0.6624,45.6004,1
PM-002,419,2.0815,0.6756,45.7841,1
PM-002,420,2.1441,0.6573,46.1512,1
PM-002,421,2.1416,0.6724,45.2255,1
PM-002,422,2.1113,0.7006,46.0179,1
PM-002,423,2.1386,0.6745,45.9139,1
PM-002,424,2.0905,0.6899,46.3569,1
PM-002,425,2.1119,0.6774,45.9909,1
PM-002,426,2.1425,0.674,46.4165,1
PM-002,427,2.1386,0.646,46.322,1
PM-002,428,2.1602,0.669,46.3639,1
PM-002,429,2.18,0.6901,46.6359,1
PM-002,430,2.1377,0.6902,46.2841,1
PM-002,431,2.1419,0.6903,45.9084,1
PM-002,432,2.1462,0.7147,46.1605,1
PM-002,433,2.1346,0.6976,46.5351,1
PM-002,434,2.1666,0.6971,46.5754,1
PM-002,435,2.1552,0.6817,46.5845,1
PM-002,436,2.1798,0.7107,46.1347,1
PM-002,437,2.1735,0.6917,47.1277,1
PM-002,438,2.1781,0.7206,46.7685,1
PM-002,439,2.1734,0.7317,47.1061,1
PM-002,440,2.1802,0.7083,46.3542,1
PM-002,441,2.1874,0.7115,47.0846,1
PM-002,442,2.2012,0.734,47.0716,1
PM-002,443,2.1663,0.6853,46.7751,1
PM-002,444,2.217,0.747,47.0033,1
PM-002,445,2.1642,0.712,47.4681,1
PM-002,446,2.1847,0.7326,47.2294,1
PM-002,447,2.2139,0.7532,47.4078,1
PM-002,448,2.2058,0.7569,47.3878,1
PM-002,449,2.1901,0.7404,47.4693,1
PM-002,450,2.2029,0.7244,47.2977,1
PM-002,451,2.2016,0.7302,47.1864,1
PM-002,452,2.223,0.741,47.5949,1
PM-002,453,2.2172,0.7357,47.976,1
PM-002,454,2.2229,0.7594,47.2965,1
PM-002,455,2.2365,0.7315,47.4807,1
PM-002,456,2.2196,0.7375,47.5588,1
PM-002,457,2.2553,0.7474,47.8192,1
PM-002,458,2.2249,0.7617,47.9103,1
PM-002,459,2.231,0.7271,47.9208,1
PM-002,460,2.2518,0.7383,47.8194,1
PM-002,461,2.2542,0.7315,47.7654,1
PM-002,462,2.2541,0.7737,48.6679,1
PM-002,463,2.2889,0.7614,47.919,1
PM-002,464,2.2713,0.7531,47.8877,1
PM-002,465,2.2498,0.7569,48.2922,1
PM-002,466,2.247,0.7667,48.699,1
PM-002,467,2.2646,0.7903,48.6332,1
PM-002,468,2.2772,0.7643,48.6368,1
PM-002,469,2.2634,0.7717,48.4758,1
PM-002,470,2.2715,0.763,47.9707,1
PM-002,471,2.2939,0.7844,47.9647,1
PM-002,472,2.2629,0.7807,48.6657,1
PM-002,473,2.2506,0.7787,48.747,1
PM-002,474,2.277,0.786,48.4909,1
PM-002,475,2.3054,0.7722,48.3466,1
PM-002,476,2.2909,0.7648,48.1098,1
PM-002,477,2.3151,0.7736,48.3933,1
PM-002,478,2.2803,0.7776,48.8028,1
PM-002,479,2.2778,0.8,49.0914,1
PM-003,0,1.3407,0.276,38.3791,0
PM-003,1,1.3329,0.2829,38.7982,0
PM-003,2,1.3395,0.2652,37.9876,0
PM-003,3,1.3722,0.2594,38.1191,0
PM-003,4,1.3389,0.2534,38.4671,0
PM-003,5,1.3472,0.3056,38.8248,0
PM-003,6,1.3275,0.2782,38.166,0
PM-003,7,1.3272,0.2723,38.7546,0
PM-003,8,1.3751,0.25,38.5863,0
PM-003,9,1.2996,0.2715,38.4492,0
PM-003,10,1.3064,0.2927,38.7853,0
PM-003,11,1.3522,0.271,38.6873,0
PM-003,12,1.3681,0.279,38.9509,0
PM-003,13,1.3239,0.2898,38.5439,0
PM-003,14,1.2983,0.2789,38.5675,0
PM-003,15,1.3038,0.2819,38.4405,0
PM-003,16,1.3981,0.257,38.3447,0
PM-003,17,1.3536,0.277,38.9633,0
PM-003,18,1.3439,0.2703,38.2948,0
PM-003,19,1.3577,0.2597,38.8762,0
PM-003,20,1.3546,0.2771,38.6173,0
PM-003,21,1.3166,0.286,37.7948,0
PM-003,22,1.3506,0.2808,38.6417,0
PM-003,23,1.3411,0.2584,37.9847,0
PM-003,24,1.3456,0.2988,38.1867,0
PM-003,25,1.3152,0.2903,38.8162,0
PM-003,26,1.3955,0.2952,38.9592,0
PM-003,27,1.321,0.2869,39.1572,0
PM-003,28,1.333,0.2773,38.751,0
PM-003,29,1.323,0.283,38.7818,0
PM-003,30,1.3659,0.2762,38.911,0
PM-003,31,1.3331,0.2886,38.6335,0
PM-003,32,1.3477,0.2899,38.3886,0
PM-003,33,1.3583,0.2765,38.5676,0
PM-003,34,1.3221,0.2835,38.7072,0
PM-003,35,1.3437,0.2849,38.8911,0
PM-003,36,1.3918,0.2796,38.4882,0
PM-003,37,1.2959,0.2611,39.0792,0
PM-003,38,1.3506,0.2588,39.4478,0
PM-003,39,1.3428,0.2859,39.3818,0
PM-003,40,1.371,0.2907,38.9573,0
PM-003,41,1.3547,0.2754,38.7946,0
PM-003,42,1.3477,0.2771,38.4189,0
PM-003,43,1.3309,0.2642,38.7279,0
PM-003,44,1.3006,0.2841,38.2192,0
PM-003,45,1.3282,0.2866,38.9459,0
PM-003,46,1.3497,0.2838,38.3728,0
PM-003,47,1.3559,0.2626,39.0369,0
PM-003,48,1.3488,0.2994,38.716,0
PM-003,49,1.3199,0.2596,38.3541,0
PM-003,50,1.3035,0.2931,39.0288,0
PM-003,51,1.3473,0.2785,39.3268,0
PM-003,52,1.3343,0.2823,38.6942,0
PM-003,53,1.3295,0.2885,38.5185,0
PM-003,54,1.3222,0.2892,38.5593,0
PM-003,55,1.3389,0.2739,38.7051,0
PM-003,56,1.3228,0.2694,38.4626,0
PM-003,57,1.3531,0.2816,38.9841,0
PM-003,58,1.3568,0.2721,38.973,0
PM-003,59,1.336,0.2766,39.0843,0
PM-003,60,1.3473,0.2737,38.8552,0
PM-003,61,1.3109,0.2827,38.2587,0
PM-003,62,1.3166,0.2878,37.9075,0
PM-003,63,1.3723,0.2915,38.157,0
PM-003,64,1.3842,0.3191,38.6544,0
PM-003,65,1.3177,0.3043,38.6054,0
PM-003,66,1.3395,0.2973,38.6625,0
PM-003,67,1.3314,0.2599,38.5194,0
PM-003,68,1.331,0.2604,38.3642,0
PM-003,69,1.3369,0.2513,38.4448,0
PM-003,70,1.3751,0.2738,38.5673,0
PM-003,71,1.3293,0.274,38.881,0
PM-003,72,1.3463,0.2732,38.6444,0
PM-003,73,1.3625,0.2564,38.6913,0
PM-003,74,1.339,0.2674,38.674,0
PM-003,75,1.318,0.2886,38.3071,0
PM-003,76,1.3575,0.2779,38.5742,0
PM-003,77,1.3162,0.2945,38.513,0
PM-003,78,1.3129,0.2948,38.4373,0
PM-003,79,1.3344,0.2913,38.7559,0
PM-003,80,1.3709,0.2665,38.6454,0
PM-003,81,1.3336,0.2883,39.0951,0
PM-003,82,1.3377,0.277,38.2637,0
PM-003,83,1.3385,0.2693,38.8941,0
PM-003,84,1.3281,0.2754,38.2705,0
PM-003,85,1.3,0.3069,38.7475,0
PM-003,86,1.3443,0.2653,38.9712,0
PM-003,87,1.3502,0.267,38.3907,0
PM-003,88,1.3216,0.2786,38.7587,0
PM-003,89,1.337,0.2985,38.4941,0
PM-003,90,1.3145,0.279,38.2006,0
PM-003,91,1.3502,0.2805,38.6071,0
PM-003,92,1.3284,0.2927,38.972,0
PM-003,93,1.3313,0.2879,38.9676,0
PM-003,94,1.343,0.2759,38.8229,0
PM-003,95,1.3155,0.2801,38.6386,0
PM-003,96,1.3285,0.2531,38.4003,0
PM-003,97,1.3265,0.2924,38.7943,0
PM-003,98,1.355,0.2977,38.8074,0
PM-003,99,1.3391,0.2644,39.3046,0
PM-003,100,1.3079,0.2808,38.9584,0
PM-003,101,1.3532,0.2617,38.5826,0
PM-003,102,1.3203,0.2493,38.7477,0
PM-003,103,1.3219,0.3016,38.8931,0
PM-003,104,1.3371,0.2719,38.7431,0
PM-003,105,1.3311,0.2801,39.2791,0
PM-003,106,1.315,0.2765,38.9205,0
PM-003,107,1.3282,0.3027,38.9121,0
PM-003,108,1.3219,0.2821,38.4972,0
PM-003,109,1.3203,0.2769,39.0877,0
PM-003,110,1.3512,0.2787,38.9429,0
PM-003,111,1.3416,0.2615,38.665,0
PM-003,112,1.3348,0.2904,38.5386,0
PM-003,113,1.318,0.2783,38.5149,0
PM-003,114,1.3298,0.2778,38.5936,0
PM-003,115,1.3555,0.3002,38.9674,0
PM-003,116,1.3008,0.2694,38.655,0
PM-003,117,1.2993,0.2659,38.6511,0
PM-003,118,1.3273,0.2791,38.2943,0
PM-003,119,1.327,0.2813,38.7116,0
PM-003,120,1.3452,0.2848,38.5864,0
PM-003,121,1.3387,0.267,38.6275,0
PM-003,122,1.3151,0.295,38.6265,0
PM-003,123,1.3575,0.2837,38.4429,0
PM-003,124,1.3413,0.2912,38.6853,0
PM-003,125,1.3377,0.2707,38.7158,0
PM-003,126,1.341,0.2703,38.3848,0
PM-003,127,1.362,0.2881,38.5443,0
PM-003,128,1.3406,0.2568,38.1154,0
PM-003,129,1.3579,0.2825,38.6942,0
PM-003,130,1.3409,0.3274,38.9693,0
PM-003,131,1.3153,0.2538,39.0249,0
PM-003,132,1.3534,0.2876,38.4647,0
PM-003,133,1.3435,0.2682,38.9074,0
PM-003,134,1.3559,0.2709,39.0481,0
PM-003,135,1.3385,0.2864,38.3157,0
PM-003,136,1.3409,0.2689,38.851,0
PM-003,137,1.3656,0.2834,38.4383,0
PM-003,138,1.3488,0.285,39.3261,0
PM-003,139,1.3413,0.2702,38.9398,0
PM-003,140,1.3337,0.2802,38.43,0
PM-003,141,1.3338,0.2795,38.6701,0
PM-003,142,1.3244,0.2833,38.4315,0
PM-003,143,1.3131,0.2897,38.8939,0
PM-003,144,1.3101,0.2516,38.4059,0
PM-003,145,1.3337,0.2963,38.6627,0
PM-003,146,1.3209,0.2812,38.6744,0
PM-003,147,1.3086,0.2584,38.3041,0
PM-003,148,1.3858,0.2919,38.5304,0
PM-003,149,1.3584,0.2705,39.0311,0
PM-003,150,1.3379,0.2691,38.9125,0
PM-003,151,1.339,0.285,38.7732,0
PM-003,152,1.3404,0.291,39.4837,0
PM-003,153,1.3612,0.2823,38.6154,0
PM-003,154,1.3322,0.2602,38.9079,0
PM-003,155,1.316,0.2734,38.9097,0
PM-003,156,1.3315,0.2716,38.3493,0
PM-003,157,1.3604,0.2665,38.5328,0
PM-003,158,1.3004,0.2787,38.6086,0
PM-003,159,1.3399,0.2614,38.9288,0
PM-003,160,1.2995,0.2776,38.7432,0
PM-003,161,1.3374,0.2814,38.9452,0
PM-003,162,1.3627,0.2767,38.4182,0
PM-003,163,1.3475,0.2748,39.0879,0
PM-003,164,1.3242,0.2661,38.7517,0
PM-003,165,1.3014,0.272,38.6096,0
PM-003,166,1.3407,0.2641,38.4447,0
PM-003,167,1.3594,0.2788,38.968,0
PM-003,168,1.3254,0.2782,38.7729,0
PM-003,169,1.3712,0.2758,38.6587,0
PM-003,170,1.3582,0.2733,38.7939,0
PM-003,171,1.3565,0.2704,38.8107,0
PM-003,172,1.3712,0.2928,38.794,0
PM-003,173,1.3318,0.27,38.4121,0
PM-003,174,1.3664,0.2987,38.5114,0
PM-003,175,1.343,0.2807,39.0639,0
PM-003,176,1.3439,0.2787,38.5461,0
PM-003,177,1.3431,0.2738,38.7748,0
PM-003,178,1.3347,0.2734,38.4167,0
PM-003,179,1.3465,0.2797,39.2448,0
PM-003,180,1.3156,0.2884,38.6838,0
PM-003,181,1.3782,0.2873,38.806,0
PM-003,182,1.3346,0.2685,38.802,0
PM-003,183,1.3086,0.259,39.0123,0
PM-003,184,1.301,0.2742,38.3938,0
PM-003,185,1.3282,0.2818,39.0039,0
PM-003,186,1.3606,0.2652,38.5688,0
PM-003,187,1.4173,0.2753,38.4439,0
PM-003,188,1.3219,0.2754,38.5907,0
PM-003,189,1.3316,0.2787,38.7,0
PM-003,190,1.3171,0.2846,38.7449,0
PM-003,191,1.3462,0.2533,38.7556,0
PM-003,192,1.2965,0.2764,38.9059,0
PM-003,193,1.3572,0.284,38.9112,0
PM-003,194,1.3303,0.2714,39.5164,0
PM-003,195,1.3528,0.2614,38.1882,0
PM-003,196,1.3269,0.2969,38.7232,0
PM-003,197,1.2918,0.2764,38.7078,0
PM-003,198,1.2879,0.2794,38.4045,0
PM-003,199,1.2995,0.3031,38.3913,0
PM-003,200,1.3229,0.2688,38.7092,0
PM-003,201,1.3716,0.2611,38.6165,0
PM-003,202,1.3387,0.266,38.6117,0
PM-003,203,1.3481,0.2677,38.607,0
PM-003,204,1.3276,0.2775,38.7815,0
PM-003,205,1.348,0.3081,37.911,0
PM-003,206,1.3329,0.2585,38.5929,0
PM-003,207,1.3539,0.297,39.082,0
PM-003,208,1.361,0.2764,39.1281,0
PM-003,209,1.3682,0.2811,39.0617,0
PM-003,210,1.3371,0.3002,38.6601,0
PM-003,211,1.3241,0.2622,38.6565,0
PM-003,212,1.3379,0.2648,38.6335,0
PM-003,213,1.3257,0.2629,39.0193,0
PM-003,214,1.3605,0.2945,38.6833,0
PM-003,215,1.3358,0.2631,38.833,0
PM-003,216,1.3396,0.3217,39.0347,0
PM-003,217,1.3426,0.2784,39.009,0
PM-003,218,1.3179,0.2961,38.3824,0
PM-003,219,1.325,0.2514,38.8928,0
PM-003,220,1.3412,0.2706,38.4298,0
PM-003,221,1.3638,0.277,38.4784,0
PM-003,222,1.3747,0.2692,39.0501,0
PM-003,223,1.3132,0.2737,38.8592,0
PM-003,224,1.3351,0.2827,38.5469,0
PM-003,225,1.3043,0.301,38.5652,0
PM-003,226,1.342,0.2895,38.8012,0
PM-003,227,1.3221,0.2964,38.8627,0
PM-003,228,1.3402,0.2816,39.2132,0
PM-003,229,1.3216,0.2852,38.55,0
PM-003,230,1.2975,0.2496,38.4042,0
PM-003,231,1.3231,0.3116,38.9181,0
PM-003,232,1.352,0.2695,38.727,0
PM-003,233,1.3824,0.2608,38.8454,0
PM-003,234,1.3685,0.2935,39.249,0
PM-003,235,1.3405,0.2881,38.7415,0
PM-003,236,1.3469,0.2653,38.9463,0
PM-003,237,1.3421,0.28,39.2325,0
PM-003,238,1.3309,0.2971,39.1007,0
PM-003,239,1.3534,0.2645,38.8163,0
PM-003,240,1.3754,0.2517,38.6523,0
PM-003,241,1.3595,0.2773,38.9515,0
PM-003,242,1.3644,0.2825,38.8613,0
PM-003,243,1.3381,0.2835,39.3393,0
PM-003,244,1.335,0.2737,39.0211,0
PM-003,245,1.3194,0.2698,38.5261,0
PM-003,246,1.3311,0.2758,38.9183,0
PM-003,247,1.3294,0.2901,38.9678,0
PM-003,248,1.3232,0.2917,38.9886,0
PM-003,249,1.301,0.2834,38.5566,0
PM-003,250,1.3623,0.2713,38.3067,0
PM-003,251,1.3357,0.2656,38.9634,0
PM-003,252,1.3201,0.2788,39.1723,0
PM-003,253,1.3582,0.2862,38.6703,0
PM-003,254,1.3439,0.2894,38.4126,0
PM-003,255,1.3533,0.2625,38.8803,0
PM-003,256,1.3141,0.3085,38.9376,0
PM-003,257,1.3051,0.279,38.5521,0
PM-003,258,1.3235,0.2812,38.4302,0
PM-003,259,1.3515,0.2896,38.814,0
PM-003,260,1.3359,0.2889,38.946,0
PM-003,261,1.3453,0.2593,38.472,0
PM-003,262,1.3309,0.2569,38.7758,0
PM-003,263,1.3645,0.2978,38.9304,0
PM-003,264,1.3508,0.3122,38.9617,0
PM-003,265,1.3548,0.2574,39.1084,0
PM-003,266,1.3442,0.2778,38.6103,0
PM-003,267,1.3253,0.2979,38.7001,0
PM-003,268,1.326,0.2674,38.7597,0
PM-003,269,1.3291,0.2702,38.2939,0
PM-003,270,1.3554,0.2769,38.383,0
PM-003,271,1.3308,0.2873,38.7172,0
PM-003,272,1.3401,0.2797,38.3255,0
PM-003,273,1.3552,0.2534,38.847,0
PM-003,274,1.3486,0.2757,38.8146,0
PM-003,275,1.3307,0.2845,39.0064,0
PM-003,276,1.3204,0.2891,39.2163,0
PM-003,277,1.3415,0.2715,39.3875,0
PM-003,278,1.338,0.2825,38.7843,0
PM-003,279,1.3452,0.2739,38.7656,0
PM-003,280,1.3553,0.2734,38.5826,0
PM-003,281,1.3304,0.2625,38.5037,0
PM-003,282,1.3218,0.279,38.9594,0
PM-003,283,1.3653,0.2799,38.8455,0
PM-003,284,1.3411,0.2476,38.3642,0
PM-003,285,1.3515,0.2919,38.9592,0
PM-003,286,1.3327,0.2491,38.4,0
PM-003,287,1.3187,0.2884,38.6013,0
PM-003,288,1.3701,0.301,39.2107,0
PM-003,289,1.3179,0.2864,38.5653,0
PM-003,290,1.3428,0.2669,39.0764,0
PM-003,291,1.3205,0.2498,39.3187,0
PM-003,292,1.3451,0.263,38.6599,0
PM-003,293,1.3247,0.2791,38.9494,0
PM-003,294,1.3492,0.2828,38.7101,0
PM-003,295,1.3578,0.2501,38.4839,0
PM-003,296,1.3167,0.2941,38.4868,0
PM-003,297,1.3105,0.2873,38.4359,0
PM-003,298,1.3292,0.3147,38.9447,0
PM-003,299,1.332,0.2772,38.9808,0
PM-003,300,1.3495,0.2801,38.7396,0
PM-003,301,1.3067,0.2537,38.6555,0
PM-003,302,1.3236,0.2878,38.7677,0
PM-003,303,1.3208,0.2815,38.5831,0
PM-003,304,1.3776,0.2848,38.2404,0
PM-003,305,1.3727,0.2695,38.4161,0
PM-003,306,1.3791,0.2842,38.9188,0
PM-003,307,1.3509,0.2759,38.5368,0
PM-003,308,1.3281,0.3031,38.7697,0
PM-003,309,1.3625,0.2779,38.4819,0
PM-003,310,1.3074,0.2887,39.2168,0
PM-003,311,1.3185,0.2867,38.2959,0
PM-003,312,1.3251,0.283,38.1901,0
PM-003,313,1.3359,0.2665,38.89,0
PM-003,314,1.3329,0.2931,38.6247,0
PM-003,315,1.309,0.2567,38.1359,0
PM-003,316,1.3489,0.3174,38.8391,0
PM-003,317,1.3697,0.296,38.5531,0
PM-003,318,1.3616,0.2718,38.5709,0
PM-003,319,1.3321,0.2766,38.907,0
PM-003,320,1.3228,0.2924,38.971,0
PM-003,321,1.3431,0.3081,39.0948,0
PM-003,322,1.3576,0.28,38.8141,0
PM-003,323,1.3467,0.2792,38.5959,0
PM-003,324,1.2881,0.2898,39.021,0
PM-003,325,1.313,0.2881,38.5311,0
PM-003,326,1.3289,0.2987,38.4114,0
PM-003,327,1.3164,0.3061,38.6649,0
PM-003,328,1.3612,0.255,38.253,0
PM-003,329,1.318,0.2718,38.2876,0
PM-003,330,1.3436,0.2855,38.4391,0
PM-003,331,1.3199,0.2687,38.3591,0
PM-003,332,1.2783,0.2777,38.5794,0
PM-003,333,1.3297,0.2638,38.9517,0
PM-003,334,1.3848,0.2665,39.1285,0
PM-003,335,1.3436,0.2795,38.6053,0
PM-003,336,1.3346,0.2963,38.3671,0
PM-003,337,1.3308,0.2978,39.0037,0
PM-003,338,1.3138,0.2763,38.927,0
PM-003,339,1.3495,0.2936,38.8238,0
PM-003,340,1.3473,0.2842,39.1825,0
PM-003,341,1.3278,0.2797,38.4041,0
PM-003,342,1.312,0.2839,38.4913,0
PM-003,343,1.3351,0.3033,39.1765,0
PM-003,344,1.3807,0.3036,39.4295,0
PM-003,345,1.345,0.2655,38.4084,0
PM-003,346,1.3642,0.2798,38.7464,0
PM-003,347,1.3253,0.2726,38.8237,0
PM-003,348,1.3151,0.2829,39.1619,0
PM-003,349,1.2936,0.2559,38.9112,0
PM-003,350,1.3635,0.2717,38.1091,0
PM-003,351,1.3649,0.2668,38.6002,0
PM-003,352,1.3426,0.269,38.4457,0
PM-003,353,1.3191,0.3069,39.0564,0
PM-003,354,1.3477,0.2462,38.882,0
PM-003,355,1.3467,0.2598,38.7862,0
PM-003,356,1.3573,0.2876,38.5045,0
PM-003,357,1.3365,0.29,38.7264,0
PM-003,358,1.3613,0.285,38.9344,0
PM-003,359,1.3527,0.263,38.7236,0
PM-003,360,1.3296,0.2947,38.8475,0
PM-003,361,1.3325,0.2598,38.2295,0
PM-003,362,1.3425,0.2683,38.9084,0
PM-003,363,1.3034,0.3029,38.9077,0
PM-003,364,1.3382,0.3043,38.9931,0
PM-003,365,1.3268,0.2802,38.1193,0
PM-003,366,1.3575,0.2746,38.1154,0
PM-003,367,1.3126,0.2921,39.1927,0
PM-003,368,1.3367,0.2643,38.2823,0
PM-003,369,1.3645,0.2858,38.6095,0
PM-003,370,1.3249,0.2891,38.9019,0
PM-003,371,1.3183,0.2619,38.381,0
PM-003,372,1.3269,0.2687,39.194,0
PM-003,373,1.3262,0.2603,38.3505,0
PM-003,374,1.3326,0.2517,38.6905,0
PM-003,375,1.3095,0.2964,38.7435,0
PM-003,376,1.3787,0.2756,37.769,0
PM-003,377,1.3654,0.2865,38.9056,0
PM-003,378,1.3162,0.2784,38.7645,0
PM-003,379,1.3315,0.253,39.5392,0
PM-003,380,1.353,0.2853,39.1027,0
PM-003,381,1.3491,0.2689,39.0835,0
PM-003,382,1.3533,0.2694,38.9456,0
PM-003,383,1.3314,0.2821,38.8885,0
PM-003,384,1.3636,0.2693,38.818,0
PM-003,385,1.3766,0.2764,38.7675,0
PM-003,386,1.3765,0.2886,38.2664,0
PM-003,387,1.3203,0.2894,38.8355,0
PM-003,388,1.3395,0.3114,38.5233,0
PM-003,389,1.3348,0.2496,39.0568,0
PM-003,390,1.3203,0.2949,38.9942,0
PM-003,391,1.3832,0.2888,38.6017,0
PM-003,392,1.3453,0.2676,38.8043,0
PM-003,393,1.3322,0.278,38.4391,0
PM-003,394,1.3423,0.2914,38.2129,0
PM-003,395,1.3225,0.2815,38.0044,0
PM-003,396,1.3711,0.2683,38.4271,0
PM-003,397,1.3321,0.2811,38.4816,0
PM-003,398,1.3559,0.285,38.4574,0
PM-003,399,1.3258,0.2563,38.3326,0
PM-003,400,1.344,0.2666,39.2498,0
PM-003,401,1.3377,0.2587,38.3656,0
PM-003,402,1.3573,0.2779,39.0062,0
PM-003,403,1.3289,0.2706,39.0444,0
PM-003,404,1.3191,0.2864,38.645,0
PM-003,405,1.3538,0.3063,38.5909,0
PM-003,406,1.3253,0.289,38.384,0
PM-003,407,1.3686,0.3007,38.4088,0
PM-003,408,1.3046,0.2616,38.3649,0
PM-003,409,1.3523,0.3023,38.9456,0
PM-003,410,1.3315,0.2842,38.4476,0
PM-003,411,1.3582,0.2855,38.9405,0
PM-003,412,1.3217,0.2765,38.9261,0
PM-003,413,1.3651,0.2699,38.9427,0
PM-003,414,1.322,0.3108,38.5841,0
PM-003,415,1.3491,0.2815,39.4902,0
PM-003,416,1.3408,0.2713,38.9004,0
PM-003,417,1.3486,0.2767,38.3801,0
PM-003,418,1.3257,0.2922,38.1843,0
PM-003,419,1.3313,0.2939,38.6805,0
PM-003,420,1.3797,0.2528,38.4201,0
PM-003,421,1.29,0.3089,38.4251,0
PM-003,422,1.2965,0.2698,38.2907,0
PM-003,423,1.3242,0.2796,38.95,0
PM-003,424,1.3328,0.2794,38.5341,0
PM-003,425,1.306,0.2513,38.5992,0
PM-003,426,1.3379,0.2724,38.1658,0
PM-003,427,1.3403,0.3035,38.6742,0
PM-003,428,1.3247,0.2781,38.3772,0
PM-003,429,1.3129,0.2858,39.0057,0
PM-003,430,1.3333,0.2494,38.8146,0
PM-003,431,1.3776,0.2754,38.6552,0
PM-003,432,1.3188,0.2862,38.5073,0
PM-003,433,1.3567,0.2692,38.8111,0
PM-003,434,1.3353,0.3023,38.8314,0
PM-003,435,1.364,0.2806,38.6573,0
PM-003,436,1.3355,0.2674,38.8681,0
PM-003,437,1.3224,0.2807,38.9651,0
PM-003,438,1.3679,0.2815,38.9669,0
PM-003,439,1.3511,0.2733,39.3409,0
PM-003,440,1.3247,0.2804,39.1448,0
PM-003,441,1.3648,0.2792,39.0057,0
PM-003,442,1.3318,0.2717,38.3447,0
PM-003,443,1.3507,0.2915,38.5382,0
PM-003,444,1.3416,0.3188,39.0526,0
PM-003,445,1.3182,0.294,38.4395,0
PM-003,446,1.2783,0.2787,39.1775,0
PM-003,447,1.3642,0.2847,38.546,0
PM-003,448,1.346,0.275,38.5545,0
PM-003,449,1.3575,0.2711,39.0467,0
PM-003,450,1.3244,0.3099,38.2164,0
PM-003,451,1.3171,0.2767,38.1133,0
PM-003,452,1.2848,0.2494,38.6209,0
PM-003,453,1.3309,0.284,38.6495,0
PM-003,454,1.3422,0.2723,38.923,0
PM-003,455,1.3481,0.2741,38.8685,0
PM-003,456,1.3324,0.2562,38.9799,0
PM-003,457,1.3181,0.2924,38.8058,0
PM-003,458,1.3346,0.2509,39.1705,0
PM-003,459,1.329,0.2885,38.6744,0
PM-003,460,1.3308,0.2819,38.7165,0
PM-003,461,1.3309,0.2782,38.8367,0
PM-003,462,1.3462,0.2797,38.8948,0
PM-003,463,1.3278,0.3124,39.1542,0
PM-003,464,1.3515,0.2499,38.8904,0
PM-003,465,1.3295,0.2643,38.5999,0
PM-003,466,1.3189,0.2866,39.1934,0
PM-003,467,1.3528,0.3205,38.2425,0
PM-003,468,1.3261,0.2649,39.0774,0
PM-003,469,1.3318,0.2819,38.8987,0
PM-003,470,1.3072,0.2697,39.0077,0
PM-003,471,1.3253,0.2533,38.4379,0
PM-003,472,1.3305,0.2815,38.6873,0
PM-003,473,1.324,0.2931,38.6698,0
PM-003,474,1.3404,0.2706,39.1612,0
PM-003,475,1.3284,0.2801,39.0191,0
PM-003,476,1.3419,0.2828,38.1165,0
PM-003,477,1.3499,0.2798,38.871,0
PM-003,478,1.3399,0.2706,38.9769,0
PM-003,479,1.3402,0.2597,39.1011,0
PM-004,0,1.3967,0.3277,37.1771,0
PM-004,1,1.4431,0.3208,36.3671,0
PM-004,2,1.4155,0.3328,36.765,0
PM-004,3,1.4106,0.3487,37.1371,0
PM-004,4,1.4326,0.3303,36.8874,0
PM-004,5,1.4185,0.3432,36.6662,0
PM-004,6,1.4587,0.3443,36.9529,0
PM-004,7,1.442,0.354,37.0145,0
PM-004,8,1.4214,0.3581,37.7493,0
PM-004,9,1.4263,0.3183,36.9725,0
PM-004,10,1.4464,0.3202,37.0512,0
PM-004,11,1.4316,0.3218,37.4426,0
PM-004,12,1.4396,0.3658,37.3481,0
PM-004,13,1.4065,0.3436,37.41,0
PM-004,14,1.4465,0.324,36.8447,0
PM-004,15,1.4029,0.3598,37.3005,0
PM-004,16,1.4093,0.3376,37.0765,0
PM-004,17,1.4063,0.3362,37.1708,0
PM-004,18,1.4643,0.3258,36.6008,0
PM-004,19,1.4047,0.3223,36.9856,0
PM-004,20,1.4048,0.348,36.7788,0
PM-004,21,1.4261,0.3657,37.2797,0
PM-004,22,1.4347,0.3635,37.4873,0
PM-004,23,1.437,0.331,37.1068,0
PM-004,24,1.4243,0.3297,37.1772,0
PM-004,25,1.4327,0.317,37.6033,0
PM-004,26,1.4339,0.3317,37.18,0
PM-004,27,1.4443,0.3137,37.0821,0
PM-004,28,1.402,0.3755,37.1551,0
PM-004,29,1.4022,0.3897,36.9528,0
PM-004,30,1.4215,0.3336,36.8593,0
PM-004,31,1.4307,0.3025,37.4394,0
PM-004,32,1.4032,0.3295,37.3391,0
PM-004,33,1.4216,0.3332,36.81,0
PM-004,34,1.4676,0.3437,36.7888,0
PM-004,35,1.4293,0.3184,37.6304,0
PM-004,36,1.4297,0.321,37.3229,0
PM-004,37,1.4202,0.3164,37.228,0
PM-004,38,1.4328,0.3527,37.133,0
PM-004,39,1.4279,0.3381,37.5922,0
PM-004,40,1.4195,0.3427,37.2987,0
PM-004,41,1.4327,0.3305,37.1498,0
PM-004,42,1.4238,0.3651,36.9763,0
PM-004,43,1.4075,0.3356,37.0906,0
PM-004,44,1.4296,0.3288,37.1468,0
PM-004,45,1.4283,0.3493,37.1415,0
PM-004,46,1.4278,0.3434,37.3739,0
PM-004,47,1.406,0.3169,37.6223,0
PM-004,48,1.4398,0.3324,37.1195,0
PM-004,49,1.4179,0.3388,36.8221,0
PM-004,50,1.4425,0.3383,37.1771,0
PM-004,51,1.4078,0.3435,36.8523,0
PM-004,52,1.4119,0.337,37.8658,0
PM-004,53,1.4291,0.2971,36.9209,0
PM-004,54,1.4394,0.3188,37.363,0
PM-004,55,1.4289,0.3505,36.946,0
PM-004,56,1.413,0.3442,37.1114,0
PM-004,57,1.4244,0.3592,37.2949,0
PM-004,58,1.3859,0.3477,37.3233,0
PM-004,59,1.4494,0.3216,37.2111,0
PM-004,60,1.4279,0.3213,37.3977,0
PM-004,61,1.4209,0.353,36.8908,0
PM-004,62,1.3965,0.332,37.1832,0
PM-004,63,1.415,0.2897,37.2287,0
PM-004,64,1.4333,0.346,36.9995,0
PM-004,65,1.417,0.3573,36.641,0
PM-004,66,1.4208,0.3378,37.2954,0
PM-004,67,1.4291,0.3219,37.4639,0
PM-004,68,1.4258,0.3107,37.1764,0
PM-004,69,1.4352,0.3651,37.2363,0
PM-004,70,1.3961,0.314,37.4913,0
PM-004,71,1.4097,0.3124,37.4138,0
PM-004,72,1.4162,0.3499,36.8392,0
PM-004,73,1.4552,0.3488,36.8968,0
PM-004,74,1.3925,0.3703,37.0506,0
PM-004,75,1.4105,0.3565,37.3974,0
PM-004,76,1.4494,0.3342,37.678,0
PM-004,77,1.3995,0.3274,37.2306,0
PM-004,78,1.4491,0.3456,37.0888,0
PM-004,79,1.4162,0.3533,37.343,0
PM-004,80,1.4082,0.3221,36.95,0
PM-004,81,1.4122,0.3511,37.2444,0
PM-004,82,1.4369,0.3386,37.1853,0
PM-004,83,1.3941,0.3476,36.9446,0
PM-004,84,1.425,0.3286,37.1574,0
PM-004,85,1.4372,0.3205,37.1895,0
PM-004,86,1.4167,0.3555,36.7793,0
PM-004,87,1.4057,0.3303,36.8359,0
PM-004,88,1.4212,0.3278,37.1402,0
PM-004,89,1.4459,0.3367,37.1623,0
PM-004,90,1.4046,0.3337,36.9871,0
PM-004,91,1.4393,0.3242,36.8554,0
PM-004,92,1.4321,0.3654,37.0609,0
PM-004,93,1.4291,0.3499,37.2666,0
PM-004,94,1.436,0.3343,37.0909,0
PM-004,95,1.4106,0.343,37.2527,0
PM-004,96,1.4401,0.3284,37.3627,0
PM-004,97,1.4484,0.3175,37.0246,0
PM-004,98,1.4492,0.3259,37.2723,0
PM-004,99,1.4259,0.3406,37.1254,0
PM-004,100,1.4406,0.3204,36.8396,0
PM-004,101,1.455,0.3672,37.112,0
PM-004,102,1.46,0.3241,36.9542,0
PM-004,103,1.4549,0.3477,37.5956,0
PM-004,104,1.4351,0.3205,37.1807,0
PM-004,105,1.4498,0.3337,37.0277,0
PM-004,106,1.4354,0.3273,37.2023,0
PM-004,107,1.427,0.3283,37.4079,0
PM-004,108,1.4386,0.3304,37.1091,0
PM-004,109,1.4203,0.3261,36.6042,0
PM-004,110,1.416,0.3263,37.1481,0
PM-004,111,1.4345,0.3236,37.2257,0
PM-004,112,1.4066,0.3338,36.9329,0
PM-004,113,1.4406,0.3374,37.0806,0
PM-004,114,1.4132,0.3307,37.6624,0
PM-004,115,1.4157,0.3429,37.0798,0
PM-004,116,1.4347,0.3482,37.0074,0
PM-004,117,1.4399,0.377,37.2839,0
PM-004,118,1.458,0.3429,36.834,0
PM-004,119,1.4312,0.3307,36.9349,0
PM-004,120,1.4243,0.3334,36.7957,0
PM-004,121,1.4799,0.3478,37.187,0
PM-004,122,1.4275,0.3537,37.7363,0
PM-004,123,1.4394,0.3375,37.5554,0
PM-004,124,1.4286,0.3422,37.4139,0
PM-004,125,1.418,0.3045,36.9831,0
PM-004,126,1.4412,0.3462,37.5164,0
PM-004,127,1.4178,0.3594,37.1692,0
PM-004,128,1.4378,0.3492,36.6991,0
PM-004,129,1.4056,0.3201,37.4353,0
PM-004,130,1.4196,0.3661,37.1147,0
PM-004,131,1.3963,0.3256,37.1489,0
PM-004,132,1.436,0.3209,37.2842,0
PM-004,133,1.4424,0.3261,37.7044,0
PM-004,134,1.4151,0.3207,36.6549,0
PM-004,135,1.4501,0.336,36.9699,0
PM-004,136,1.3962,0.3298,37.8281,0
PM-004,137,1.3828,0.3262,37.6515,0
PM-004,138,1.4507,0.3271,37.1747,0
PM-004,139,1.435,0.3377,37.649,0
PM-004,140,1.4325,0.3527,37.1681,0
PM-004,141,1.3851,0.3178,36.8182,0
PM-004,142,1.4207,0.3669,37.2224,0
PM-004,143,1.4236,0.3543,36.6781,0
PM-004,144,1.4159,0.3261,37.2331,0
PM-004,145,1.4436,0.3428,37.2598,0
PM-004,146,1.4185,0.3405,36.8617,0
PM-004,147,1.4392,0.3282,36.7772,0
PM-004,148,1.4265,0.307,37.5559,0
PM-004,149,1.4417,0.3407,36.6265,0
PM-004,150,1.4117,0.3363,37.0347,0
PM-004,151,1.3919,0.3159,37.0287,0
PM-004,152,1.4,0.3563,37.262,0
PM-004,153,1.4096,0.3532,37.404,0
PM-004,154,1.4315,0.3351,37.0241,0
PM-004,155,1.4149,0.3156,37.5721,0
PM-004,156,1.4153,0.3361,36.8406,0
PM-004,157,1.4205,0.3784,36.8958,0
PM-004,158,1.4547,0.3353,37.3176,0
PM-004,159,1.4506,0.3398,37.0081,0
PM-004,160,1.422,0.3334,37.6729,0
PM-004,161,1.396,0.3091,36.6024,0
PM-004,162,1.4078,0.3462,37.3421,0
PM-004,163,1.4136,0.3353,36.7787,0
PM-004,164,1.4052,0.3444,37.4279,0
PM-004,165,1.4162,0.3602,37.4033,0
PM-004,166,1.4575,0.3312,37.5698,0
PM-004,167,1.4693,0.3295,37.0674,0
PM-004,168,1.4068,0.3185,36.7739,0
PM-004,169,1.4095,0.3398,36.8829,0
PM-004,170,1.4306,0.3397,36.9726,0
PM-004,171,1.4245,0.3278,37.0204,0
PM-004,172,1.4095,0.3369,36.9335,0
PM-004,173,1.4024,0.3446,37.3018,0
PM-004,174,1.4479,0.3203,36.9694,0
PM-004,175,1.4303,0.3281,37.2849,0
PM-004,176,1.4357,0.3429,37.5515,0
PM-004,177,1.4386,0.338,37.0556,0
PM-004,178,1.4232,0.3197,36.5839,0
PM-004,179,1.435,0.354,37.0146,0
PM-004,180,1.4575,0.333,36.5275,0
PM-004,181,1.4441,0.3285,37.4163,0
PM-004,182,1.4002,0.3419,36.8735,0
PM-004,183,1.4297,0.3472,37.274,0
PM-004,184,1.4271,0.315,37.3327,0
PM-004,185,1.4463,0.32,36.8448,0
PM-004,186,1.4472,0.3326,36.8526,0
PM-004,187,1.4312,0.3261,37.162,0
PM-004,188,1.4174,0.3308,37.4468,0
PM-004,189,1.3763,0.344,37.3973,0
PM-004,190,1.4133,0.3497,36.8259,0
PM-004,191,1.4125,0.3241,37.399,0
PM-004,192,1.3908,0.3603,37.0222,0
PM-004,193,1.438,0.3436,37.159,0
PM-004,194,1.4137,0.3543,36.9592,0
PM-004,195,1.4111,0.3488,37.1574,0
PM-004,196,1.4529,0.3347,36.9184,0
PM-004,197,1.4312,0.329,36.9271,0
PM-004,198,1.4424,0.3632,37.0397,0
PM-004,199,1.4062,0.3334,37.2681,0
PM-004,200,1.4309,0.3536,37.3132,0
PM-004,201,1.4036,0.3283,36.6994,0
PM-004,202,1.4486,0.3058,36.7286,0
PM-004,203,1.4155,0.3441,36.9571,0
PM-004,204,1.4184,0.3305,37.1655,0
PM-004,205,1.4013,0.3215,37.6179,0
PM-004,206,1.4338,0.3471,37.131,0
PM-004,207,1.4229,0.3425,37.3319,0
PM-004,208,1.4426,0.3338,37.4003,0
PM-004,209,1.3764,0.3491,36.9856,0
PM-004,210,1.4368,0.3259,36.7156,0
PM-004,211,1.4325,0.3132,36.9937,0
PM-004,212,1.4095,0.3331,37.3528,0
PM-004,213,1.4159,0.3404,37.3354,0
PM-004,214,1.4136,0.3268,37.5244,0
PM-004,215,1.4241,0.3433,37.2641,0
PM-004,216,1.4018,0.3243,37.2262,0
PM-004,217,1.3844,0.3325,36.8541,0
PM-004,218,1.4479,0.3409,37.471,0
PM-004,219,1.4249,0.334,37.0222,0
PM-004,220,1.4157,0.3759,37.3558,0
PM-004,221,1.4044,0.3753,36.9921,0
PM-004,222,1.4321,0.3498,36.6523,0
PM-004,223,1.4092,0.3604,37.0462,0
PM-004,224,1.4457,0.3289,37.0851,0
PM-004,225,1.4614,0.3422,37.0102,0
PM-004,226,1.412,0.3268,37.4861,0
PM-004,227,1.441,0.3184,37.1398,0
PM-004,228,1.4244,0.3404,36.9326,0
PM-004,229,1.4477,0.3357,37.2257,0
PM-004,230,1.41,0.3247,37.9109,0
PM-004,231,1.4617,0.3346,37.5735,0
PM-004,232,1.45,0.3263,36.8962,0
PM-004,233,1.4391,0.3396,36.993,0
PM-004,234,1.4401,0.314,37.1481,0
PM-004,235,1.4009,0.3176,36.9016,0
PM-004,236,1.433,0.3256,36.7482,0
PM-004,237,1.4353,0.3581,37.3053,0
PM-004,238,1.4617,0.3568,36.9674,0
PM-004,239,1.4384,0.3343,37.4323,0
PM-004,240,1.4239,0.3238,37.5257,0
PM-004,241,1.4321,0.3257,36.964,0
PM-004,242,1.4123,0.3207,36.9704,0
PM-004,243,1.4332,0.3366,36.9822,0
PM-004,244,1.4556,0.3055,37.2055,0
PM-004,245,1.4229,0.3211,37.223,0
PM-004,246,1.4213,0.3544,37.3741,0
PM-004,247,1.4638,0.3284,37.5326,0
PM-004,248,1.4024,0.334,36.9741,0
PM-004,249,1.4378,0.3444,36.8435,0
PM-004,250,1.4389,0.33,36.8686,0
PM-004,251,1.4255,0.3135,37.393,0
PM-004,252,1.4246,0.3352,37.0875,0
PM-004,253,1.4586,0.3585,37.5189,0
PM-004,254,1.424,0.3189,37.1088,0
PM-004,255,1.432,0.3479,37.207,0
PM-004,256,1.4052,0.3276,36.9258,0
PM-004,257,1.4365,0.3441,37.322,0
PM-004,258,1.4317,0.3048,36.5959,0
PM-004,259,1.4229,0.3372,37.4897,0
PM-004,260,1.4273,0.321,37.3123,0
PM-004,261,1.4254,0.3296,36.6293,0
PM-004,262,1.4274,0.3391,36.8148,0
PM-004,263,1.4406,0.3455,37.1283,0
PM-004,264,1.4259,0.3499,37.2239,0
PM-004,265,1.4117,0.3327,37.2807,0
PM-004,266,1.3851,0.3217,37.3183,0
PM-004,267,1.4499,0.351,37.3816,0
PM-004,268,1.4283,0.3202,37.0547,0
PM-004,269,1.3858,0.3552,36.8685,0
PM-004,270,1.415,0.3516,36.6293,0
PM-004,271,1.4019,0.3397,37.2698,0
PM-004,272,1.4243,0.3351,37.4942,0
PM-004,273,1.4384,0.3432,37.3463,0
PM-004,274,1.4197,0.3683,36.4214,0
PM-004,275,1.4549,0.3492,37.1881,0
PM-004,276,1.4273,0.3333,37.4447,0
PM-004,277,1.4249,0.3248,37.3842,0
PM-004,278,1.4574,0.3068,37.8208,0
PM-004,279,1.405,0.3213,36.7402,0
PM-004,280,1.4257,0.3165,36.7662,0
PM-004,281,1.4119,0.3378,37.1841,0
PM-004,282,1.4505,0.354,37.421,0
PM-004,283,1.4205,0.3081,36.5546,0
PM-004,284,1.4461,0.3483,36.9286,0
PM-004,285,1.3969,0.32,37.166,0
PM-004,286,1.4292,0.3513,36.9785,0
PM-004,287,1.4208,0.3526,36.4761,0
PM-004,288,1.4321,0.3307,37.3275,0
PM-004,289,1.436,0.3252,36.9614,0
PM-004,290,1.3797,0.3469,37.1856,0
PM-004,291,1.4537,0.3297,37.3879,0
PM-004,292,1.4043,0.2951,37.0853,0
PM-004,293,1.4144,0.3199,37.3831,0
PM-004,294,1.4499,0.3373,37.0589,0
PM-004,295,1.427,0.3259,37.2824,0
PM-004,296,1.3949,0.3196,36.8763,0
PM-004,297,1.4365,0.3311,37.5218,0
PM-004,298,1.4418,0.3237,37.3037,0
PM-004,299,1.4175,0.3428,37.3692,0
PM-004,300,1.448,0.3387,37.5937,0
PM-004,301,1.4345,0.3377,37.0229,0
PM-004,302,1.4131,0.342,37.1439,0
PM-004,303,1.4309,0.3429,37.1906,0
PM-004,304,1.466,0.3278,37.2433,0
PM-004,305,1.4212,0.2988,37.0556,0
PM-004,306,1.407,0.3347,37.1057,0
PM-004,307,1.4334,0.3277,36.9921,0
PM-004,308,1.4397,0.3235,36.5621,0
PM-004,309,1.4289,0.3517,37.3204,0
PM-004,310,1.4292,0.3544,37.4382,0
PM-004,311,1.4191,0.3394,37.2008,0
PM-004,312,1.424,0.3527,37.068,0
PM-004,313,1.4157,0.2968,36.8741,0
PM-004,314,1.3994,0.3351,36.7375,0
PM-004,315,1.4379,0.3523,37.1043,0
PM-004,316,1.406,0.34,37.6817,0
PM-004,317,1.4574,0.3146,36.6807,0
PM-004,318,1.3917,0.3186,37.1891,0
PM-004,319,1.4146,0.3231,37.4254,0
PM-004,320,1.4363,0.3101,37.4082,0
PM-004,321,1.4358,0.3436,36.9425,0
PM-004,322,1.422,0.3061,37.3737,0
PM-004,323,1.4057,0.3226,36.8484,0
PM-004,324,1.4617,0.3256,37.3963,0
PM-004,325,1.4252,0.3232,36.8105,0
PM-004,326,1.4131,0.3346,37.2942,0
PM-004,327,1.4163,0.3281,36.8493,0
PM-004,328,1.4018,0.3165,37.41,0
PM-004,329,1.4151,0.3291,36.9137,0
PM-004,330,1.4194,0.3412,36.9676,0
PM-004,331,1.4293,0.357,36.8677,0
PM-004,332,1.4169,0.3453,37.5628,0
PM-004,333,1.4009,0.3102,37.1135,0
PM-004,334,1.4236,0.3462,37.2779,0
PM-004,335,1.425,0.3514,36.9093,0
PM-004,336,1.4299,0.3174,37.101,0
PM-004,337,1.3965,0.3189,37.6265,0
PM-004,338,1.3892,0.3324,37.3618,0
PM-004,339,1.4701,0.3383,37.1839,0
PM-004,340,1.4265,0.3515,37.2431,0
PM-004,341,1.4142,0.3524,36.975,0
PM-004,342,1.3937,0.3118,37.0533,0
PM-004,343,1.4278,0.35,37.3059,0
PM-004,344,1.4273,0.3509,37.1175,0
PM-004,345,1.3999,0.3131,37.4972,0
PM-004,346,1.3808,0.3327,38.0082,0
PM-004,347,1.4349,0.3326,36.6083,0
PM-004,348,1.4581,0.3539,37.3191,0
PM-004,349,1.4257,0.3443,37.0691,0
PM-004,350,1.4062,0.35,37.0984,0
PM-004,351,1.4362,0.3339,37.2522,0
PM-004,352,1.4254,0.3343,37.1226,0
PM-004,353,1.4849,0.3477,37.8895,0
PM-004,354,1.4256,0.331,36.7914,0
PM-004,355,1.4578,0.3221,37.6565,0
PM-004,356,1.4054,0.349,36.6363,0
PM-004,357,1.4169,0.336,36.9344,0
PM-004,358,1.4223,0.3332,37.3557,0
PM-004,359,1.384,0.3272,37.49,0
PM-004,360,1.437,0.3547,37.3413,0
PM-004,361,1.404,0.3456,37.1437,0
PM-004,362,1.4711,0.3477,37.2706,0
PM-004,363,1.4391,0.3427,37.2462,0
PM-004,364,1.4204,0.3437,37.3982,0
PM-004,365,1.4469,0.3498,37.5661,0
PM-004,366,1.4482,0.3451,36.7705,0
PM-004,367,1.4028,0.332,37.1277,0
PM-004,368,1.4537,0.294,36.8037,0
PM-004,369,1.4218,0.3207,36.8742,0
PM-004,370,1.4157,0.3215,36.8819,0
PM-004,371,1.453,0.3449,37.3428,0
PM-004,372,1.425,0.3508,37.368,0
PM-004,373,1.4377,0.3259,36.981,0
PM-004,374,1.4469,0.3279,36.7271,0
PM-004,375,1.415,0.3591,36.9531,0
PM-004,376,1.4323,0.3264,37.3427,0
PM-004,377,1.4364,0.3133,37.194,0
PM-004,378,1.3921,0.3274,37.1102,0
PM-004,379,1.4627,0.3404,36.8835,0
PM-004,380,1.4194,0.3495,36.8876,0
PM-004,381,1.4477,0.3278,36.839,0
PM-004,382,1.4159,0.3114,36.4619,0
PM-004,383,1.4241,0.3347,37.1906,0
PM-004,384,1.424,0.3706,37.1642,0
PM-004,385,1.3982,0.3189,37.1137,0
PM-004,386,1.417,0.3173,37.096,0
PM-004,387,1.4248,0.3596,36.8388,0
PM-004,388,1.4174,0.3596,37.2122,0
PM-004,389,1.4073,0.325,36.7494,0
PM-004,390,1.4273,0.3511,37.6029,0
PM-004,391,1.396,0.3487,37.1629,0
PM-004,392,1.4205,0.3294,36.5374,0
PM-004,393,1.4385,0.3159,36.8892,0
PM-004,394,1.4341,0.3084,36.7174,0
PM-004,395,1.4501,0.3375,36.915,0
PM-004,396,1.4282,0.3457,37.4511,0
PM-004,397,1.4035,0.3203,37.2961,0
PM-004,398,1.4385,0.3155,36.8174,0
PM-004,399,1.4218,0.336,37.1292,0
PM-004,400,1.3985,0.3363,36.8984,0
PM-004,401,1.4024,0.3355,37.0797,0
PM-004,402,1.4417,0.3228,37.1842,0
PM-004,403,1.3943,0.3316,37.2527,0
PM-004,404,1.4367,0.344,37.355,0
PM-004,405,1.4168,0.3431,37.6743,0
PM-004,406,1.4164,0.3564,37.3766,0
PM-004,407,1.4204,0.3329,37.1492,0
PM-004,408,1.4421,0.3417,36.9711,0
PM-004,409,1.3841,0.3458,36.5339,0
PM-004,410,1.3984,0.3296,36.7494,0
PM-004,411,1.4321,0.3312,37.3492,0
PM-004,412,1.3936,0.3258,37.1149,0
PM-004,413,1.4266,0.3461,36.8393,0
PM-004,414,1.4164,0.3433,36.4541,0
PM-004,415,1.4334,0.3471,36.7135,0
PM-004,416,1.4194,0.3581,37.3116,0
PM-004,417,1.4347,0.3505,37.655,0
PM-004,418,1.4261,0.3296,37.4102,0
PM-004,419,1.422,0.3218,36.9516,0
PM-004,420,1.432,0.3289,37.0011,0
PM-004,421,1.4052,0.3572,37.0109,0
PM-004,422,1.4115,0.3266,37.3544,0
PM-004,423,1.4372,0.3282,37.1233,0
PM-004,424,1.4312,0.3251,36.6515,0
PM-004,425,1.436,0.3259,37.2457,0
PM-004,426,1.4321,0.3365,36.9858,0
PM-004,427,1.413,0.3186,36.9292,0
PM-004,428,1.4371,0.3566,37.489,0
PM-004,429,1.4286,0.3566,37.0216,0
PM-004,430,1.3999,0.3645,37.2735,0
PM-004,431,1.395,0.3591,36.8906,0
PM-004,432,1.4152,0.351,37.5222,0
PM-004,433,1.4057,0.3577,37.3759,0
PM-004,434,1.4097,0.332,37.5685,0
PM-004,435,1.3945,0.3564,37.3676,0
PM-004,436,1.4359,0.3377,37.7047,0
PM-004,437,1.4681,0.3265,37.2973,0
PM-004,438,1.4632,0.3239,37.1866,0
PM-004,439,1.4458,0.3055,37.3622,0
PM-004,440,1.4039,0.3386,37.4569,0
PM-004,441,1.3779,0.3475,37.7251,0
PM-004,442,1.415,0.3443,37.5142,0
PM-004,443,1.3939,0.347,37.4208,0
PM-004,444,1.4385,0.337,36.8135,0
PM-004,445,1.4535,0.3362,36.8425,0
PM-004,446,1.4194,0.3412,36.6453,0
PM-004,447,1.4261,0.3294,37.5144,0
PM-004,448,1.3882,0.3498,37.5388,0
PM-004,449,1.389,0.3099,37.6494,0
PM-004,450,1.4076,0.3821,36.5719,0
PM-004,451,1.4291,0.3353,37.0512,0
PM-004,452,1.435,0.3435,37.0633,0
PM-004,453,1.4054,0.3514,37.3021,0
PM-004,454,1.428,0.3446,37.3443,0
PM-004,455,1.4105,0.3441,36.9477,0
PM-004,456,1.4418,0.3328,37.2972,0
PM-004,457,1.417,0.3456,36.82,0
PM-004,458,1.4264,0.3504,37.2538,0
PM-004,459,1.4296,0.3627,37.4207,0
PM-004,460,1.4428,0.3456,37.3484,0
PM-004,461,1.4589,0.3294,37.4165,0
PM-004,462,1.4328,0.3299,37.0837,0
PM-004,463,1.4301,0.3228,37.3728,0
PM-004,464,1.4237,0.337,37.5208,0
PM-004,465,1.4283,0.359,36.9562,0
PM-004,466,1.4038,0.3313,36.2692,0
PM-004,467,1.4438,0.3201,36.9283,0
PM-004,468,1.44,0.3375,36.9815,0
PM-004,469,1.385,0.3552,37.3306,0
PM-004,470,1.4668,0.3267,36.6773,0
PM-004,471,1.4456,0.3329,37.3021,0
PM-004,472,1.4581,0.3415,37.1638,0
PM-004,473,1.4303,0.3111,37.446,0
PM-004,474,1.4492,0.3436,36.659,0
PM-004,475,1.4233,0.3573,36.9439,0
PM-004,476,1.4494,0.3365,37.3274,0
PM-004,477,1.4175,0.3369,37.2447,0
PM-004,478,1.404,0.3398,36.3071,0
PM-004,479,1.4137,0.3438,37.4497,0
PM-005,0,1.4105,0.3165,36.8001,0
PM-005,1,1.3926,0.3153,36.4986,0
PM-005,2,1.3877,0.3317,36.0662,0
PM-005,3,1.4333,0.3262,36.511,0
PM-005,4,1.4144,0.3313,36.876,0
PM-005,5,1.45,0.3474,37.3677,0
PM-005,6,1.4371,0.3343,36.5611,0
PM-005,7,1.4152,0.3402,36.3984,0
PM-005,8,1.4282,0.3319,36.4798,0
PM-005,9,1.4026,0.37,36.2792,0
PM-005,10,1.4223,0.3505,36.8569,0
PM-005,11,1.4142,0.3143,36.7371,0
PM-005,12,1.3708,0.3347,36.7086,0
PM-005,13,1.445,0.315,36.6011,0
PM-005,14,1.4324,0.3352,36.2954,0
PM-005,15,1.4107,0.3532,36.776,0
PM-005,16,1.3904,0.3454,36.2184,0
PM-005,17,1.4175,0.3406,37.0623,0
PM-005,18,1.3769,0.3428,36.9567,0
PM-005,19,1.4125,0.3335,35.7826,0
PM-005,20,1.3687,0.3488,36.5365,0
PM-005,21,1.4167,0.3357,36.5884,0
PM-005,22,1.4145,0.3381,36.2495,0
PM-005,23,1.4468,0.3287,36.3965,0
PM-005,24,1.4008,0.3328,36.6063,0
PM-005,25,1.3927,0.3231,36.4554,0
PM-005,26,1.4489,0.3341,37.169,0
PM-005,27,1.4094,0.3278,36.8142,0
PM-005,28,1.4357,0.343,36.4318,0
PM-005,29,1.4064,0.3268,37.1425,0
PM-005,30,1.4036,0.3243,36.9171,0
PM-005,31,1.4372,0.3405,36.7224,0
PM-005,32,1.4023,0.3218,37.0361,0
PM-005,33,1.4391,0.3121,36.959,0
PM-005,34,1.4498,0.333,36.8261,0
PM-005,35,1.4439,0.3217,37.3971,0
PM-005,36,1.4481,0.34,36.6878,0
PM-005,37,1.4335,0.3088,37.3228,0
PM-005,38,1.4462,0.3541,36.7074,0
PM-005,39,1.4164,0.322,36.9423,0
PM-005,40,1.4134,0.3293,36.8621,0
PM-005,41,1.4105,0.3478,36.6929,0
PM-005,42,1.3935,0.3221,37.0906,0
PM-005,43,1.4049,0.3456,36.7347,0
PM-005,44,1.4202,0.3698,36.3129,0
PM-005,45,1.4088,0.3318,37.4229,0
PM-005,46,1.4232,0.3363,36.5974,0
PM-005,47,1.4308,0.328,36.9068,0
PM-005,48,1.4391,0.3286,36.3605,0
PM-005,49,1.4255,0.3532,36.4502,0
PM-005,50,1.4303,0.3141,36.3862,0
PM-005,51,1.4496,0.3425,36.8029,0
PM-005,52,1.3772,0.3239,36.8802,0
PM-005,53,1.3947,0.3268,36.9282,0
PM-005,54,1.3934,0.307,36.25,0
PM-005,55,1.4303,0.3238,36.9616,0
PM-005,56,1.4261,0.3604,36.3269,0
PM-005,57,1.4303,0.3202,36.8783,0
PM-005,58,1.426,0.3173,36.651,0
PM-005,59,1.4251,0.3232,36.9163,0
PM-005,60,1.403,0.3635,36.9843,0
PM-005,61,1.4306,0.3748,36.6054,0
PM-005,62,1.4359,0.3355,36.9374,0
PM-005,63,1.4536,0.3404,37.0107,0
PM-005,64,1.4126,0.3291,37.1897,0
PM-005,65,1.4356,0.3359,36.4722,0
PM-005,66,1.443,0.3204,36.3753,0
PM-005,67,1.4259,0.2961,36.8815,0
PM-005,68,1.4312,0.3269,36.6196,0
PM-005,69,1.4213,0.3203,36.7536,0
PM-005,70,1.4186,0.3338,36.6515,0
PM-005,71,1.4166,0.3363,36.9325,0
PM-005,72,1.4131,0.3381,36.854,0
PM-005,73,1.398,0.3468,37.3151,0
PM-005,74,1.4219,0.3296,36.6343,0
PM-005,75,1.436,0.3398,36.221,0
PM-005,76,1.4063,0.3398,36.6547,0
PM-005,77,1.4003,0.3547,36.4583,0
PM-005,78,1.4244,0.3296,36.3746,0
PM-005,79,1.4273,0.338,36.5579,0
PM-005,80,1.4169,0.3412,36.1056,0
PM-005,81,1.4067,0.3354,36.5402,0
PM-005,82,1.4128,0.3457,36.5082,0
PM-005,83,1.4632,0.3058,36.0346,0
PM-005,84,1.4412,0.3174,36.4081,0
PM-005,85,1.4433,0.3247,36.9713,0
PM-005,86,1.4114,0.3376,36.5448,0
PM-005,87,1.4052,0.3581,37.0331,0
PM-005,88,1.4091,0.3295,37.1411,0
PM-005,89,1.4039,0.3181,36.8392,0
PM-005,90,1.469,0.333,37.0131,0
PM-005,91,1.4033,0.3376,36.5903,0
PM-005,92,1.461,0.3561,37.382,0
PM-005,93,1.4097,0.3327,36.8107,0
PM-005,94,1.4105,0.3341,36.9709,0
PM-005,95,1.4126,0.3216,36.4673,0
PM-005,96,1.3968,0.345,36.4865,0
PM-005,97,1.4074,0.3401,36.695,0
PM-005,98,1.4131,0.3443,36.5286,0
PM-005,99,1.3801,0.3522,36.4497,0
PM-005,100,1.4093,0.3214,36.7161,0
PM-005,101,1.4182,0.347,37.1917,0
PM-005,102,1.4101,0.3181,36.5416,0
PM-005,103,1.4324,0.3304,36.5481,0
PM-005,104,1.3977,0.299,36.3968,0
PM-005,105,1.4489,0.3387,36.6407,0
PM-005,106,1.4382,0.3128,36.7152,0
PM-005,107,1.3879,0.3373,36.776,0
PM-005,108,1.4293,0.3497,36.931,0
PM-005,109,1.3995,0.3499,36.6354,0
PM-005,110,1.3842,0.3305,36.8923,0
PM-005,111,1.4034,0.3521,36.4212,0
PM-005,112,1.414,0.3222,36.1855,0
PM-005,113,1.4038,0.3215,36.6592,0
PM-005,114,1.3636,0.3429,36.9102,0
PM-005,115,1.4473,0.3098,36.6103,0
PM-005,116,1.4425,0.3476,37.1419,0
PM-005,117,1.4257,0.3313,36.2308,0
PM-005,118,1.4449,0.3253,36.7084,0
PM-005,119,1.423,0.2962,36.4548,0
PM-005,120,1.4327,0.3314,36.8367,0
PM-005,121,1.4393,0.3198,36.5436,0
PM-005,122,1.4208,0.3438,36.628,0
PM-005,123,1.388,0.3292,36.9182,0
PM-005,124,1.4508,0.3364,36.2524,0
PM-005,125,1.4155,0.3393,36.9581,0
PM-005,126,1.4338,0.3284,36.9557,0
PM-005,127,1.4108,0.3349,36.9231,0
PM-005,128,1.4352,0.3411,36.8704,0
PM-005,129,1.4027,0.3324,36.4254,0
PM-005,130,1.4178,0.3146,36.8017,0
PM-005,131,1.3843,0.3414,36.7028,0
PM-005,132,1.4617,0.3291,36.6367,0
PM-005,133,1.4373,0.33,36.7806,0
PM-005,134,1.4435,0.3281,37.0568,0
PM-005,135,1.3901,0.3562,36.1617,0
PM-005,136,1.4507,0.3042,37.2924,0
PM-005,137,1.4269,0.318,37.2577,0
PM-005,138,1.4019,0.3287,37.4796,0
PM-005,139,1.4315,0.3018,36.6162,0
PM-005,140,1.4164,0.335,36.6849,0
PM-005,141,1.4346,0.3092,36.5338,0
PM-005,142,1.4299,0.3207,37.027,0
PM-005,143,1.4088,0.3343,36.6667,0
PM-005,144,1.4033,0.3331,36.3046,0
PM-005,145,1.4148,0.3326,36.27,0
PM-005,146,1.4361,0.3361,36.8578,0
PM-005,147,1.4237,0.3149,36.6982,0
PM-005,148,1.4361,0.3143,36.3649,0
PM-005,149,1.4187,0.3266,36.6933,0
PM-005,150,1.4178,0.3346,37.0647,0
PM-005,151,1.4344,0.333,36.3662,0
PM-005,152,1.4092,0.3448,36.5576,0
PM-005,153,1.4043,0.3636,37.1555,0
PM-005,154,1.4211,0.3159,36.9152,0
PM-005,155,1.4138,0.3455,36.5515,0
PM-005,156,1.4565,0.3244,37.4076,0
PM-005,157,1.4275,0.3529,36.5362,0
PM-005,158,1.3974,0.2976,37.0812,0
PM-005,159,1.425,0.3134,37.0936,0
PM-005,160,1.4468,0.3529,36.2963,0
PM-005,161,1.4486,0.3379,37.1265,0
PM-005,162,1.4345,0.3348,37.0762,0
PM-005,163,1.4407,0.3484,36.5518,0
PM-005,164,1.4202,0.3061,36.5302,0
PM-005,165,1.4394,0.3406,36.4043,0
PM-005,166,1.4493,0.3768,36.4274,0
PM-005,167,1.4195,0.3228,36.6697,0
PM-005,168,1.4291,0.3217,36.6151,0
PM-005,169,1.4254,0.3392,37.1381,0
PM-005,170,1.4233,0.3237,36.9071,0
PM-005,171,1.4316,0.3293,36.8437,0
PM-005,172,1.416,0.3242,36.1284,0
PM-005,173,1.4171,0.3057,36.5064,0
PM-005,174,1.4352,0.3096,36.6412,0
PM-005,175,1.4249,0.3286,36.5538,0
PM-005,176,1.4301,0.3391,36.6986,0
PM-005,177,1.4151,0.3451,36.305,0
PM-005,178,1.4374,0.3385,36.7579,0
PM-005,179,1.4234,0.3038,37.1144,0
PM-005,180,1.4404,0.3177,36.9258,0
PM-005,181,1.4274,0.3234,37.0557,0
PM-005,182,1.415,0.3525,36.8585,0
PM-005,183,1.4428,0.3408,36.858,0
PM-005,184,1.4279,0.3213,36.7169,0
PM-005,185,1.442,0.3429,36.8486,0
PM-005,186,1.3817,0.329,36.6027,0
PM-005,187,1.4016,0.3457,36.0906,0
PM-005,188,1.4404,0.3521,36.6352,0
PM-005,189,1.4222,0.3467,36.4691,0
PM-005,190,1.4369,0.3184,36.333,0
PM-005,191,1.4296,0.3318,36.1819,0
PM-005,192,1.4519,0.3259,36.8514,0
PM-005,193,1.4557,0.3359,37.0802,0
PM-005,194,1.4064,0.3535,36.4504,0
PM-005,195,1.4122,0.3103,36.7787,0
PM-005,196,1.4363,0.3437,36.2687,0
PM-005,197,1.4311,0.3383,36.8826,0
PM-005,198,1.4082,0.2946,36.9101,0
PM-005,199,1.4207,0.3364,36.6698,0
PM-005,200,1.4283,0.3432,36.1411,0
PM-005,201,1.4465,0.3294,37.1863,0
PM-005,202,1.4144,0.3219,36.6537,0
PM-005,203,1.4336,0.328,36.8699,0
PM-005,204,1.4159,0.3327,37.3692,0
PM-005,205,1.4308,0.3387,36.2564,0
PM-005,206,1.4507,0.3482,36.4839,0
PM-005,207,1.4446,0.3371,36.7121,0
PM-005,208,1.4495,0.3245,36.4815,0
PM-005,209,1.4278,0.3401,36.9881,0
PM-005,210,1.4206,0.3194,37.4568,0
PM-005,211,1.4019,0.333,36.9321,0
PM-005,212,1.4467,0.3236,36.1357,0
PM-005,213,1.4118,0.3451,36.8894,0
PM-005,214,1.437,0.3428,37.1002,0
PM-005,215,1.4081,0.3142,36.8093,0
PM-005,216,1.4027,0.3132,37.0654,0
PM-005,217,1.4286,0.3326,36.713,0
PM-005,218,1.4215,0.3504,36.2438,0
PM-005,219,1.3925,0.3181,36.7849,0
PM-005,220,1.4597,0.3452,36.8759,0
PM-005,221,1.422,0.3122,36.8527,0
PM-005,222,1.4642,0.3286,36.53,0
PM-005,223,1.4189,0.3412,36.7317,0
PM-005,224,1.4418,0.3317,36.6259,0
PM-005,225,1.4282,0.3241,37.2204,0
PM-005,226,1.4401,0.3157,36.4745,0
PM-005,227,1.4349,0.3349,36.7889,0
PM-005,228,1.4198,0.339,36.6476,0
PM-005,229,1.4349,0.3438,37.1802,0
PM-005,230,1.4133,0.332,36.3325,0
PM-005,231,1.4602,0.3025,37.203,0
PM-005,232,1.4255,0.3384,36.6485,0
PM-005,233,1.4243,0.341,36.2072,0
PM-005,234,1.4106,0.3195,36.8324,0
PM-005,235,1.4237,0.3414,36.7476,0
PM-005,236,1.4448,0.3211,36.7156,0
PM-005,237,1.4458,0.3458,36.2543,0
PM-005,238,1.4032,0.3309,36.6277,0
PM-005,239,1.4223,0.3441,36.785,0
PM-005,240,1.4306,0.3422,37.0204,0
PM-005,241,1.3625,0.3264,36.4333,0
PM-005,242,1.4331,0.3252,36.7209,0
PM-005,243,1.4407,0.3231,36.807,0
PM-005,244,1.4547,0.3446,36.2225,0
PM-005,245,1.4178,0.3375,36.864,0
PM-005,246,1.4186,0.3226,36.7185,0
PM-005,247,1.4019,0.3487,37.2588,0
PM-005,248,1.4315,0.3287,36.9805,0
PM-005,249,1.4391,0.328,36.6838,0
PM-005,250,1.4114,0.3346,36.7879,0
PM-005,251,1.408,0.316,36.3004,0
PM-005,252,1.432,0.332,36.6731,0
PM-005,253,1.4329,0.3186,36.3771,0
PM-005,254,1.4285,0.3062,36.6205,0
PM-005,255,1.473,0.3119,36.5693,0
PM-005,256,1.3812,0.3287,37.2881,0
PM-005,257,1.433,0.3229,37.3526,0
PM-005,258,1.3888,0.339,36.7177,0
PM-005,259,1.4187,0.3443,36.3436,0
PM-005,260,1.4299,0.3349,36.4369,0
PM-005,261,1.4626,0.3294,36.6566,0
PM-005,262,1.4031,0.3297,37.3986,0
PM-005,263,1.4186,0.3399,36.9834,0
PM-005,264,1.42,0.326,36.8399,0
PM-005,265,1.4188,0.3272,36.9802,0
PM-005,266,1.4222,0.3504,36.6706,0
PM-005,267,1.3973,0.2808,36.1467,0
PM-005,268,1.3903,0.3362,36.4068,0
PM-005,269,1.3842,0.3302,36.3736,0
PM-005,270,1.4329,0.3387,36.8614,0
PM-005,271,1.3725,0.3328,36.6618,0
PM-005,272,1.3992,0.3001,36.6656,0
PM-005,273,1.4449,0.2934,36.4484,0
PM-005,274,1.4263,0.349,36.6045,0
PM-005,275,1.4623,0.3052,36.0931,0
PM-005,276,1.444,0.2969,36.8366,0
PM-005,277,1.4177,0.3186,36.5702,0
PM-005,278,1.3979,0.3274,36.7034,0
PM-005,279,1.4153,0.3234,36.7744,0
PM-005,280,1.4568,0.3282,36.9442,0
PM-005,281,1.4043,0.3121,36.8342,0
PM-005,282,1.419,0.3491,37.0958,0
PM-005,283,1.4404,0.3444,35.6706,0
PM-005,284,1.4325,0.3451,36.3167,0
PM-005,285,1.4238,0.3165,37.0064,0
PM-005,286,1.4045,0.3203,36.559,0
PM-005,287,1.4686,0.3472,37.182,0
PM-005,288,1.3874,0.3131,37.0998,0
PM-005,289,1.3884,0.3221,37.3148,0
PM-005,290,1.4044,0.3048,36.7124,0
PM-005,291,1.388,0.3507,36.4297,0
PM-005,292,1.4017,0.3326,36.5769,0
PM-005,293,1.4287,0.34,36.633,0
PM-005,294,1.4004,0.3431,36.4902,0
PM-005,295,1.4063,0.3343,36.1196,0
PM-005,296,1.4315,0.3351,37.0347,0
PM-005,297,1.4136,0.352,36.8571,0
PM-005,298,1.4231,0.3594,36.7268,0
PM-005,299,1.4133,0.334,36.5365,0
PM-005,300,1.4311,0.352,36.6958,0
PM-005,301,1.4254,0.3441,37.0544,0
PM-005,302,1.4146,0.3347,36.9389,0
PM-005,303,1.4302,0.3042,36.993,0
PM-005,304,1.4341,0.3411,36.3405,0
PM-005,305,1.4267,0.3448,36.434,0
PM-005,306,1.4112,0.3451,36.4981,0
PM-005,307,1.4195,0.3166,37.2442,0
PM-005,308,1.4341,0.3283,36.5655,0
PM-005,309,1.3991,0.3305,36.8977,0
PM-005,310,1.4074,0.3337,36.588,0
PM-005,311,1.4512,0.3226,36.9313,0
PM-005,312,1.4515,0.3265,36.5216,0
PM-005,313,1.4421,0.3054,36.8274,0
PM-005,314,1.3921,0.3505,36.6226,0
PM-005,315,1.4218,0.3213,36.2234,0
PM-005,316,1.449,0.3296,37.6608,0
PM-005,317,1.4074,0.3225,36.429,0
PM-005,318,1.4201,0.3558,37.0012,0
PM-005,319,1.3935,0.3502,36.903,0
PM-005,320,1.4333,0.3219,36.5152,0
PM-005,321,1.4264,0.3239,37.092,0
PM-005,322,1.4117,0.303,36.3078,0
PM-005,323,1.3989,0.3282,36.763,0
PM-005,324,1.4247,0.3391,36.6225,0
PM-005,325,1.4193,0.3584,37.0598,0
PM-005,326,1.4318,0.3459,36.1203,0
PM-005,327,1.4072,0.3257,36.455,0
PM-005,328,1.3927,0.3385,37.1139,0
PM-005,329,1.4234,0.3419,36.6854,0
PM-005,330,1.4148,0.3459,36.2697,0
PM-005,331,1.3864,0.3105,36.9543,0
PM-005,332,1.4254,0.3378,37.2013,0
PM-005,333,1.4004,0.3502,36.5793,0
PM-005,334,1.4127,0.3334,36.7695,0
PM-005,335,1.4194,0.3413,36.7238,0
PM-005,336,1.4197,0.3259,36.7697,0
PM-005,337,1.3965,0.316,36.588,0
PM-005,338,1.4345,0.3643,36.6504,0
PM-005,339,1.3882,0.3203,36.8959,0
PM-005,340,1.4042,0.3126,36.8943,0
PM-005,341,1.4329,0.3101,36.4297,0
PM-005,342,1.4485,0.3449,36.339,0
PM-005,343,1.3839,0.3362,36.6094,0
PM-005,344,1.4273,0.3417,36.4113,0
PM-005,345,1.415,0.3187,36.4392,0
PM-005,346,1.4349,0.3343,36.2293,0
PM-005,347,1.4381,0.3269,36.9295,0
PM-005,348,1.4033,0.3183,36.7737,0
PM-005,349,1.4017,0.328,36.3352,0
PM-005,350,1.4158,0.3317,36.7028,0
PM-005,351,1.4163,0.3372,36.7425,0
PM-005,352,1.4219,0.3228,37.0187,0
PM-005,353,1.4314,0.3166,36.8929,0
PM-005,354,1.4411,0.3309,36.6937,0
PM-005,355,1.3825,0.3195,36.9513,0
PM-005,356,1.408,0.3298,36.4406,0
PM-005,357,1.4283,0.3381,36.8243,0
PM-005,358,1.4009,0.3338,37.1712,0
PM-005,359,1.4386,0.3336,36.1189,0
PM-005,360,1.4187,0.3569,37.0938,0
PM-005,361,1.4329,0.3214,36.7139,0
PM-005,362,1.4391,0.3463,36.792,0
PM-005,363,1.4407,0.3313,36.6673,0
PM-005,364,1.4145,0.3385,36.9983,0
PM-005,365,1.4378,0.3139,36.3488,0
PM-005,366,1.4457,0.3348,36.7629,0
PM-005,367,1.4275,0.3584,36.5643,0
PM-005,368,1.446,0.3357,36.218,0
PM-005,369,1.4071,0.3231,37.0261,0
PM-005,370,1.4482,0.3375,36.5414,0
PM-005,371,1.4054,0.3492,36.3128,0
PM-005,372,1.4216,0.3676,36.5423,0
PM-005,373,1.3982,0.3057,37.4194,0
PM-005,374,1.4306,0.3191,36.6414,0
PM-005,375,1.4104,0.3042,36.9346,0
PM-005,376,1.4243,0.3427,36.7002,0
PM-005,377,1.4263,0.2986,36.9705,0
PM-005,378,1.4019,0.3197,36.5398,0
PM-005,379,1.3825,0.3234,36.5025,0
PM-005,380,1.4161,0.3066,36.9765,0
PM-005,381,1.4316,0.3192,36.5237,0
PM-005,382,1.4404,0.3283,36.326,0
PM-005,383,1.422,0.3158,36.4858,0
PM-005,384,1.4226,0.348,37.3052,0
PM-005,385,1.4509,0.3311,37.3754,0
PM-005,386,1.4348,0.3175,36.7266,0
PM-005,387,1.4105,0.3134,36.3459,0
PM-005,388,1.4207,0.3435,37.0186,0
PM-005,389,1.3987,0.3276,36.8442,0
PM-005,390,1.4267,0.3426,36.5678,0
PM-005,391,1.4491,0.3321,36.9255,0
PM-005,392,1.416,0.333,36.2194,0
PM-005,393,1.4069,0.329,36.7282,0
PM-005,394,1.4773,0.3264,36.2852,0
PM-005,395,1.4577,0.3483,36.3512,0
PM-005,396,1.4329,0.3447,36.7473,0
PM-005,397,1.4302,0.3227,36.8493,0
PM-005,398,1.4138,0.2925,36.7571,0
PM-005,399,1.3901,0.3474,36.3589,0
PM-005,400,1.3746,0.3056,36.6857,0
PM-005,401,1.4274,0.311,36.3765,0
PM-005,402,1.4235,0.3467,36.3352,0
PM-005,403,1.4312,0.3061,36.793,0
PM-005,404,1.4388,0.34,36.9965,0
PM-005,405,1.4422,0.3599,36.7308,0
PM-005,406,1.4606,0.318,36.6366,0
PM-005,407,1.4213,0.3165,35.99,0
PM-005,408,1.441,0.3182,36.5779,0
PM-005,409,1.4553,0.3407,37.2203,0
PM-005,410,1.426,0.3405,36.626,0
PM-005,411,1.4067,0.3404,36.5674,0
PM-005,412,1.4365,0.3236,36.6456,0
PM-005,413,1.4217,0.3483,36.5709,0
PM-005,414,1.4474,0.3186,36.7791,0
PM-005,415,1.4099,0.3489,36.4526,0
PM-005,416,1.4093,0.3133,36.7291,0
PM-005,417,1.4355,0.3394,36.6549,0
PM-005,418,1.4104,0.328,36.626,0
PM-005,419,1.4287,0.3349,37.2201,0
PM-005,420,1.4244,0.3376,36.7196,0
PM-005,421,1.4171,0.3375,36.572,0
PM-005,422,1.4225,0.3495,36.5526,0
PM-005,423,1.4314,0.2949,36.6426,0
PM-005,424,1.4138,0.334,36.6273,0
PM-005,425,1.4265,0.3265,36.8141,0
PM-005,426,1.3893,0.3338,36.4171,0
PM-005,427,1.447,0.3179,36.9968,0
PM-005,428,1.4234,0.3047,36.4353,0
PM-005,429,1.4406,0.344,36.3084,0
PM-005,430,1.4549,0.3318,36.9636,0
PM-005,431,1.3994,0.3253,36.823,0
PM-005,432,1.4174,0.2883,36.641,0
PM-005,433,1.3843,0.3161,36.2773,0
PM-005,434,1.4463,0.3539,36.8007,0
PM-005,435,1.419,0.3326,37.0377,0
PM-005,436,1.384,0.316,36.9994,0
PM-005,437,1.4479,0.341,36.3847,0
PM-005,438,1.4434,0.3526,36.9137,0
PM-005,439,1.3738,0.334,36.8738,0
PM-005,440,1.4133,0.335,36.5441,0
PM-005,441,1.4064,0.3548,36.7627,0
PM-005,442,1.4015,0.3115,36.4399,0
PM-005,443,1.4065,0.3344,36.8439,0
PM-005,444,1.4333,0.3209,36.9744,0
PM-005,445,1.4482,0.3283,36.3886,0
PM-005,446,1.4256,0.3646,36.3807,0
PM-005,447,1.4131,0.333,36.8607,0
PM-005,448,1.3839,0.3517,37.0859,0
PM-005,449,1.4151,0.3728,37.0665,0
PM-005,450,1.4471,0.35,37.0458,0
PM-005,451,1.4232,0.3303,36.4151,0
PM-005,452,1.4121,0.3275,36.7178,0
PM-005,453,1.4556,0.3006,37.1017,0
PM-005,454,1.4034,0.3306,36.4809,0
PM-005,455,1.4607,0.3247,36.8546,0
PM-005,456,1.4351,0.3148,36.6692,0
PM-005,457,1.4477,0.3191,36.9469,0
PM-005,458,1.417,0.3496,37.2224,0
PM-005,459,1.3835,0.3121,36.5666,0
PM-005,460,1.4529,0.3401,36.3248,0
PM-005,461,1.4372,0.3184,36.9593,0
PM-005,462,1.4344,0.3184,36.6784,0
PM-005,463,1.4481,0.3038,36.7885,0
PM-005,464,1.4015,0.3319,36.8355,0
PM-005,465,1.4639,0.3318,37.1378,0
PM-005,466,1.4068,0.3247,36.8743,0
PM-005,467,1.4277,0.3272,36.5915,0
PM-005,468,1.4503,0.3278,36.3919,0
PM-005,469,1.4065,0.3422,37.3751,0
PM-005,470,1.4132,0.3644,36.6949,0
PM-005,471,1.418,0.3185,36.6388,0
PM-005,472,1.4085,0.3196,36.2026,0
PM-005,473,1.459,0.3481,36.7797,0
PM-005,474,1.4208,0.3321,36.4651,0
PM-005,475,1.401,0.3429,36.6195,0
PM-005,476,1.4302,0.3072,36.6036,0
PM-005,477,1.4006,0.3394,36.9968,0
PM-005,478,1.4528,0.3227,36.3598,0
PM-005,479,1.4153,0.3217,36.8276,0
PM-006,0,1.3221,0.3036,38.9145,0
PM-006,1,1.307,0.2993,39.6428,0
PM-006,2,1.3257,0.2676,39.2907,0
PM-006,3,1.3243,0.2992,39.4997,0
PM-006,4,1.3494,0.3032,39.3992,0
PM-006,5,1.3626,0.2918,39.3879,0
PM-006,6,1.3461,0.297,40.0697,0
PM-006,7,1.3476,0.2686,39.095,0
PM-006,8,1.3366,0.2871,39.4402,0
PM-006,9,1.3654,0.2895,38.7367,0
PM-006,10,1.3448,0.2829,39.2173,0
PM-006,11,1.3404,0.3093,39.2367,0
PM-006,12,1.332,0.2703,39.1398,0
PM-006,13,1.3419,0.2872,39.3868,0
PM-006,14,1.3151,0.2797,39.1701,0
PM-006,15,1.3316,0.2857,39.1361,0
PM-006,16,1.3565,0.2896,38.5633,0
PM-006,17,1.3307,0.2985,39.383,0
PM-006,18,1.3591,0.3076,39.1897,0
PM-006,19,1.348,0.2759,38.5018,0
PM-006,20,1.3144,0.2806,38.7463,0
PM-006,21,1.3369,0.2842,39.4356,0
PM-006,22,1.3234,0.2932,39.0283,0
PM-006,23,1.3226,0.2802,38.5388,0
PM-006,24,1.3577,0.3121,39.074,0
PM-006,25,1.3434,0.2867,38.9082,0
PM-006,26,1.3569,0.2959,38.2806,0
PM-006,27,1.3221,0.2603,39.6208,0
PM-006,28,1.3393,0.2947,39.0482,0
PM-006,29,1.3648,0.304,39.0896,0
PM-006,30,1.3771,0.2939,38.7162,0
PM-006,31,1.3448,0.2989,39.1142,0
PM-006,32,1.3345,0.3176,38.7985,0
PM-006,33,1.2875,0.3154,38.7864,0
PM-006,34,1.337,0.2854,39.5237,0
PM-006,35,1.3715,0.2717,39.5613,0
PM-006,36,1.3695,0.2914,39.434,0
PM-006,37,1.3634,0.2873,39.1069,0
PM-006,38,1.3546,0.2667,39.0481,0
PM-006,39,1.3188,0.3125,39.0445,0
PM-006,40,1.3483,0.2878,39.0692,0
PM-006,41,1.347,0.2801,39.0947,0
PM-006,42,1.3387,0.2848,39.2715,0
PM-006,43,1.3338,0.3153,39.3429,0
PM-006,44,1.3158,0.2994,38.9474,0
PM-006,45,1.3455,0.2801,38.4959,0
PM-006,46,1.3423,0.2696,39.2801,0
PM-006,47,1.3463,0.282,39.7019,0
PM-006,48,1.318,0.2817,38.818,0
PM-006,49,1.3836,0.3114,38.7276,0
PM-006,50,1.3263,0.2792,38.989,0
PM-006,51,1.3219,0.282,39.4557,0
PM-006,52,1.3817,0.2679,38.8419,0
PM-006,53,1.347,0.2674,39.226,0
PM-006,54,1.3536,0.3016,39.3079,0
PM-006,55,1.3321,0.2884,38.8004,0
PM-006,56,1.3521,0.3152,39.2929,0
PM-006,57,1.3289,0.306,39.8639,0
PM-006,58,1.3476,0.2994,39.3575,0
PM-006,59,1.3107,0.2849,39.0001,0
PM-006,60,1.3595,0.3019,39.118,0
PM-006,61,1.3313,0.2658,39.1496,0
PM-006,62,1.3237,0.2749,39.4321,0
PM-006,63,1.3592,0.2838,38.6835,0
PM-006,64,1.3263,0.306,39.2945,0
PM-006,65,1.3333,0.292,38.5318,0
PM-006,66,1.2998,0.3208,39.3062,0
PM-006,67,1.3428,0.2851,38.6257,0
PM-006,68,1.3626,0.274,39.3655,0
PM-006,69,1.3454,0.2903,38.7635,0
PM-006,70,1.317,0.2969,39.178,0
PM-006,71,1.3437,0.2954,38.5732,0
PM-006,72,1.3631,0.2858,39.5051,0
PM-006,73,1.3026,0.2996,39.3221,0
PM-006,74,1.313,0.2815,38.8364,0
PM-006,75,1.36,0.2957,39.6339,0
PM-006,76,1.3468,0.3021,39.5058,0
PM-006,77,1.3539,0.2853,38.9831,0
PM-006,78,1.3412,0.303,38.9244,0
PM-006,79,1.3558,0.2959,38.7782,0
PM-006,80,1.3548,0.2932,38.9891,0
PM-006,81,1.3453,0.2834,39.2285,0
PM-006,82,1.3394,0.2682,39.1128,0
PM-006,83,1.3339,0.3006,39.4181,0
PM-006,84,1.3326,0.2793,38.6502,0
PM-006,85,1.3265,0.2863,38.7524,0
PM-006,86,1.3606,0.295,39.1181,0
PM-006,87,1.3424,0.2957,39.3441,0
PM-006,88,1.359,0.2865,39.1116,0
PM-006,89,1.3462,0.2884,39.4159,0
PM-006,90,1.3673,0.2963,38.8818,0
PM-006,91,1.3529,0.2969,38.8566,0
PM-006,92,1.3504,0.2829,39.378,0
PM-006,93,1.3528,0.2944,39.1658,0
PM-006,94,1.3001,0.2729,39.115,0
PM-006,95,1.3732,0.2996,39.6984,0
PM-006,96,1.3444,0.2906,39.5818,0
PM-006,97,1.3396,0.2763,39.2492,0
PM-006,98,1.3652,0.2787,39.3309,0
PM-006,99,1.3409,0.2979,39.2483,0
PM-006,100,1.3345,0.2895,39.0482,0
PM-006,101,1.3451,0.2784,38.9721,0
PM-006,102,1.3345,0.297,38.7296,0
PM-006,103,1.3406,0.2805,39.0308,0
PM-006,104,1.3296,0.294,39.1071,0
PM-006,105,1.357,0.2971,38.6931,0
PM-006,106,1.3236,0.2885,39.1413,0
PM-006,107,1.3253,0.3107,39.4136,0
PM-006,108,1.3099,0.2963,39.1405,0
PM-006,109,1.3676,0.2676,39.7722,0
PM-006,110,1.3259,0.2968,38.9723,0
PM-006,111,1.3352,0.2658,39.5133,0
PM-006,112,1.3374,0.2881,39.848,0
PM-006,113,1.362,0.2811,38.9711,0
PM-006,114,1.348,0.3027,39.6799,0
PM-006,115,1.3106,0.302,39.4205,0
PM-006,116,1.327,0.2857,38.6651,0
PM-006,117,1.3328,0.2946,39.6325,0
PM-006,118,1.3765,0.2757,39.5916,0
PM-006,119,1.3038,0.2823,39.0637,0
PM-006,120,1.3478,0.2927,39.2639,0
PM-006,121,1.3391,0.3055,39.3618,0
PM-006,122,1.337,0.3037,39.7747,0
PM-006,123,1.3293,0.3162,38.9792,0
PM-006,124,1.371,0.2829,39.3839,0
PM-006,125,1.3464,0.2643,39.7289,0
PM-006,126,1.3249,0.2721,38.9624,0
PM-006,127,1.3934,0.2723,39.2077,0
PM-006,128,1.3203,0.2768,38.6744,0
PM-006,129,1.3491,0.2887,38.8148,0
PM-006,130,1.3602,0.3058,39.2764,0
PM-006,131,1.3662,0.2859,39.2509,0
PM-006,132,1.3359,0.2685,39.22,0
PM-006,133,1.3459,0.2906,39.2664,0
PM-006,134,1.371,0.288,38.8671,0
PM-006,135,1.3378,0.289,39.4493,0
PM-006,136,1.3449,0.2739,39.3959,0
PM-006,137,1.3557,0.2927,39.4387,0
PM-006,138,1.3651,0.2854,38.8842,0
PM-006,139,1.3425,0.2991,39.1226,0
PM-006,140,1.323,0.2935,38.5442,0
PM-006,141,1.3363,0.3039,39.4258,0
PM-006,142,1.2676,0.2882,39.334,0
PM-006,143,1.3193,0.2855,39.5165,0
PM-006,144,1.3331,0.3151,38.9319,0
PM-006,145,1.371,0.2916,38.8907,0
PM-006,146,1.371,0.273,38.9154,0
PM-006,147,1.3526,0.2923,39.2364,0
PM-006,148,1.3354,0.2731,38.9585,0
PM-006,149,1.3692,0.271,39.6476,0
PM-006,150,1.3491,0.2821,38.5536,0
PM-006,151,1.3054,0.2858,39.0111,0
PM-006,152,1.3451,0.3169,39.3155,0
PM-006,153,1.3402,0.3094,39.1994,0
PM-006,154,1.3748,0.281,38.8099,0
PM-006,155,1.3028,0.2895,38.7838,0
PM-006,156,1.3178,0.3066,38.6376,0
PM-006,157,1.3448,0.2899,39.1819,0
PM-006,158,1.3705,0.2787,39.5697,0
PM-006,159,1.3076,0.3009,39.5971,0
PM-006,160,1.2617,0.2906,39.1192,0
PM-006,161,1.3442,0.3168,38.9251,0
PM-006,162,1.3191,0.2923,39.4915,0
PM-006,163,1.3539,0.2916,39.0854,0
PM-006,164,1.3026,0.2999,39.3658,0
PM-006,165,1.3289,0.2841,38.8397,0
PM-006,166,1.3601,0.2856,39.1094,0
PM-006,167,1.3554,0.296,39.3232,0
PM-006,168,1.3463,0.2941,39.2105,0
PM-006,169,1.3518,0.2986,38.7868,0
PM-006,170,1.3308,0.2881,39.2898,0
PM-006,171,1.3747,0.2789,39.4178,0
PM-006,172,1.3314,0.3117,39.7279,0
PM-006,173,1.3078,0.2862,38.4491,0
PM-006,174,1.309,0.2667,39.3414,0
PM-006,175,1.3515,0.3031,39.3366,0
PM-006,176,1.3525,0.2928,39.115,0
PM-006,177,1.3632,0.2913,39.3118,0
PM-006,178,1.2962,0.2735,39.4483,0
PM-006,179,1.3294,0.2702,39.3466,0
PM-006,180,1.3428,0.285,39.6069,0
PM-006,181,1.3695,0.2883,39.3709,0
PM-006,182,1.298,0.3075,38.8282,0
PM-006,183,1.3137,0.2643,38.5954,0
PM-006,184,1.3644,0.3006,38.9245,0
PM-006,185,1.3599,0.2822,39.2513,0
PM-006,186,1.3331,0.2893,38.8818,0
PM-006,187,1.3276,0.2993,39.3656,0
PM-006,188,1.3345,0.2682,39.8956,0
PM-006,189,1.3435,0.2958,38.7758,0
PM-006,190,1.3671,0.3116,38.6418,0
PM-006,191,1.3407,0.2884,39.8707,0
PM-006,192,1.3716,0.2693,38.9358,0
PM-006,193,1.3249,0.2967,39.6259,0
PM-006,194,1.345,0.2986,38.9549,0
PM-006,195,1.3527,0.284,38.662,0
PM-006,196,1.3514,0.291,38.8251,0
PM-006,197,1.3757,0.2796,39.3369,0
PM-006,198,1.3355,0.3143,39.0829,0
PM-006,199,1.3093,0.3033,39.6161,0
PM-006,200,1.3342,0.3013,39.193,0
PM-006,201,1.3351,0.3037,38.9142,0
PM-006,202,1.3434,0.295,39.2205,0
PM-006,203,1.3273,0.322,39.5329,0
PM-006,204,1.3626,0.3126,39.1748,0
PM-006,205,1.3353,0.2748,38.9432,0
PM-006,206,1.3225,0.2832,39.2372,0
PM-006,207,1.3611,0.3044,38.8028,0
PM-006,208,1.3566,0.3083,39.0779,0
PM-006,209,1.3667,0.3042,38.7748,0
PM-006,210,1.3866,0.2804,39.4414,0
PM-006,211,1.3612,0.2727,39.2079,0
PM-006,212,1.361,0.2726,39.1841,0
PM-006,213,1.3626,0.307,39.0351,0
PM-006,214,1.3737,0.3107,39.2266,0
PM-006,215,1.3296,0.2736,39.2675,0
PM-006,216,1.3721,0.2889,38.8965,0
PM-006,217,1.3593,0.2937,39.309,0
PM-006,218,1.3323,0.2856,38.9952,0
PM-006,219,1.3528,0.286,39.3319,0
PM-006,220,1.3303,0.2986,39.3653,0
PM-006,221,1.3494,0.3049,39.0098,0
PM-006,222,1.3566,0.2946,38.9113,0
PM-006,223,1.3046,0.2657,38.4917,0
PM-006,224,1.3513,0.2862,39.1804,0
PM-006,225,1.3392,0.2998,39.3375,0
PM-006,226,1.3436,0.2927,39.1972,0
PM-006,227,1.3706,0.261,38.9531,0
PM-006,228,1.3601,0.3077,39.2824,0
PM-006,229,1.3391,0.319,39.2076,0
PM-006,230,1.3434,0.3111,39.2969,0
PM-006,231,1.3616,0.307,39.0425,0
PM-006,232,1.3781,0.2542,38.5603,0
PM-006,233,1.3292,0.2848,39.263,0
PM-006,234,1.329,0.2909,39.0927,0
PM-006,235,1.3829,0.279,38.6493,0
PM-006,236,1.3652,0.2804,39.1267,0
PM-006,237,1.3298,0.3022,38.7419,0
PM-006,238,1.2868,0.3105,39.2285,0
PM-006,239,1.3642,0.31,38.8793,0
PM-006,240,1.344,0.2987,39.1217,0
PM-006,241,1.3365,0.2879,39.4793,0
PM-006,242,1.3376,0.3001,39.2583,0
PM-006,243,1.3235,0.2956,38.6926,0
PM-006,244,1.3508,0.3045,39.4906,0
PM-006,245,1.3237,0.2831,39.2394,0
PM-006,246,1.3333,0.2622,38.9917,0
PM-006,247,1.3484,0.3071,39.661,0
PM-006,248,1.3453,0.2996,39.4425,0
PM-006,249,1.3018,0.2758,39.185,0
PM-006,250,1.3739,0.3005,39.2531,0
PM-006,251,1.3382,0.2975,38.9753,0
PM-006,252,1.3272,0.2807,39.5564,0
PM-006,253,1.326,0.2851,39.2955,0
PM-006,254,1.3252,0.2945,39.222,0
PM-006,255,1.3303,0.2872,38.8711,0
PM-006,256,1.3704,0.295,38.8396,0
PM-006,257,1.3453,0.2937,38.4812,0
PM-006,258,1.3696,0.2763,39.7813,0
PM-006,259,1.3587,0.2742,39.0599,0
PM-006,260,1.3612,0.2875,39.5077,0
PM-006,261,1.3353,0.2899,39.4393,0
PM-006,262,1.3548,0.2772,39.2844,0
PM-006,263,1.3461,0.2774,38.7371,0
PM-006,264,1.3041,0.2867,39.138,0
PM-006,265,1.3529,0.3034,39.0301,0
PM-006,266,1.3411,0.2797,39.1804,0
PM-006,267,1.3621,0.2926,39.5032,0
PM-006,268,1.3618,0.313,39.193,0
PM-006,269,1.3321,0.3004,39.0423,0
PM-006,270,1.3546,0.2812,38.9057,0
PM-006,271,1.3671,0.2759,39.4609,0
PM-006,272,1.3545,0.2925,38.5864,0
PM-006,273,1.3725,0.2771,39.4402,0
PM-006,274,1.329,0.2795,39.3548,0
PM-006,275,1.3535,0.2739,39.5852,0
PM-006,276,1.3387,0.2921,39.0651,0
PM-006,277,1.3207,0.3021,39.2411,0
PM-006,278,1.3267,0.3053,39.1707,0
PM-006,279,1.3443,0.3177,38.6718,0
PM-006,280,1.3103,0.2702,39.2633,0
PM-006,281,1.3356,0.2869,38.8715,0
PM-006,282,1.3761,0.3211,39.4239,0
PM-006,283,1.3126,0.2838,39.4025,0
PM-006,284,1.3419,0.3046,39.5286,0
PM-006,285,1.3809,0.2813,39.1786,0
PM-006,286,1.334,0.2611,39.3647,0
PM-006,287,1.354,0.2829,38.6748,0
PM-006,288,1.3351,0.3021,39.5554,0
PM-006,289,1.3285,0.3077,39.341,0
PM-006,290,1.351,0.2717,38.7792,0
PM-006,291,1.3262,0.2862,39.6944,0
PM-006,292,1.3295,0.3027,39.0148,0
PM-006,293,1.3522,0.2902,39.2073,0
PM-006,294,1.3502,0.2874,39.2666,0
PM-006,295,1.3675,0.2798,39.51,0
PM-006,296,1.3375,0.2855,39.3641,0
PM-006,297,1.3359,0.2959,39.2219,0
PM-006,298,1.3011,0.2974,38.7219,0
PM-006,299,1.3155,0.2966,39.3152,0
PM-006,300,1.3669,0.2748,38.9318,0
PM-006,301,1.3521,0.3095,39.2119,0
PM-006,302,1.3252,0.3137,39.0755,0
PM-006,303,1.3381,0.2696,39.3714,0
PM-006,304,1.3598,0.2805,39.6796,0
PM-006,305,1.331,0.3005,39.2213,0
PM-006,306,1.3023,0.2993,39.2905,0
PM-006,307,1.3074,0.314,39.2917,0
PM-006,308,1.3676,0.2654,39.0311,0
PM-006,309,1.3664,0.2676,39.0399,0
PM-006,310,1.3509,0.2627,38.7578,0
PM-006,311,1.3704,0.292,39.5072,0
PM-006,312,1.3464,0.3279,39.2858,0
PM-006,313,1.3682,0.2874,39.2174,0
PM-006,314,1.3556,0.3032,39.1425,0
PM-006,315,1.3428,0.2986,39.3046,0
PM-006,316,1.3223,0.2945,39.2504,0
PM-006,317,1.3232,0.3047,39.278,0
PM-006,318,1.3894,0.2907,39.495,0
PM-006,319,1.3536,0.3199,38.8632,0
PM-006,320,1.3329,0.2771,39.1308,0
PM-006,321,1.3203,0.2682,38.5142,0
PM-006,322,1.2988,0.3009,39.0176,0
PM-006,323,1.3181,0.2812,38.9958,0
PM-006,324,1.3235,0.3152,39.5793,0
PM-006,325,1.3745,0.2938,39.2384,0
PM-006,326,1.3297,0.2784,39.1607,0
PM-006,327,1.3558,0.309,38.9904,0
PM-006,328,1.3177,0.3021,38.6088,0
PM-006,329,1.342,0.2924,39.0406,0
PM-006,330,1.3119,0.2856,39.647,0
PM-006,331,1.3546,0.3085,38.7891,0
PM-006,332,1.3479,0.2924,39.1865,0
PM-006,333,1.3539,0.2933,38.7974,0
PM-006,334,1.355,0.3037,39.5501,0
PM-006,335,1.37,0.2982,38.8114,0
PM-006,336,1.3122,0.2877,39.4301,0
PM-006,337,1.3599,0.2952,39.1432,0
PM-006,338,1.3808,0.2997,39.128,0
PM-006,339,1.3299,0.276,38.8221,0
PM-006,340,1.3226,0.2953,39.1488,0
PM-006,341,1.3363,0.3021,39.697,0
PM-006,342,1.3263,0.281,38.4891,0
PM-006,343,1.3422,0.2892,39.4221,0
PM-006,344,1.341,0.2823,39.212,0
PM-006,345,1.3539,0.2668,39.4563,0
PM-006,346,1.3689,0.2993,38.8738,0
PM-006,347,1.3363,0.3088,38.8607,0
PM-006,348,1.3553,0.2903,39.2023,0
PM-006,349,1.3261,0.2961,39.2319,0
PM-006,350,1.3126,0.291,39.3384,0
PM-006,351,1.3351,0.2544,39.1198,0
PM-006,352,1.3721,0.2859,39.5828,0
PM-006,353,1.3265,0.2737,39.1527,0
PM-006,354,1.3263,0.296,39.0424,0
PM-006,355,1.3723,0.2845,39.1811,0
PM-006,356,1.3547,0.3054,39.5981,0
PM-006,357,1.3381,0.2851,38.58,0
PM-006,358,1.3836,0.2965,39.3798,0
PM-006,359,1.3539,0.2918,39.2593,0
PM-006,360,1.3316,0.2866,38.8692,0
PM-006,361,1.3739,0.2995,39.7471,0
PM-006,362,1.3887,0.27,39.4498,0
PM-006,363,1.3156,0.2938,39.2486,0
PM-006,364,1.317,0.28,39.2623,0
PM-006,365,1.3463,0.2758,38.9448,0
PM-006,366,1.3129,0.2731,39.0428,0
PM-006,367,1.3625,0.3078,39.7042,0
PM-006,368,1.3513,0.2939,39.3028,0
PM-006,369,1.3525,0.2669,39.7209,0
PM-006,370,1.3042,0.3083,39.1711,0
PM-006,371,1.321,0.2991,39.1188,0
PM-006,372,1.3291,0.2704,38.7146,0
PM-006,373,1.3306,0.2853,38.7911,0
PM-006,374,1.3435,0.2751,39.2623,0
PM-006,375,1.3674,0.2954,39.1261,0
PM-006,376,1.3321,0.3128,39.0962,0
PM-006,377,1.3926,0.2734,39.2412,0
PM-006,378,1.371,0.2807,39.0834,0
PM-006,379,1.3553,0.2969,39.3221,0
PM-006,380,1.366,0.2859,39.5853,0
PM-006,381,1.3084,0.3073,39.4984,0
PM-006,382,1.3273,0.2693,39.0846,0
PM-006,383,1.3508,0.2861,39.3048,0
PM-006,384,1.3815,0.2706,38.568,0
PM-006,385,1.3414,0.2809,39.0101,0
PM-006,386,1.3681,0.2893,39.1455,0
PM-006,387,1.334,0.2905,39.2348,0
PM-006,388,1.3985,0.2953,39.503,0
PM-006,389,1.3465,0.2607,38.9841,0
PM-006,390,1.3483,0.302,39.2173,0
PM-006,391,1.3612,0.2692,39.1689,0
PM-006,392,1.3693,0.2765,39.4904,0
PM-006,393,1.3641,0.2725,39.2556,0
PM-006,394,1.3459,0.2885,38.6961,0
PM-006,395,1.3375,0.2888,38.6447,0
PM-006,396,1.3167,0.2772,38.8397,0
PM-006,397,1.3493,0.3048,39.0611,0
PM-006,398,1.3581,0.3054,39.1286,0
PM-006,399,1.3509,0.2878,38.8174,0
PM-006,400,1.3278,0.296,39.1178,0
PM-006,401,1.3575,0.2628,38.6602,0
PM-006,402,1.3122,0.2936,38.7408,0
PM-006,403,1.3492,0.3024,39.6091,0
PM-006,404,1.3709,0.2807,38.6533,0
PM-006,405,1.3301,0.3058,39.0373,0
PM-006,406,1.3423,0.2827,39.6286,0
PM-006,407,1.3225,0.2921,39.4867,0
PM-006,408,1.3796,0.2807,39.4425,0
PM-006,409,1.3301,0.3118,39.6731,0
PM-006,410,1.325,0.3009,39.4882,0
PM-006,411,1.3369,0.2993,39.3342,0
PM-006,412,1.383,0.2615,39.1374,0
PM-006,413,1.3178,0.2913,38.9194,0
PM-006,414,1.3377,0.278,39.2008,0
PM-006,415,1.3642,0.2855,39.5834,0
PM-006,416,1.3637,0.3216,39.2776,0
PM-006,417,1.3415,0.2673,38.9197,0
PM-006,418,1.3386,0.2898,39.8588,0
PM-006,419,1.3386,0.2646,39.3536,0
PM-006,420,1.3549,0.2842,39.7925,0
PM-006,421,1.3048,0.3098,39.0669,0
PM-006,422,1.3238,0.3271,39.3752,0
PM-006,423,1.3368,0.2863,39.2368,0
PM-006,424,1.3335,0.3106,39.1805,0
PM-006,425,1.3631,0.2942,39.4152,0
PM-006,426,1.3697,0.3163,39.3015,0
PM-006,427,1.3254,0.2885,39.1464,0
PM-006,428,1.3313,0.28,39.2066,0
PM-006,429,1.3231,0.2734,38.6459,0
PM-006,430,1.3524,0.2962,39.0568,0
PM-006,431,1.3627,0.2761,39.2685,0
PM-006,432,1.3439,0.28,39.0065,0
PM-006,433,1.3314,0.2949,39.3322,0
PM-006,434,1.3342,0.2804,39.1954,0
PM-006,435,1.3097,0.2916,39.6227,0
PM-006,436,1.3287,0.2884,39.4616,0
PM-006,437,1.3579,0.292,39.1367,0
PM-006,438,1.3181,0.2985,38.7512,0
PM-006,439,1.3015,0.3062,39.2703,0
PM-006,440,1.3604,0.2801,39.2941,0
PM-006,441,1.334,0.2862,39.4463,0
PM-006,442,1.3398,0.2807,38.7446,0
PM-006,443,1.35,0.307,38.9193,0
PM-006,444,1.3566,0.277,39.379,0
PM-006,445,1.3434,0.2951,38.945,0
PM-006,446,1.3499,0.2821,39.0301,0
PM-006,447,1.3124,0.2795,38.9966,0
PM-006,448,1.349,0.3,38.9718,0
PM-006,449,1.3395,0.3164,39.1935,0
PM-006,450,1.332,0.2659,38.898,0
PM-006,451,1.3249,0.3208,38.8997,0
PM-006,452,1.3438,0.2967,39.4862,0
PM-006,453,1.3429,0.2834,38.9813,0
PM-006,454,1.3499,0.2808,38.823,0
PM-006,455,1.3326,0.2712,39.7094,0
PM-006,456,1.3547,0.3154,39.2998,0
PM-006,457,1.3733,0.2966,39.3721,0
PM-006,458,1.3001,0.2774,39.1653,0
PM-006,459,1.344,0.29,39.2901,0
PM-006,460,1.3527,0.3041,39.3549,0
PM-006,461,1.3669,0.3093,39.2066,0
PM-006,462,1.3844,0.3115,38.9121,0
PM-006,463,1.3506,0.2635,38.652,0
PM-006,464,1.3328,0.278,39.0062,0
PM-006,465,1.3493,0.3095,39.5057,0
PM-006,466,1.351,0.2748,38.987,0
PM-006,467,1.3555,0.2787,38.7741,0
PM-006,468,1.3526,0.2904,39.0909,0
PM-006,469,1.365,0.3074,39.6886,0
PM-006,470,1.3297,0.2975,39.1599,0
PM-006,471,1.3495,0.2741,38.7335,0
PM-006,472,1.342,0.2785,39.4357,0
PM-006,473,1.3128,0.2698,39.0292,0
PM-006,474,1.312,0.3162,39.0993,0
PM-006,475,1.3307,0.2981,39.4194,0
PM-006,476,1.3469,0.2901,38.8592,0
PM-006,477,1.3554,0.3124,39.0883,0
PM-006,478,1.3258,0.2938,39.155,0
PM-006,479,1.3184,0.2836,39.6908,0
PM-007,0,1.3448,0.3123,37.5333,0
PM-007,1,1.3279,0.3183,37.3118,0
PM-007,2,1.324,0.3062,37.0437,0
PM-007,3,1.3186,0.3322,37.6222,0
PM-007,4,1.3075,0.3168,37.7597,0
PM-007,5,1.3237,0.3016,38.2293,0
PM-007,6,1.3293,0.3054,37.6034,0
PM-007,7,1.3309,0.2997,37.58,0
PM-007,8,1.3523,0.3194,36.9339,0
PM-007,9,1.3395,0.3319,37.3761,0
PM-007,10,1.321,0.3567,37.3545,0
PM-007,11,1.3102,0.3232,37.7244,0
PM-007,12,1.3433,0.2858,37.3538,0
PM-007,13,1.3557,0.3277,37.1813,0
PM-007,14,1.3575,0.3373,37.463,0
PM-007,15,1.3502,0.3528,37.2357,0
PM-007,16,1.3437,0.3526,37.7479,0
PM-007,17,1.3175,0.3264,37.963,0
PM-007,18,1.3123,0.3224,37.4789,0
PM-007,19,1.32,0.3265,37.5218,0
PM-007,20,1.3455,0.34,37.1701,0
PM-007,21,1.334,0.3221,37.613,0
PM-007,22,1.3323,0.3081,37.9884,0
PM-007,23,1.3702,0.3311,37.7314,0
PM-007,24,1.3352,0.3374,36.819,0
PM-007,25,1.3325,0.3143,37.5957,0
PM-007,26,1.3545,0.3231,37.4438,0
PM-007,27,1.3046,0.3212,37.7537,0
PM-007,28,1.3158,0.2928,38.2343,0
PM-007,29,1.3393,0.3195,37.9693,0
PM-007,30,1.3355,0.3428,37.9259,0
PM-007,31,1.3071,0.3297,38.0696,0
PM-007,32,1.3126,0.3081,37.3068,0
PM-007,33,1.3504,0.3271,36.9713,0
PM-007,34,1.3394,0.3191,37.5183,0
PM-007,35,1.3159,0.3281,37.8671,0
PM-007,36,1.3198,0.2976,37.4611,0
PM-007,37,1.3477,0.3165,37.1027,0
PM-007,38,1.3479,0.3441,37.558,0
PM-007,39,1.3005,0.3181,37.5975,0
PM-007,40,1.3164,0.3316,37.2798,0
PM-007,41,1.3331,0.3194,37.7367,0
PM-007,42,1.3323,0.3199,37.3111,0
PM-007,43,1.3333,0.3189,37.2908,0
PM-007,44,1.3358,0.3283,37.4505,0
PM-007,45,1.3513,0.3268,37.1668,0
PM-007,46,1.3594,0.3344,37.8525,0
PM-007,47,1.3406,0.2878,37.8798,0
PM-007,48,1.3338,0.3281,37.7141,0
PM-007,49,1.3713,0.3147,37.3959,0
PM-007,50,1.3156,0.3068,37.2365,0
PM-007,51,1.2956,0.3292,38.1483,0
PM-007,52,1.3737,0.3101,37.4703,0
PM-007,53,1.3573,0.3293,37.5923,0
PM-007,54,1.3275,0.3405,37.2301,0
PM-007,55,1.3422,0.328,37.565,0
PM-007,56,1.3484,0.3234,37.3916,0
PM-007,57,1.3345,0.299,37.7358,0
PM-007,58,1.35,0.313,37.2836,0
PM-007,59,1.3202,0.3219,37.6168,0
PM-007,60,1.3649,0.3452,37.8015,0
PM-007,61,1.335,0.3089,38.0559,0
PM-007,62,1.3277,0.3271,37.7402,0
PM-007,63,1.3339,0.3401,37.6886,0
PM-007,64,1.3524,0.3296,37.5406,0
PM-007,65,1.3341,0.3219,37.1667,0
PM-007,66,1.3126,0.334,37.1742,0
PM-007,67,1.3245,0.3071,37.4147,0
PM-007,68,1.3295,0.3168,37.1235,0
PM-007,69,1.3289,0.3085,37.361,0
PM-007,70,1.3474,0.3372,37.1587,0
PM-007,71,1.364,0.3152,37.3717,0
PM-007,72,1.3148,0.3237,38.1465,0
PM-007,73,1.3018,0.292,37.6325,0
PM-007,74,1.344,0.3236,37.7307,0
PM-007,75,1.31,0.3087,37.5892,0
PM-007,76,1.3678,0.3313,37.7342,0
PM-007,77,1.3111,0.3292,37.1973,0
PM-007,78,1.368,0.3077,37.313,0
PM-007,79,1.3032,0.3241,37.5651,0
PM-007,80,1.3629,0.3345,37.3148,0
PM-007,81,1.3501,0.3042,37.3365,0
PM-007,82,1.335,0.3059,37.8714,0
PM-007,83,1.3782,0.3184,37.3565,0
PM-007,84,1.33,0.3145,37.6305,0
PM-007,85,1.3062,0.3276,38.1256,0
PM-007,86,1.2926,0.3053,37.4185,0
PM-007,87,1.3435,0.3362,37.795,0
PM-007,88,1.2988,0.3127,37.2819,0
PM-007,89,1.3313,0.3231,37.1412,0
PM-007,90,1.3238,0.3316,37.3635,0
PM-007,91,1.3286,0.3483,38.149,0
PM-007,92,1.2894,0.3246,38.4271,0
PM-007,93,1.3422,0.3231,37.9458,0
PM-007,94,1.337,0.3335,37.4889,0
PM-007,95,1.3367,0.3292,37.8117,0
PM-007,96,1.324,0.316,36.9737,0
PM-007,97,1.3249,0.3371,37.691,0
PM-007,98,1.3127,0.2943,37.5093,0
PM-007,99,1.3511,0.3157,37.1185,0
PM-007,100,1.3208,0.3277,37.9247,0
PM-007,101,1.3275,0.3387,37.8352,0
PM-007,102,1.3091,0.3416,37.6405,0
PM-007,103,1.3085,0.3493,37.5143,0
PM-007,104,1.2938,0.3123,37.2663,0
PM-007,105,1.319,0.3162,37.4748,0
PM-007,106,1.3267,0.3214,37.7282,0
PM-007,107,1.3177,0.3406,37.1844,0
PM-007,108,1.3449,0.3475,37.4988,0
PM-007,109,1.3365,0.3083,37.3985,0
PM-007,110,1.364,0.3341,37.6776,0
PM-007,111,1.2939,0.3121,38.0737,0
PM-007,112,1.3408,0.3309,37.6032,0
PM-007,113,1.3204,0.3278,37.0929,0
PM-007,114,1.3005,0.3118,37.6096,0
PM-007,115,1.3012,0.3248,37.2536,0
PM-007,116,1.3154,0.3423,37.5632,0
PM-007,117,1.3145,0.3257,37.1111,0
PM-007,118,1.3403,0.3395,37.7505,0
PM-007,119,1.3758,0.2938,37.5901,0
PM-007,120,1.3058,0.3202,37.5525,0
PM-007,121,1.3782,0.322,37.5285,0
PM-007,122,1.3527,0.3221,38.1013,0
PM-007,123,1.346,0.3353,36.9917,0
PM-007,124,1.3723,0.313,37.5491,0
PM-007,125,1.3196,0.3075,37.1913,0
PM-007,126,1.3347,0.2933,37.4791,0
PM-007,127,1.3538,0.3323,37.6817,0
PM-007,128,1.3147,0.2991,37.8645,0
PM-007,129,1.3236,0.3216,37.4927,0
PM-007,130,1.3461,0.3505,37.9907,0
PM-007,131,1.286,0.3182,37.148,0
PM-007,132,1.3514,0.3229,37.7338,0
PM-007,133,1.3247,0.3073,37.2915,0
PM-007,134,1.302,0.3039,37.1097,0
PM-007,135,1.3119,0.3065,37.6702,0
PM-007,136,1.3397,0.3287,37.9045,0
PM-007,137,1.3311,0.3111,38.2154,0
PM-007,138,1.3507,0.3251,37.5769,0
PM-007,139,1.3384,0.3198,37.5905,0
PM-007,140,1.3426,0.3119,37.0618,0
PM-007,141,1.2911,0.3362,37.0771,0
PM-007,142,1.3419,0.3055,37.2105,0
PM-007,143,1.3183,0.3258,37.1654,0
PM-007,144,1.3203,0.3225,37.1889,0
PM-007,145,1.3612,0.297,37.4865,0
PM-007,146,1.3581,0.303,37.5191,0
PM-007,147,1.3353,0.3107,37.5287,0
PM-007,148,1.3439,0.3158,37.7813,0
PM-007,149,1.3405,0.3141,37.8902,0
PM-007,150,1.3178,0.3357,37.3351,0
PM-007,151,1.3263,0.3204,37.6536,0
PM-007,152,1.2844,0.3297,37.5212,0
PM-007,153,1.3383,0.3304,37.6701,0
PM-007,154,1.2925,0.3069,37.6518,0
PM-007,155,1.3366,0.311,37.7733,0
PM-007,156,1.3275,0.3361,37.915,0
PM-007,157,1.3382,0.3312,37.3695,0
PM-007,158,1.3505,0.3261,37.4636,0
PM-007,159,1.3082,0.3156,37.2191,0
PM-007,160,1.3479,0.3412,37.8269,0
PM-007,161,1.3823,0.3159,37.731,0
PM-007,162,1.309,0.3199,37.1088,0
PM-007,163,1.344,0.3175,36.9356,0
PM-007,164,1.3189,0.3497,37.6751,0
PM-007,165,1.348,0.3247,37.4975,0
PM-007,166,1.3329,0.3265,37.223,0
PM-007,167,1.3479,0.3397,37.493,0
PM-007,168,1.3222,0.3117,38.0798,0
PM-007,169,1.3236,0.3326,37.4951,0
PM-007,170,1.3277,0.3114,37.2609,0
PM-007,171,1.3474,0.308,37.6907,0
PM-007,172,1.3344,0.3341,37.369,0
PM-007,173,1.3542,0.3207,38.3295,0
PM-007,174,1.3003,0.3593,37.5141,0
PM-007,175,1.3371,0.3138,37.0813,0
PM-007,176,1.3221,0.3174,37.6068,0
PM-007,177,1.355,0.3257,37.6144,0
PM-007,178,1.3403,0.2965,37.0532,0
PM-007,179,1.3027,0.3172,36.9905,0
PM-007,180,1.3188,0.3023,37.6983,0
PM-007,181,1.3414,0.3183,36.982,0
PM-007,182,1.3279,0.3278,37.7952,0
PM-007,183,1.3677,0.3396,37.6014,0
PM-007,184,1.3269,0.3117,37.9587,0
PM-007,185,1.336,0.3323,37.3749,0
PM-007,186,1.3078,0.3168,37.4611,0
PM-007,187,1.3365,0.3118,37.5595,0
PM-007,188,1.3562,0.2978,36.9169,0
PM-007,189,1.3575,0.3009,37.438,0
PM-007,190,1.3448,0.322,37.53,0
PM-007,191,1.3341,0.3606,38.0862,0
PM-007,192,1.3187,0.3386,37.7036,0
PM-007,193,1.3322,0.3092,37.6874,0
PM-007,194,1.3265,0.3172,37.3219,0
PM-007,195,1.3526,0.3113,37.3235,0
PM-007,196,1.3482,0.3207,37.5168,0
PM-007,197,1.3533,0.3426,36.9136,0
PM-007,198,1.33,0.3017,37.436,0
PM-007,199,1.3325,0.3175,37.2444,0
PM-007,200,1.3111,0.3338,38.0124,0
PM-007,201,1.2914,0.3179,37.7716,0
PM-007,202,1.332,0.3061,37.4087,0
PM-007,203,1.3387,0.3182,37.5376,0
PM-007,204,1.3322,0.315,37.797,0
PM-007,205,1.3231,0.3078,38.2209,0
PM-007,206,1.3311,0.2838,37.9284,0
PM-007,207,1.3577,0.3297,37.7415,0
PM-007,208,1.3758,0.3084,37.592,0
PM-007,209,1.372,0.3556,37.4422,0
PM-007,210,1.3728,0.3349,38.0006,0
PM-007,211,1.348,0.3274,38.2148,0
PM-007,212,1.3221,0.3514,38.1702,0
PM-007,213,1.3599,0.3218,37.6253,0
PM-007,214,1.3071,0.3161,37.7382,0
PM-007,215,1.3041,0.3184,38.1354,0
PM-007,216,1.3295,0.3384,37.7219,0
PM-007,217,1.3265,0.3205,37.6021,0
PM-007,218,1.2916,0.3371,37.5165,0
PM-007,219,1.3523,0.3287,37.5032,0
PM-007,220,1.3366,0.3259,37.9948,0
PM-007,221,1.3339,0.3272,37.1734,0
PM-007,222,1.3317,0.3447,37.6806,0
PM-007,223,1.311,0.3082,37.3295,0
PM-007,224,1.3526,0.336,36.5157,0
PM-007,225,1.331,0.3251,37.2633,0
PM-007,226,1.3248,0.3428,37.6746,0
PM-007,227,1.3226,0.32,37.4836,0
PM-007,228,1.3383,0.3014,37.3511,0
PM-007,229,1.3533,0.3218,37.297,0
PM-007,230,1.3164,0.3337,37.3966,0
PM-007,231,1.3428,0.3134,37.213,0
PM-007,232,1.3375,0.3214,37.7575,0
PM-007,233,1.3503,0.3175,37.6567,0
PM-007,234,1.3248,0.3324,37.622,0
PM-007,235,1.3201,0.3122,37.6326,0
PM-007,236,1.3559,0.3364,37.2691,0
PM-007,237,1.3159,0.3125,37.373,0
PM-007,238,1.2963,0.3347,37.4152,0
PM-007,239,1.3419,0.3181,37.5451,0
PM-007,240,1.3189,0.3224,37.2906,0
PM-007,241,1.3322,0.3447,37.7082,0
PM-007,242,1.3384,0.3031,37.7222,0
PM-007,243,1.3459,0.3269,37.6163,0
PM-007,244,1.3298,0.3326,37.9711,0
PM-007,245,1.3392,0.3083,37.2834,0
PM-007,246,1.3471,0.3084,37.6123,0
PM-007,247,1.3257,0.3068,37.8017,0
PM-007,248,1.3468,0.3025,37.6964,0
PM-007,249,1.3393,0.3354,37.602,0
PM-007,250,1.3612,0.3209,37.4704,0
PM-007,251,1.3131,0.3088,37.2446,0
PM-007,252,1.337,0.3188,37.6512,0
PM-007,253,1.3084,0.31,37.2902,0
PM-007,254,1.376,0.3204,37.5321,0
PM-007,255,1.3311,0.3461,37.068,0
PM-007,256,1.3314,0.2985,36.838,0
PM-007,257,1.3179,0.329,37.3127,0
PM-007,258,1.3405,0.3244,37.5103,0
PM-007,259,1.3579,0.3139,37.6662,0
PM-007,260,1.2966,0.3243,37.4748,0
PM-007,261,1.309,0.3288,37.3303,0
PM-007,262,1.3673,0.2863,37.6265,0
PM-007,263,1.3335,0.3186,37.3932,0
PM-007,264,1.334,0.3388,37.0503,0
PM-007,265,1.3165,0.3071,37.2228,0
PM-007,266,1.3395,0.3317,37.8715,0
PM-007,267,1.3447,0.3331,37.1284,0
PM-007,268,1.3623,0.3197,37.8619,0
PM-007,269,1.3051,0.3192,37.8349,0
PM-007,270,1.3332,0.3115,37.9449,0
PM-007,271,1.3092,0.3225,37.744,0
PM-007,272,1.3745,0.316,37.4691,0
PM-007,273,1.3237,0.3264,37.7284,0
PM-007,274,1.3545,0.3342,37.4028,0
PM-007,275,1.3489,0.3242,37.7756,0
PM-007,276,1.3487,0.3473,37.4456,0
PM-007,277,1.3217,0.3296,37.9067,0
PM-007,278,1.3338,0.3416,37.759,0
PM-007,279,1.3286,0.3313,37.4215,0
PM-007,280,1.3374,0.3068,37.5315,0
PM-007,281,1.3526,0.3344,37.7382,0
PM-007,282,1.3384,0.3252,37.1719,0
PM-007,283,1.3285,0.3256,37.2147,0
PM-007,284,1.2976,0.3398,37.5672,0
PM-007,285,1.3368,0.3312,37.2573,0
PM-007,286,1.3246,0.3454,37.4054,0
PM-007,287,1.3273,0.3128,37.3297,0
PM-007,288,1.3547,0.2857,37.4149,0
PM-007,289,1.3371,0.3483,37.2114,0
PM-007,290,1.3065,0.3099,37.7625,0
PM-007,291,1.3351,0.3012,37.5819,0
PM-007,292,1.3637,0.3268,37.6014,0
PM-007,293,1.3371,0.3291,37.1719,0
PM-007,294,1.328,0.3202,37.4069,0
PM-007,295,1.3463,0.3133,37.444,0
PM-007,296,1.3074,0.3285,37.8346,0
PM-007,297,1.3254,0.335,37.5079,0
PM-007,298,1.2821,0.3221,37.4993,0
PM-007,299,1.3347,0.3266,37.3468,0
PM-007,300,1.362,0.3219,37.4921,0
PM-007,301,1.3475,0.3231,38.3217,0
PM-007,302,1.3284,0.3281,37.3272,0
PM-007,303,1.35,0.3275,37.4503,0
PM-007,304,1.3152,0.3032,37.6776,0
PM-007,305,1.3049,0.3425,37.1731,0
PM-007,306,1.3291,0.3096,37.5618,0
PM-007,307,1.3332,0.3295,37.0941,0
PM-007,308,1.3173,0.3374,37.7496,0
PM-007,309,1.2826,0.3285,37.2423,0
PM-007,310,1.3208,0.3194,38.0192,0
PM-007,311,1.3118,0.3018,37.6871,0
PM-007,312,1.3321,0.341,37.4461,0
PM-007,313,1.3568,0.3231,37.7107,0
PM-007,314,1.3651,0.3203,37.8654,0
PM-007,315,1.3204,0.3263,37.1186,0
PM-007,316,1.3225,0.307,37.9182,0
PM-007,317,1.3674,0.3175,37.3201,0
PM-007,318,1.3063,0.3268,37.3713,0
PM-007,319,1.3216,0.3473,37.4631,0
PM-007,320,1.3444,0.3236,37.1454,0
PM-007,321,1.2957,0.3302,38.0632,0
PM-007,322,1.3389,0.3322,37.2806,0
PM-007,323,1.3529,0.3379,37.3431,0
PM-007,324,1.3435,0.2964,37.7692,0
PM-007,325,1.3212,0.3044,37.6728,0
PM-007,326,1.2972,0.328,37.2123,0
PM-007,327,1.3057,0.3237,37.5002,0
PM-007,328,1.3618,0.3036,37.9645,0
PM-007,329,1.3099,0.3366,37.8838,0
PM-007,330,1.3391,0.311,37.0951,0
PM-007,331,1.2936,0.3506,37.4629,0
PM-007,332,1.3105,0.3057,37.6023,0
PM-007,333,1.3247,0.2941,37.8114,0
PM-007,334,1.3393,0.3504,37.8942,0
PM-007,335,1.2768,0.3441,37.9142,0
PM-007,336,1.3302,0.3164,37.6755,0
PM-007,337,1.3308,0.3192,37.852,0
PM-007,338,1.3676,0.3128,37.8588,0
PM-007,339,1.3695,0.3269,37.3975,0
PM-007,340,1.3695,0.3112,36.9698,0
PM-007,341,1.3702,0.321,37.5932,0
PM-007,342,1.4062,0.3131,37.4417,0
PM-007,343,1.4034,0.3116,37.5981,0
PM-007,344,1.3861,0.3192,37.7794,0
PM-007,345,1.393,0.3347,36.9663,0
PM-007,346,1.378,0.2881,37.2023,0
PM-007,347,1.4499,0.3226,37.3356,0
PM-007,348,1.4346,0.3367,37.1857,0
PM-007,349,1.4751,0.327,37.6727,0
PM-007,350,1.4412,0.3303,37.3655,0
PM-007,351,1.4797,0.3186,37.8392,0
PM-007,352,1.4341,0.3131,38.1225,0
PM-007,353,1.4476,0.3223,37.6371,0
PM-007,354,1.5079,0.3554,37.9371,0
PM-007,355,1.5191,0.3087,37.7488,0
PM-007,356,1.4698,0.2967,37.6909,0
PM-007,357,1.4646,0.3504,37.4335,0
PM-007,358,1.4715,0.3545,37.5324,0
PM-007,359,1.51,0.342,37.6833,0
PM-007,360,1.488,0.3472,37.5125,0
PM-007,361,1.483,0.3422,37.9383,0
PM-007,362,1.5159,0.3594,37.5524,0
PM-007,363,1.4726,0.3337,37.4653,0
PM-007,364,1.4949,0.3483,37.3838,0
PM-007,365,1.5131,0.3818,37.5361,0
PM-007,366,1.5486,0.3668,37.9767,0
PM-007,367,1.5565,0.3596,38.1405,0
PM-007,368,1.5331,0.3756,37.6651,0
PM-007,369,1.5581,0.3886,37.325,0
PM-007,370,1.5688,0.3895,37.5521,0
PM-007,371,1.5569,0.3728,37.6961,0
PM-007,372,1.5537,0.3926,37.5216,0
PM-007,373,1.5464,0.3791,37.6734,0
PM-007,374,1.5687,0.3889,37.3228,0
PM-007,375,1.5708,0.426,37.216,0
PM-007,376,1.621,0.4005,37.3559,0
PM-007,377,1.6054,0.4104,37.4927,0
PM-007,378,1.6083,0.4142,37.4873,0
PM-007,379,1.6287,0.3961,37.2776,0
PM-007,380,1.6004,0.406,37.5778,0
PM-007,381,1.6325,0.3966,37.4098,0
PM-007,382,1.6221,0.4258,37.1665,0
PM-007,383,1.6284,0.4206,37.4517,0
PM-007,384,1.6064,0.4334,37.3363,0
PM-007,385,1.6418,0.4469,37.5386,0
PM-007,386,1.669,0.4411,37.8301,0
PM-007,387,1.6818,0.4548,37.741,0
PM-007,388,1.6738,0.4594,38.1503,0
PM-007,389,1.6875,0.471,37.9659,0
PM-007,390,1.6847,0.4678,37.6932,0
PM-007,391,1.7054,0.4421,38.3718,0
PM-007,392,1.6955,0.4669,38.3783,0
PM-007,393,1.7047,0.4557,38.7885,0
PM-007,394,1.7039,0.5141,38.7033,0
PM-007,395,1.7096,0.4732,38.5359,0
PM-007,396,1.7178,0.5096,39.0399,0
PM-007,397,1.73,0.5183,38.1697,0
PM-007,398,1.7364,0.5147,39.0416,0
PM-007,399,1.7067,0.5208,39.2085,0
PM-007,400,1.7463,0.5054,39.6809,0
PM-007,401,1.7545,0.5046,38.9421,0
PM-007,402,1.767,0.5271,39.3052,0
PM-007,403,1.7468,0.5364,39.1248,0
PM-007,404,1.8035,0.5095,39.1103,0
PM-007,405,1.7473,0.508,39.5255,0
PM-007,406,1.7671,0.5441,39.9639,0
PM-007,407,1.7782,0.5794,39.731,0
PM-007,408,1.7867,0.5178,39.8806,1
PM-007,409,1.8009,0.5233,39.8579,1
PM-007,410,1.8077,0.5373,39.89,1
PM-007,411,1.8229,0.5301,39.8866,1
PM-007,412,1.817,0.5661,40.4073,1
PM-007,413,1.8151,0.5529,40.7216,1
PM-007,414,1.843,0.5624,40.4379,1
PM-007,415,1.8326,0.5548,40.5789,1
PM-007,416,1.8283,0.5683,40.5905,1
PM-007,417,1.8547,0.5862,40.7155,1
PM-007,418,1.8342,0.5887,40.9876,1
PM-007,419,1.8493,0.6028,40.8654,1
PM-007,420,1.8229,0.5757,41.6231,1
PM-007,421,1.8626,0.5827,41.2483,1
PM-007,422,1.8953,0.5932,41.5205,1
PM-007,423,1.8775,0.6076,41.4999,1
PM-007,424,1.8795,0.6066,41.3858,1
PM-007,425,1.866,0.6065,41.2645,1
PM-007,426,1.9117,0.6104,42.181,1
PM-007,427,1.8993,0.6147,41.4159,1
PM-007,428,1.89,0.594,42.2828,1
PM-007,429,1.909,0.6432,41.2581,1
PM-007,430,1.9554,0.6263,42.267,1
PM-007,431,1.9093,0.6394,42.1556,1
PM-007,432,1.9129,0.6175,42.0029,1
PM-007,433,1.9505,0.6302,41.9812,1
PM-007,434,1.9564,0.6112,42.9747,1
PM-007,435,1.995,0.6282,42.9944,1
PM-007,436,1.9684,0.6445,42.6454,1
PM-007,437,1.9806,0.6555,42.1059,1
PM-007,438,2.0152,0.6667,42.9713,1
PM-007,439,1.9655,0.6615,43.4704,1
PM-007,440,1.9913,0.6741,42.8177,1
PM-007,441,1.9852,0.6733,43.5041,1
PM-007,442,1.9901,0.6906,43.0546,1
PM-007,443,2.0059,0.6793,43.046,1
PM-007,444,2.0098,0.6762,44.0275,1
PM-007,445,2.0087,0.6943,43.3368,1
PM-007,446,2.0278,0.6869,43.576,1
PM-007,447,2.0859,0.6919,43.848,1
PM-007,448,2.0534,0.6898,44.1353,1
PM-007,449,2.0517,0.7091,44.806,1
PM-007,450,2.0316,0.7326,44.3614,1
PM-007,451,2.072,0.7188,44.886,1
PM-007,452,2.0536,0.7252,44.8169,1
PM-007,453,2.055,0.7369,44.5224,1
PM-007,454,2.0477,0.7042,44.6035,1
PM-007,455,2.0983,0.6989,44.7936,1
PM-007,456,2.1025,0.715,44.646,1
PM-007,457,2.1023,0.7511,45.4202,1
PM-007,458,2.0853,0.7302,45.5375,1
PM-007,459,2.0881,0.7542,45.7994,1
PM-007,460,2.1244,0.7624,45.6306,1
PM-007,461,2.126,0.7666,45.2472,1
PM-007,462,2.1449,0.7651,45.0093,1
PM-007,463,2.1327,0.7304,45.7696,1
PM-007,464,2.1293,0.7957,45.805,1
PM-007,465,2.1586,0.7555,45.9663,1
PM-007,466,2.1335,0.7917,45.5281,1
PM-007,467,2.1547,0.7621,46.0041,1
PM-007,468,2.1991,0.7944,46.0593,1
PM-007,469,2.1156,0.7796,46.3142,1
PM-007,470,2.1608,0.8132,46.2961,1
PM-007,471,2.1987,0.7989,46.2945,1
PM-007,472,2.1739,0.7848,46.8091,1
PM-007,473,2.1809,0.8119,46.4251,1
PM-007,474,2.174,0.8165,46.4615,1
PM-007,475,2.1938,0.7936,46.6404,1
PM-007,476,2.2084,0.8121,47.1365,1
PM-007,477,2.217,0.8668,47.121,1
PM-007,478,2.1856,0.8214,47.0586,1
PM-007,479,2.2142,0.8298,47.0062,1
PM-008,0,1.3231,0.3234,36.9808,0
PM-008,1,1.3635,0.287,38.1798,0
PM-008,2,1.375,0.286,37.5274,0
PM-008,3,1.3645,0.2937,37.0458,0
PM-008,4,1.3467,0.3007,37.1814,0
PM-008,5,1.3694,0.2837,37.4234,0
PM-008,6,1.3483,0.3077,37.7949,0
PM-008,7,1.3399,0.264,37.3397,0
PM-008,8,1.3592,0.3009,37.4147,0
PM-008,9,1.3552,0.3129,36.9198,0
PM-008,10,1.3443,0.3001,37.4783,0
PM-008,11,1.3053,0.3229,37.4577,0
PM-008,12,1.3532,0.3295,37.5861,0
PM-008,13,1.3139,0.3018,37.6582,0
PM-008,14,1.3458,0.3287,37.1989,0
PM-008,15,1.3696,0.3156,37.4824,0
PM-008,16,1.3513,0.2884,37.3635,0
PM-008,17,1.3562,0.3008,37.4738,0
PM-008,18,1.3645,0.2744,37.5665,0
PM-008,19,1.3802,0.2974,37.0824,0
PM-008,20,1.3369,0.2803,37.5234,0
PM-008,21,1.3432,0.3078,37.4164,0
PM-008,22,1.3486,0.3098,37.0964,0
PM-008,23,1.3516,0.3248,37.1672,0
PM-008,24,1.3508,0.3225,37.1092,0
PM-008,25,1.3606,0.2997,37.7591,0
PM-008,26,1.3282,0.3029,37.0002,0
PM-008,27,1.3534,0.3098,37.618,0
PM-008,28,1.3545,0.3017,37.0124,0
PM-008,29,1.3645,0.3025,37.5738,0
PM-008,30,1.341,0.3324,37.2854,0
PM-008,31,1.3326,0.2796,37.4896,0
PM-008,32,1.3819,0.3049,37.5239,0
PM-008,33,1.3641,0.3055,37.8155,0
PM-008,34,1.3716,0.2942,37.0266,0
PM-008,35,1.3585,0.3079,37.142,0
PM-008,36,1.3311,0.2928,37.5,0
PM-008,37,1.3646,0.3189,37.693,0
PM-008,38,1.3388,0.3364,37.4657,0
PM-008,39,1.3369,0.2826,37.3515,0
PM-008,40,1.3535,0.2793,37.1695,0
PM-008,41,1.3353,0.2914,37.1984,0
PM-008,42,1.3672,0.2783,37.5083,0
PM-008,43,1.3551,0.2958,37.3876,0
PM-008,44,1.3439,0.3126,37.9149,0
PM-008,45,1.319,0.2893,37.196,0
PM-008,46,1.3444,0.2971,37.6557,0
PM-008,47,1.3316,0.2897,37.2268,0
PM-008,48,1.347,0.3175,37.4424,0
PM-008,49,1.3335,0.2876,37.8942,0
PM-008,50,1.3095,0.3003,37.6776,0
PM-008,51,1.3407,0.2946,37.6164,0
PM-008,52,1.3228,0.2769,37.5617,0
PM-008,53,1.3248,0.305,37.4187,0
PM-008,54,1.3499,0.2996,37.6212,0
PM-008,55,1.3306,0.3148,37.0904,0
PM-008,56,1.3681,0.3338,37.4882,0
PM-008,57,1.3761,0.3305,37.3594,0
PM-008,58,1.3456,0.2908,37.2308,0
PM-008,59,1.3493,0.2785,37.7062,0
PM-008,60,1.348,0.3133,37.4011,0
PM-008,61,1.3581,0.3068,37.6079,0
PM-008,62,1.3627,0.2841,37.2448,0
PM-008,63,1.391,0.3062,36.9407,0
PM-008,64,1.3105,0.3019,37.2988,0
PM-008,65,1.3286,0.3299,37.345,0
PM-008,66,1.3611,0.3068,37.3673,0
PM-008,67,1.3218,0.3146,36.7524,0
PM-008,68,1.3621,0.3053,37.6413,0
PM-008,69,1.3448,0.2845,37.5762,0
PM-008,70,1.3617,0.2959,37.6529,0
PM-008,71,1.3506,0.3098,37.1979,0
PM-008,72,1.3703,0.3075,37.7052,0
PM-008,73,1.3369,0.3178,37.3291,0
PM-008,74,1.3268,0.3296,36.7439,0
PM-008,75,1.4045,0.3136,37.3613,0
PM-008,76,1.3512,0.3136,37.356,0
PM-008,77,1.3854,0.3252,38.2738,0
PM-008,78,1.3203,0.3063,37.0396,0
PM-008,79,1.3229,0.2982,37.3633,0
PM-008,80,1.3521,0.3014,37.6957,0
PM-008,81,1.3511,0.3278,37.7044,0
PM-008,82,1.3211,0.3009,37.4323,0
PM-008,83,1.3535,0.3192,37.5405,0
PM-008,84,1.3562,0.286,37.318,0
PM-008,85,1.3064,0.3097,37.7082,0
PM-008,86,1.3183,0.3054,37.425,0
PM-008,87,1.3785,0.2896,37.7312,0
PM-008,88,1.3675,0.3001,37.5435,0
PM-008,89,1.3662,0.2866,37.3276,0
PM-008,90,1.3484,0.334,37.3358,0
PM-008,91,1.3393,0.3263,37.6546,0
PM-008,92,1.3883,0.3194,37.4119,0
PM-008,93,1.3389,0.2907,37.0642,0
PM-008,94,1.3515,0.3125,37.6799,0
PM-008,95,1.3422,0.332,37.0482,0
PM-008,96,1.3152,0.2908,37.4575,0
PM-008,97,1.3227,0.3233,37.234,0
PM-008,98,1.3263,0.3189,37.518,0
PM-008,99,1.3604,0.3023,37.5373,0
PM-008,100,1.316,0.3008,37.1413,0
PM-008,101,1.3838,0.3224,37.2595,0
PM-008,102,1.3405,0.3006,38.1019,0
PM-008,103,1.3526,0.2966,37.4997,0
PM-008,104,1.3139,0.3019,37.1315,0
PM-008,105,1.3077,0.3328,37.4476,0
PM-008,106,1.3293,0.2776,37.3894,0
PM-008,107,1.3417,0.3145,37.1696,0
PM-008,108,1.334,0.2892,37.3903,0
PM-008,109,1.3048,0.291,37.6446,0
PM-008,110,1.3202,0.318,37.7177,0
PM-008,111,1.3638,0.303,37.4274,0
PM-008,112,1.3511,0.3229,37.8245,0
PM-008,113,1.3114,0.2899,37.1395,0
PM-008,114,1.3592,0.2929,37.3947,0
PM-008,115,1.3788,0.3199,37.8686,0
PM-008,116,1.3303,0.2615,37.3371,0
PM-008,117,1.3159,0.2739,37.7943,0
PM-008,118,1.3268,0.291,37.346,0
PM-008,119,1.3776,0.3006,37.7412,0
PM-008,120,1.3384,0.2793,37.0988,0
PM-008,121,1.3446,0.3047,37.6185,0
PM-008,122,1.3555,0.3166,37.225,0
PM-008,123,1.3812,0.3318,37.2996,0
PM-008,124,1.3288,0.2763,37.507,0
PM-008,125,1.3537,0.2944,37.5406,0
PM-008,126,1.3169,0.3176,37.2964,0
PM-008,127,1.3505,0.3062,36.8676,0
PM-008,128,1.3614,0.2913,37.5165,0
PM-008,129,1.3165,0.2959,37.5647,0
PM-008,130,1.3231,0.2877,37.4932,0
PM-008,131,1.3413,0.3083,37.3454,0
PM-008,132,1.3575,0.2945,37.6348,0
PM-008,133,1.3265,0.2939,37.6749,0
PM-008,134,1.3344,0.2855,37.9748,0
PM-008,135,1.344,0.3101,36.7771,0
PM-008,136,1.3713,0.3427,37.8284,0
PM-008,137,1.3724,0.2969,37.5313,0
PM-008,138,1.3544,0.2926,37.4185,0
PM-008,139,1.3247,0.2971,37.708,0
PM-008,140,1.3094,0.3173,36.9825,0
PM-008,141,1.3457,0.3052,37.6276,0
PM-008,142,1.3411,0.2874,37.5111,0
PM-008,143,1.3881,0.3028,37.1913,0
PM-008,144,1.3353,0.3053,37.3751,0
PM-008,145,1.3365,0.323,37.6109,0
PM-008,146,1.3423,0.3014,37.5077,0
PM-008,147,1.3559,0.3223,37.3322,0
PM-008,148,1.3248,0.2947,37.193,0
PM-008,149,1.3142,0.3242,37.7121,0
PM-008,150,1.299,0.3063,37.3427,0
PM-008,151,1.3348,0.2658,37.4482,0
PM-008,152,1.3462,0.2854,37.9425,0
PM-008,153,1.3605,0.2871,37.7626,0
PM-008,154,1.3354,0.3189,37.0229,0
PM-008,155,1.3481,0.2848,37.2045,0
PM-008,156,1.306,0.2845,37.0836,0
PM-008,157,1.3174,0.3059,36.9259,0
PM-008,158,1.3507,0.3181,37.189,0
PM-008,159,1.343,0.298,37.3323,0
PM-008,160,1.2936,0.2861,37.8942,0
PM-008,161,1.3512,0.2994,36.8495,0
PM-008,162,1.3565,0.2894,37.0845,0
PM-008,163,1.3219,0.3107,37.4344,0
PM-008,164,1.362,0.3199,37.2339,0
PM-008,165,1.3438,0.2985,37.0472,0
PM-008,166,1.3203,0.3006,37.4386,0
PM-008,167,1.3436,0.3022,37.2109,0
PM-008,168,1.3871,0.3065,37.2831,0
PM-008,169,1.3527,0.2903,37.4637,0
PM-008,170,1.3527,0.3113,37.0785,0
PM-008,171,1.4053,0.3208,38.0655,0
PM-008,172,1.3396,0.3068,37.4667,0
PM-008,173,1.3337,0.3144,37.1906,0
PM-008,174,1.3586,0.2956,37.5754,0
PM-008,175,1.3739,0.3011,37.6898,0
PM-008,176,1.3345,0.2853,37.9542,0
PM-008,177,1.3596,0.301,37.6646,0
PM-008,178,1.3244,0.3097,37.5208,0
PM-008,179,1.3577,0.3277,37.8902,0
PM-008,180,1.3169,0.2731,37.5294,0
PM-008,181,1.3481,0.286,37.1675,0
PM-008,182,1.3293,0.3231,37.314,0
PM-008,183,1.3146,0.3021,37.4549,0
PM-008,184,1.324,0.3119,37.7969,0
PM-008,185,1.3376,0.2805,37.3736,0
PM-008,186,1.3507,0.2707,37.6002,0
PM-008,187,1.3372,0.3037,37.3688,0
PM-008,188,1.3296,0.3014,37.303,0
PM-008,189,1.3375,0.2898,37.6168,0
PM-008,190,1.3694,0.29,37.4207,0
PM-008,191,1.3228,0.3089,37.523,0
PM-008,192,1.3331,0.3018,37.7153,0
PM-008,193,1.3125,0.2837,37.6303,0
PM-008,194,1.3458,0.302,37.7386,0
PM-008,195,1.3588,0.3288,37.7242,0
PM-008,196,1.3552,0.3022,37.4125,0
PM-008,197,1.3446,0.3064,37.0937,0
PM-008,198,1.35,0.2994,37.5628,0
PM-008,199,1.3331,0.2932,37.5249,0
PM-008,200,1.3542,0.294,37.8515,0
PM-008,201,1.3709,0.2793,37.2226,0
PM-008,202,1.347,0.3086,38.0954,0
PM-008,203,1.3475,0.3013,37.1143,0
PM-008,204,1.313,0.301,38.0729,0
PM-008,205,1.3404,0.2915,37.5913,0
PM-008,206,1.3046,0.3042,37.703,0
PM-008,207,1.3257,0.3236,37.6536,0
PM-008,208,1.3722,0.2824,37.4015,0
PM-008,209,1.3631,0.2806,37.7398,0
PM-008,210,1.3411,0.3171,37.521,0
PM-008,211,1.3729,0.2837,37.5544,0
PM-008,212,1.3145,0.3093,37.5541,0
PM-008,213,1.339,0.2913,37.3581,0
PM-008,214,1.3466,0.3073,38.0354,0
PM-008,215,1.3622,0.2942,37.6295,0
PM-008,216,1.3623,0.2932,37.6664,0
PM-008,217,1.3149,0.2927,37.0285,0
PM-008,218,1.3405,0.2959,37.3366,0
PM-008,219,1.361,0.3044,37.6958,0
PM-008,220,1.3772,0.3345,37.4138,0
PM-008,221,1.3554,0.3007,37.76,0
PM-008,222,1.3611,0.2931,37.3017,0
PM-008,223,1.3724,0.2948,37.4222,0
PM-008,224,1.3582,0.3006,37.9159,0
PM-008,225,1.3653,0.2898,37.2801,0
PM-008,226,1.3564,0.3023,36.8736,0
PM-008,227,1.3253,0.3066,37.7229,0
PM-008,228,1.3628,0.3325,37.2483,0
PM-008,229,1.3318,0.3027,36.9529,0
PM-008,230,1.3446,0.3001,37.6932,0
PM-008,231,1.3639,0.3084,37.4566,0
PM-008,232,1.352,0.2912,37.4309,0
PM-008,233,1.345,0.3019,37.4044,0
PM-008,234,1.3323,0.2877,37.3942,0
PM-008,235,1.3566,0.277,37.3065,0
PM-008,236,1.3861,0.3002,37.5011,0
PM-008,237,1.3815,0.3078,37.5584,0
PM-008,238,1.3265,0.3077,37.4513,0
PM-008,239,1.3632,0.3222,37.4648,0
PM-008,240,1.3523,0.2747,36.785,0
PM-008,241,1.3665,0.2656,37.5539,0
PM-008,242,1.3412,0.3215,37.4452,0
PM-008,243,1.3807,0.3,37.7996,0
PM-008,244,1.3147,0.2685,37.4473,0
PM-008,245,1.3167,0.3022,37.3318,0
PM-008,246,1.3568,0.2871,37.5831,0
PM-008,247,1.362,0.3,37.5992,0
PM-008,248,1.3251,0.2973,37.0531,0
PM-008,249,1.3915,0.3215,37.9538,0
PM-008,250,1.369,0.2931,36.9954,0
PM-008,251,1.3362,0.3102,37.3686,0
PM-008,252,1.3,0.3143,36.9763,0
PM-008,253,1.3362,0.3292,37.4704,0
PM-008,254,1.3662,0.3083,37.1531,0
PM-008,255,1.3593,0.3021,37.01,0
PM-008,256,1.3116,0.3088,38.0981,0
PM-008,257,1.3232,0.2887,37.5751,0
PM-008,258,1.3184,0.3384,37.196,0
PM-008,259,1.3347,0.291,37.7362,0
PM-008,260,1.3879,0.2925,37.7157,0
PM-008,261,1.3186,0.3174,37.9832,0
PM-008,262,1.3737,0.305,37.1459,0
PM-008,263,1.3447,0.2984,37.3217,0
PM-008,264,1.3488,0.3021,37.6681,0
PM-008,265,1.359,0.3021,37.5854,0
PM-008,266,1.3711,0.2951,37.4605,0
PM-008,267,1.3241,0.3102,37.5153,0
PM-008,268,1.3539,0.2882,37.6854,0
PM-008,269,1.3467,0.3185,37.3244,0
PM-008,270,1.3583,0.3097,37.9131,0
PM-008,271,1.3424,0.2947,37.3076,0
PM-008,272,1.3225,0.2955,36.7535,0
PM-008,273,1.3721,0.3321,37.4114,0
PM-008,274,1.3534,0.3055,37.0618,0
PM-008,275,1.3652,0.3207,37.1434,0
PM-008,276,1.3513,0.2991,37.8127,0
PM-008,277,1.343,0.3022,38.002,0
PM-008,278,1.319,0.3068,37.4823,0
PM-008,279,1.3326,0.3336,37.5567,0
PM-008,280,1.3581,0.3153,37.3595,0
PM-008,281,1.3695,0.3187,37.4191,0
PM-008,282,1.3634,0.3216,37.6943,0
PM-008,283,1.328,0.3017,37.5983,0
PM-008,284,1.3497,0.2919,37.3698,0
PM-008,285,1.3517,0.2804,37.4615,0
PM-008,286,1.3586,0.3073,37.1985,0
PM-008,287,1.3311,0.3254,37.1744,0
PM-008,288,1.3684,0.2937,37.7948,0
PM-008,289,1.3555,0.2978,36.9258,0
PM-008,290,1.3527,0.3058,37.5799,0
PM-008,291,1.3555,0.2833,37.5737,0
PM-008,292,1.3595,0.314,37.0798,0
PM-008,293,1.3678,0.3095,37.6224,0
PM-008,294,1.3268,0.3144,36.9386,0
PM-008,295,1.3277,0.322,37.6683,0
PM-008,296,1.3505,0.3172,37.7597,0
PM-008,297,1.3598,0.2998,37.1923,0
PM-008,298,1.3314,0.3242,37.0731,0
PM-008,299,1.3545,0.3104,37.8961,0
PM-008,300,1.3545,0.2967,37.3335,0
PM-008,301,1.3446,0.32,37.6977,0
PM-008,302,1.323,0.3072,37.7033,0
PM-008,303,1.3399,0.2707,37.3968,0
PM-008,304,1.315,0.2784,37.7753,0
PM-008,305,1.3951,0.3235,36.6725,0
PM-008,306,1.3412,0.2942,37.0144,0
PM-008,307,1.354,0.3003,37.1065,0
PM-008,308,1.3036,0.2939,37.4581,0
PM-008,309,1.3423,0.319,37.5571,0
PM-008,310,1.3378,0.2908,36.9244,0
PM-008,311,1.3229,0.3234,37.7151,0
PM-008,312,1.3505,0.2956,37.828,0
PM-008,313,1.3245,0.2881,37.4277,0
PM-008,314,1.301,0.2875,37.3849,0
PM-008,315,1.3355,0.2882,38.0663,0
PM-008,316,1.3719,0.3288,37.426,0
PM-008,317,1.3349,0.3271,37.4813,0
PM-008,318,1.3235,0.2882,37.3584,0
PM-008,319,1.3442,0.3043,37.4007,0
PM-008,320,1.3915,0.2828,37.6575,0
PM-008,321,1.3351,0.3025,37.7379,0
PM-008,322,1.309,0.2889,37.4156,0
PM-008,323,1.3742,0.3251,37.8389,0
PM-008,324,1.3008,0.2873,37.1531,0
PM-008,325,1.3436,0.2753,37.7851,0
PM-008,326,1.3048,0.3185,37.717,0
PM-008,327,1.3228,0.322,37.3558,0
PM-008,328,1.3328,0.2967,37.355,0
PM-008,329,1.3398,0.2997,37.1886,0
PM-008,330,1.3315,0.2945,37.9575,0
PM-008,331,1.3333,0.2935,37.9106,0
PM-008,332,1.3382,0.2897,37.1236,0
PM-008,333,1.3163,0.3112,36.9144,0
PM-008,334,1.3716,0.3017,37.3246,0
PM-008,335,1.3401,0.31,37.3148,0
PM-008,336,1.3408,0.3188,37.5598,0
PM-008,337,1.3197,0.2924,36.9213,0
PM-008,338,1.357,0.3139,37.1754,0
PM-008,339,1.3908,0.3396,37.4626,0
PM-008,340,1.3287,0.3072,37.2094,0
PM-008,341,1.3637,0.3055,37.5272,0
PM-008,342,1.3799,0.2938,37.282,0
PM-008,343,1.3619,0.2967,37.9369,0
PM-008,344,1.3647,0.2975,36.9123,0
PM-008,345,1.3156,0.2958,37.5771,0
PM-008,346,1.3667,0.2998,37.1891,0
PM-008,347,1.3419,0.3034,37.8472,0
PM-008,348,1.3697,0.288,37.592,0
PM-008,349,1.3276,0.2907,37.7673,0
PM-008,350,1.3407,0.3126,37.6161,0
PM-008,351,1.3431,0.308,37.5169,0
PM-008,352,1.3217,0.3104,37.2439,0
PM-008,353,1.3233,0.3159,37.2783,0
PM-008,354,1.3669,0.3195,37.3127,0
PM-008,355,1.366,0.2972,37.4352,0
PM-008,356,1.3546,0.3336,37.738,0
PM-008,357,1.3435,0.3046,36.9808,0
PM-008,358,1.3648,0.3165,37.5408,0
PM-008,359,1.359,0.2727,37.1312,0
PM-008,360,1.3807,0.2992,37.683,0
PM-008,361,1.3298,0.2964,38.0121,0
PM-008,362,1.3415,0.3109,37.4949,0
PM-008,363,1.3496,0.3062,36.8624,0
PM-008,364,1.3542,0.295,37.9896,0
PM-008,365,1.3292,0.296,38.1896,0
PM-008,366,1.3592,0.2883,37.5086,0
PM-008,367,1.3203,0.3069,37.2144,0
PM-008,368,1.382,0.3094,37.614,0
PM-008,369,1.3637,0.319,37.249,0
PM-008,370,1.3466,0.2964,38.0839,0
PM-008,371,1.299,0.2944,37.4317,0
PM-008,372,1.3474,0.3048,37.4419,0
PM-008,373,1.3414,0.3067,37.5942,0
PM-008,374,1.3805,0.3298,37.546,0
PM-008,375,1.3348,0.2967,37.0615,0
PM-008,376,1.3637,0.3024,37.5869,0
PM-008,377,1.3514,0.2926,37.2094,0
PM-008,378,1.3356,0.3103,37.4315,0
PM-008,379,1.3094,0.2877,37.3755,0
PM-008,380,1.3441,0.3108,37.4675,0
PM-008,381,1.3374,0.2971,37.5162,0
PM-008,382,1.353,0.2981,37.1324,0
PM-008,383,1.3519,0.2933,37.542,0
PM-008,384,1.3927,0.2828,37.8009,0
PM-008,385,1.3816,0.3196,37.325,0
PM-008,386,1.3525,0.3057,37.8756,0
PM-008,387,1.3694,0.2894,37.6319,0
PM-008,388,1.3895,0.328,37.6513,0
PM-008,389,1.3946,0.2946,37.2982,0
PM-008,390,1.4173,0.3076,37.5252,0
PM-008,391,1.4048,0.3166,37.3687,0
PM-008,392,1.418,0.2961,37.76,0
PM-008,393,1.4495,0.3072,37.1047,0
PM-008,394,1.4575,0.318,36.9148,0
PM-008,395,1.4563,0.3124,37.5032,0
PM-008,396,1.4529,0.309,37.1055,0
PM-008,397,1.4651,0.2934,37.9187,0
PM-008,398,1.4582,0.2871,37.5407,0
PM-008,399,1.5029,0.3101,37.4599,0
PM-008,400,1.4887,0.3246,37.5186,0
PM-008,401,1.5435,0.358,37.3754,0
PM-008,402,1.5029,0.3413,37.4156,0
PM-008,403,1.534,0.3175,37.4853,0
PM-008,404,1.5552,0.3626,37.3041,0
PM-008,405,1.5394,0.3462,37.7358,0
PM-008,406,1.5928,0.3768,37.65,0
PM-008,407,1.5736,0.368,37.5366,0
PM-008,408,1.5784,0.3856,36.9599,0
PM-008,409,1.5633,0.3535,37.2151,0
PM-008,410,1.6287,0.3666,37.1101,0
PM-008,411,1.5945,0.4072,37.8863,0
PM-008,412,1.6405,0.4129,37.9513,0
PM-008,413,1.5934,0.3845,37.2455,0
PM-008,414,1.6406,0.4105,37.4906,0
PM-008,415,1.6644,0.3863,37.4136,0
PM-008,416,1.6622,0.4163,37.5125,0
PM-008,417,1.6866,0.4283,38.2042,0
PM-008,418,1.6943,0.4374,37.867,0
PM-008,419,1.6993,0.4649,38.2213,0
PM-008,420,1.7039,0.4348,38.1465,0
PM-008,421,1.7144,0.4635,37.9549,0
PM-008,422,1.7268,0.47,37.9652,0
PM-008,423,1.6972,0.4808,38.2247,0
PM-008,424,1.7612,0.466,38.7498,0
PM-008,425,1.7463,0.4656,39.2045,0
PM-008,426,1.7432,0.4833,38.3458,0
PM-008,427,1.7312,0.5055,39.0918,0
PM-008,428,1.7554,0.4861,39.4111,0
PM-008,429,1.8015,0.4924,39.7284,0
PM-008,430,1.7823,0.5144,39.0202,0
PM-008,431,1.7626,0.5254,39.7882,0
PM-008,432,1.8119,0.503,39.7321,1
PM-008,433,1.7796,0.5126,40.005,1
PM-008,434,1.8288,0.5207,40.3306,1
PM-008,435,1.8307,0.5342,40.3431,1
PM-008,436,1.8826,0.5412,40.7567,1
PM-008,437,1.8607,0.5461,40.159,1
PM-008,438,1.8464,0.5571,40.7457,1
PM-008,439,1.8941,0.551,40.8862,1
PM-008,440,1.8881,0.564,41.3754,1
PM-008,441,1.8648,0.5515,41.1504,1
PM-008,442,1.8943,0.5837,41.4309,1
PM-008,443,1.8967,0.5639,41.5068,1
PM-008,444,1.8933,0.5937,41.3631,1
PM-008,445,1.9308,0.6238,41.6308,1
PM-008,446,1.9071,0.6221,42.5317,1
PM-008,447,1.9167,0.6096,42.3007,1
PM-008,448,1.9456,0.5909,41.8959,1
PM-008,449,1.9346,0.6077,42.4869,1
PM-008,450,1.9911,0.609,42.3781,1
PM-008,451,1.9562,0.6398,42.5204,1
PM-008,452,1.9673,0.6177,43.3279,1
PM-008,453,2.0405,0.649,43.5188,1
PM-008,454,1.9946,0.6539,43.4215,1
PM-008,455,2.0001,0.6576,43.2943,1
PM-008,456,2.033,0.667,43.314,1
PM-008,457,2.0274,0.689,43.85,1
PM-008,458,2.0519,0.7122,43.4991,1
PM-008,459,2.066,0.6853,44.0946,1
PM-008,460,2.0647,0.6801,43.834,1
PM-008,461,2.0702,0.685,44.1867,1
PM-008,462,2.0953,0.6844,44.3931,1
PM-008,463,2.1097,0.7014,45.0445,1
PM-008,464,2.0667,0.7424,44.7621,1
PM-008,465,2.0804,0.7337,45.0391,1
PM-008,466,2.1438,0.7043,44.734,1
PM-008,467,2.1407,0.7717,45.3885,1
PM-008,468,2.1491,0.7282,45.3144,1
PM-008,469,2.1313,0.7532,45.8009,1
PM-008,470,2.1566,0.7638,45.6665,1
PM-008,471,2.1885,0.745,46.253,1
PM-008,472,2.1569,0.7643,45.6229,1
PM-008,473,2.1905,0.7722,46.3559,1
PM-008,474,2.1549,0.7783,46.4084,1
PM-008,475,2.179,0.7904,45.7513,1
PM-008,476,2.2054,0.8097,46.5526,1
PM-008,477,2.2028,0.7937,46.7763,1
PM-008,478,2.2442,0.8028,47.1282,1
PM-008,479,2.2373,0.7957,46.6321,1
PM-009,0,1.4292,0.3429,37.1742,0
PM-009,1,1.3873,0.3488,36.9937,0
PM-009,2,1.4281,0.3648,38.0848,0
PM-009,3,1.4413,0.3836,37.4223,0
PM-009,4,1.4241,0.3841,36.5568,0
PM-009,5,1.4061,0.3458,36.7059,0
PM-009,6,1.4032,0.349,37.6294,0
PM-009,7,1.4204,0.3361,37.3654,0
PM-009,8,1.3983,0.3672,37.3893,0
PM-009,9,1.4036,0.3695,37.3918,0
PM-009,10,1.4153,0.3554,37.2721,0
PM-009,11,1.4158,0.371,37.192,0
PM-009,12,1.3947,0.3637,37.3692,0
PM-009,13,1.4223,0.3646,37.1252,0
PM-009,14,1.4078,0.3597,37.594,0
PM-009,15,1.3996,0.3676,36.8938,0
PM-009,16,1.4339,0.3582,37.0235,0
PM-009,17,1.4229,0.3293,36.8813,0
PM-009,18,1.4258,0.3815,37.4064,0
PM-009,19,1.4214,0.4024,37.4186,0
PM-009,20,1.3977,0.3816,37.0788,0
PM-009,21,1.4044,0.3455,37.1477,0
PM-009,22,1.394,0.3746,37.2335,0
PM-009,23,1.3914,0.365,37.5693,0
PM-009,24,1.451,0.3394,37.0377,0
PM-009,25,1.3928,0.3715,36.8485,0
PM-009,26,1.4398,0.3843,37.5166,0
PM-009,27,1.4042,0.3564,37.1342,0
PM-009,28,1.4407,0.3408,37.387,0
PM-009,29,1.3999,0.36,37.492,0
PM-009,30,1.3883,0.3621,37.2325,0
PM-009,31,1.4178,0.3647,37.4382,0
PM-009,32,1.4095,0.3717,37.3701,0
PM-009,33,1.4243,0.3742,37.3558,0
PM-009,34,1.4168,0.3472,37.6783,0
PM-009,35,1.4525,0.3609,37.4081,0
PM-009,36,1.4076,0.3554,37.2878,0
PM-009,37,1.4747,0.3902,37.7048,0
PM-009,38,1.429,0.3525,37.5822,0
PM-009,39,1.3617,0.3721,37.6005,0
PM-009,40,1.4216,0.3911,36.8434,0
PM-009,41,1.4506,0.3639,37.7064,0
PM-009,42,1.439,0.389,37.5638,0
PM-009,43,1.4324,0.3867,37.2878,0
PM-009,44,1.4306,0.3662,37.0654,0
PM-009,45,1.4291,0.3692,37.6483,0
PM-009,46,1.4147,0.3548,37.6441,0
PM-009,47,1.4199,0.3544,37.6879,0
PM-009,48,1.4371,0.394,37.1689,0
PM-009,49,1.409,0.3499,37.1011,0
PM-009,50,1.4109,0.3765,36.9923,0
PM-009,51,1.4053,0.3917,36.3919,0
PM-009,52,1.4282,0.3469,37.0296,0
PM-009,53,1.4471,0.3673,38.0683,0
PM-009,54,1.4311,0.3538,37.4385,0
PM-009,55,1.4412,0.3741,37.2066,0
PM-009,56,1.3848,0.3614,37.7714,0
PM-009,57,1.4026,0.3601,37.5691,0
PM-009,58,1.431,0.3466,37.2386,0
PM-009,59,1.4467,0.3666,37.7005,0
PM-009,60,1.4483,0.3523,37.1826,0
PM-009,61,1.4317,0.3432,37.2042,0
PM-009,62,1.4295,0.3569,37.4476,0
PM-009,63,1.4066,0.3571,37.4944,0
PM-009,64,1.4459,0.3556,36.9078,0
PM-009,65,1.4178,0.3732,37.0549,0
PM-009,66,1.4518,0.364,37.0523,0
PM-009,67,1.4572,0.3852,37.0529,0
PM-009,68,1.4399,0.3564,37.5014,0
PM-009,69,1.4541,0.3481,37.1098,0
PM-009,70,1.4083,0.3702,37.4132,0
PM-009,71,1.4168,0.341,36.9019,0
PM-009,72,1.4009,0.3746,36.8526,0
PM-009,73,1.4003,0.3492,37.3736,0
PM-009,74,1.4412,0.3686,37.8692,0
PM-009,75,1.4217,0.3648,37.0359,0
PM-009,76,1.4226,0.3538,36.9775,0
PM-009,77,1.3984,0.3629,37.1211,0
PM-009,78,1.4717,0.3694,37.329,0
PM-009,79,1.4075,0.4122,36.994,0
PM-009,80,1.4091,0.3812,37.3319,0
PM-009,81,1.3931,0.3667,37.4751,0
PM-009,82,1.4288,0.3762,37.9269,0
PM-009,83,1.424,0.3782,36.5439,0
PM-009,84,1.4559,0.3672,37.0108,0
PM-009,85,1.4147,0.3762,37.5816,0
PM-009,86,1.4167,0.3753,37.1922,0
PM-009,87,1.4284,0.3693,37.3614,0
PM-009,88,1.4124,0.3723,37.0232,0
PM-009,89,1.4225,0.3567,36.9731,0
PM-009,90,1.4045,0.3631,37.1126,0
PM-009,91,1.4265,0.3674,37.5755,0
PM-009,92,1.4169,0.369,37.8309,0
PM-009,93,1.4098,0.362,37.6322,0
PM-009,94,1.3994,0.386,37.2001,0
PM-009,95,1.4019,0.3798,37.1958,0
PM-009,96,1.4551,0.3675,37.2933,0
PM-009,97,1.4069,0.364,37.1894,0
PM-009,98,1.4452,0.3706,37.4828,0
PM-009,99,1.4206,0.3601,37.3825,0
PM-009,100,1.4504,0.3505,37.397,0
PM-009,101,1.4485,0.354,37.5478,0
PM-009,102,1.437,0.3468,37.6043,0
PM-009,103,1.4067,0.3716,37.5784,0
PM-009,104,1.4426,0.3432,37.8077,0
PM-009,105,1.4469,0.382,37.3796,0
PM-009,106,1.4099,0.35,36.784,0
PM-009,107,1.4315,0.382,37.2458,0
PM-009,108,1.4094,0.3673,37.079,0
PM-009,109,1.419,0.3558,37.4548,0
PM-009,110,1.4435,0.3739,37.247,0
PM-009,111,1.4384,0.3665,37.5584,0
PM-009,112,1.4059,0.3586,36.9745,0
PM-009,113,1.4093,0.381,37.0096,0
PM-009,114,1.3725,0.36,36.919,0
PM-009,115,1.4085,0.3978,37.0045,0
PM-009,116,1.4313,0.365,37.3829,0
PM-009,117,1.4084,0.3837,37.3992,0
PM-009,118,1.4277,0.3677,37.6479,0
PM-009,119,1.4298,0.3718,37.467,0
PM-009,120,1.3834,0.3691,37.252,0
PM-009,121,1.442,0.3557,37.3315,0
PM-009,122,1.4571,0.3659,36.8721,0
PM-009,123,1.4621,0.3555,36.9592,0
PM-009,124,1.3986,0.3772,37.6605,0
PM-009,125,1.4538,0.3665,36.9751,0
PM-009,126,1.4072,0.3667,37.2648,0
PM-009,127,1.4448,0.3465,36.9365,0
PM-009,128,1.4124,0.3718,37.1384,0
PM-009,129,1.4081,0.3838,37.4127,0
PM-009,130,1.3989,0.3586,37.4262,0
PM-009,131,1.3934,0.3739,37.168,0
PM-009,132,1.4258,0.368,36.936,0
PM-009,133,1.4059,0.388,37.9826,0
PM-009,134,1.3836,0.3819,37.3598,0
PM-009,135,1.4602,0.3579,37.5406,0
PM-009,136,1.4125,0.3855,37.9645,0
PM-009,137,1.4228,0.3492,37.6953,0
PM-009,138,1.4299,0.3719,37.7461,0
PM-009,139,1.3958,0.3555,37.4494,0
PM-009,140,1.4038,0.3615,37.6536,0
PM-009,141,1.4272,0.3486,37.3936,0
PM-009,142,1.4434,0.3688,37.5327,0
PM-009,143,1.4082,0.3701,36.7981,0
PM-009,144,1.4312,0.3716,36.8841,0
PM-009,145,1.449,0.3748,37.0634,0
PM-009,146,1.4317,0.3515,37.0173,0
PM-009,147,1.399,0.3511,37.4024,0
PM-009,148,1.4205,0.3775,36.4253,0
PM-009,149,1.4108,0.3606,37.287,0
PM-009,150,1.4191,0.3697,37.2978,0
PM-009,151,1.4094,0.3602,37.2553,0
PM-009,152,1.4287,0.3675,37.0356,0
PM-009,153,1.4018,0.3739,37.4984,0
PM-009,154,1.44,0.3589,36.7079,0
PM-009,155,1.4262,0.3555,37.2401,0
PM-009,156,1.4215,0.3745,37.5391,0
PM-009,157,1.442,0.386,37.3024,0
PM-009,158,1.3848,0.3571,37.6936,0
PM-009,159,1.4216,0.3989,37.1575,0
PM-009,160,1.4648,0.3662,37.1452,0
PM-009,161,1.4044,0.3761,36.8472,0
PM-009,162,1.4076,0.3655,36.5938,0
PM-009,163,1.4166,0.3921,37.4007,0
PM-009,164,1.4054,0.3591,37.3723,0
PM-009,165,1.4084,0.3733,37.1095,0
PM-009,166,1.3981,0.384,37.4839,0
PM-009,167,1.3808,0.3612,37.584,0
PM-009,168,1.4153,0.3575,37.1954,0
PM-009,169,1.4208,0.3635,37.2464,0
PM-009,170,1.4156,0.3516,36.9636,0
PM-009,171,1.3968,0.3676,37.446,0
PM-009,172,1.3998,0.3437,37.0098,0
PM-009,173,1.4466,0.3615,37.2069,0
PM-009,174,1.4026,0.3748,37.2342,0
PM-009,175,1.4041,0.3508,37.3845,0
PM-009,176,1.4239,0.3477,37.6394,0
PM-009,177,1.4057,0.3329,37.7298,0
PM-009,178,1.4165,0.3728,37.7728,0
PM-009,179,1.3985,0.3734,37.6238,0
PM-009,180,1.3999,0.3882,36.8484,0
PM-009,181,1.4167,0.3501,37.4799,0
PM-009,182,1.3993,0.357,37.0075,0
PM-009,183,1.3945,0.3547,37.2576,0
PM-009,184,1.4166,0.363,37.0712,0
PM-009,185,1.4115,0.3425,37.0615,0
PM-009,186,1.4141,0.3707,37.3228,0
PM-009,187,1.394,0.3727,37.3078,0
PM-009,188,1.4474,0.3438,37.2302,0
PM-009,189,1.4392,0.3618,36.9971,0
PM-009,190,1.4023,0.378,36.8067,0
PM-009,191,1.4119,0.3531,37.0309,0
PM-009,192,1.4274,0.3603,37.3411,0
PM-009,193,1.3937,0.3787,37.335,0
PM-009,194,1.4433,0.3601,37.406,0
PM-009,195,1.4343,0.3727,37.7805,0
PM-009,196,1.3853,0.3689,37.1494,0
PM-009,197,1.409,0.3886,37.0851,0
PM-009,198,1.4356,0.3504,37.577,0
PM-009,199,1.4181,0.362,36.8101,0
PM-009,200,1.413,0.3559,37.7955,0
PM-009,201,1.4196,0.3573,37.0795,0
PM-009,202,1.3914,0.3891,37.648,0
PM-009,203,1.4172,0.3989,37.2672,0
PM-009,204,1.4405,0.3747,37.0988,0
PM-009,205,1.4222,0.3718,36.8799,0
PM-009,206,1.4243,0.3834,37.0637,0
PM-009,207,1.4144,0.3496,37.1263,0
PM-009,208,1.4105,0.3899,37.176,0
PM-009,209,1.408,0.3648,36.7589,0
PM-009,210,1.3714,0.3455,37.3684,0
PM-009,211,1.4185,0.3793,36.815,0
PM-009,212,1.4145,0.3424,37.3514,0
PM-009,213,1.391,0.3626,37.3331,0
PM-009,214,1.4108,0.3323,37.7699,0
PM-009,215,1.4086,0.3421,37.4995,0
PM-009,216,1.4346,0.3617,37.732,0
PM-009,217,1.4038,0.3689,37.4244,0
PM-009,218,1.4489,0.3371,37.9587,0
PM-009,219,1.4421,0.373,37.0313,0
PM-009,220,1.4009,0.3706,37.4193,0
PM-009,221,1.4259,0.3686,37.4007,0
PM-009,222,1.3749,0.3623,36.8562,0
PM-009,223,1.4178,0.3858,36.9986,0
PM-009,224,1.4044,0.3535,37.0564,0
PM-009,225,1.4297,0.3781,37.7119,0
PM-009,226,1.3985,0.3765,37.5263,0
PM-009,227,1.4517,0.3523,36.6701,0
PM-009,228,1.413,0.4084,36.9426,0
PM-009,229,1.4283,0.333,37.8156,0
PM-009,230,1.381,0.3304,37.3008,0
PM-009,231,1.421,0.3875,37.526,0
PM-009,232,1.3786,0.364,37.062,0
PM-009,233,1.3919,0.3727,37.5841,0
PM-009,234,1.4025,0.3613,37.1913,0
PM-009,235,1.4054,0.3598,37.0726,0
PM-009,236,1.4211,0.3574,37.3993,0
PM-009,237,1.4068,0.3759,37.0877,0
PM-009,238,1.4307,0.3535,37.5368,0
PM-009,239,1.383,0.3662,37.101,0
PM-009,240,1.4177,0.3485,37.2128,0
PM-009,241,1.3964,0.3627,37.1718,0
PM-009,242,1.4252,0.3672,37.8347,0
PM-009,243,1.4084,0.3643,38.2265,0
PM-009,244,1.4141,0.3805,37.4441,0
PM-009,245,1.4653,0.3448,36.8078,0
PM-009,246,1.3962,0.3688,36.9701,0
PM-009,247,1.3759,0.3524,37.3817,0
PM-009,248,1.4005,0.3834,36.9335,0
PM-009,249,1.4189,0.3604,37.3277,0
PM-009,250,1.4244,0.39,37.4781,0
PM-009,251,1.4102,0.3754,37.4962,0
PM-009,252,1.4595,0.3639,37.2463,0
PM-009,253,1.4448,0.3363,37.2098,0
PM-009,254,1.4325,0.382,36.6084,0
PM-009,255,1.3918,0.3289,37.533,0
PM-009,256,1.4227,0.3875,37.2799,0
PM-009,257,1.4634,0.3521,37.161,0
PM-009,258,1.4268,0.3556,37.3963,0
PM-009,259,1.4164,0.3637,37.2336,0
PM-009,260,1.4327,0.3611,36.9352,0
PM-009,261,1.4199,0.3567,36.9714,0
PM-009,262,1.384,0.3802,37.4699,0
PM-009,263,1.4467,0.3663,37.5947,0
PM-009,264,1.3997,0.3376,37.0457,0
PM-009,265,1.4145,0.3716,37.6554,0
PM-009,266,1.425,0.4001,37.3071,0
PM-009,267,1.4206,0.3713,37.3848,0
PM-009,268,1.4259,0.3478,37.5268,0
PM-009,269,1.4687,0.353,37.2588,0
PM-009,270,1.3911,0.3775,37.4964,0
PM-009,271,1.3885,0.3466,36.6467,0
PM-009,272,1.45,0.3537,37.2309,0
PM-009,273,1.4113,0.3811,37.4692,0
PM-009,274,1.4307,0.3541,37.4755,0
PM-009,275,1.4372,0.376,36.8844,0
PM-009,276,1.396,0.3923,37.8543,0
PM-009,277,1.4172,0.3652,37.3184,0
PM-009,278,1.4302,0.3446,37.3403,0
PM-009,279,1.398,0.3659,37.006,0
PM-009,280,1.4056,0.369,37.086,0
PM-009,281,1.3966,0.388,36.9458,0
PM-009,282,1.3724,0.3748,37.1843,0
PM-009,283,1.418,0.3686,37.6524,0
PM-009,284,1.4559,0.37,36.9184,0
PM-009,285,1.4215,0.3751,37.5723,0
PM-009,286,1.4213,0.3578,36.9991,0
PM-009,287,1.4163,0.3437,37.3895,0
PM-009,288,1.4221,0.3688,37.4864,0
PM-009,289,1.4476,0.3652,37.2942,0
PM-009,290,1.4112,0.3745,37.2689,0
PM-009,291,1.4417,0.3833,37.366,0
PM-009,292,1.417,0.3621,37.4153,0
PM-009,293,1.4282,0.3621,37.3577,0
PM-009,294,1.4031,0.373,37.0641,0
PM-009,295,1.434,0.3615,37.7733,0
PM-009,296,1.4194,0.3698,36.8516,0
PM-009,297,1.4467,0.3657,37.793,0
PM-009,298,1.4195,0.363,37.1177,0
PM-009,299,1.4314,0.3741,36.8709,0
PM-009,300,1.4072,0.3771,37.0778,0
PM-009,301,1.4022,0.3692,37.2973,0
PM-009,302,1.4093,0.3928,37.2265,0
PM-009,303,1.3933,0.342,37.5779,0
PM-009,304,1.3966,0.3667,37.009,0
PM-009,305,1.4165,0.3715,36.8615,0
PM-009,306,1.4095,0.3561,36.9815,0
PM-009,307,1.4111,0.3569,37.5331,0
PM-009,308,1.4043,0.373,37.3959,0
PM-009,309,1.3886,0.3587,37.2381,0
PM-009,310,1.4239,0.3627,37.5837,0
PM-009,311,1.4207,0.3729,37.0935,0
PM-009,312,1.4278,0.3953,37.4291,0
PM-009,313,1.4406,0.3619,37.5484,0
PM-009,314,1.4388,0.3699,37.2487,0
PM-009,315,1.3887,0.3658,37.4407,0
PM-009,316,1.4033,0.3472,37.3017,0
PM-009,317,1.4232,0.346,37.2834,0
PM-009,318,1.4244,0.3861,37.1282,0
PM-009,319,1.4603,0.3671,36.9106,0
PM-009,320,1.412,0.3496,37.221,0
PM-009,321,1.428,0.3703,36.9321,0
PM-009,322,1.3935,0.3725,37.4644,0
PM-009,323,1.4088,0.3282,36.9236,0
PM-009,324,1.4383,0.3552,37.167,0
PM-009,325,1.4297,0.3616,37.6904,0
PM-009,326,1.4111,0.3533,37.6258,0
PM-009,327,1.4195,0.3501,37.4127,0
PM-009,328,1.4127,0.3491,37.2997,0
PM-009,329,1.4154,0.3409,36.9534,0
PM-009,330,1.4559,0.3675,37.6752,0
PM-009,331,1.4248,0.3848,37.4379,0
PM-009,332,1.3997,0.3753,36.9853,0
PM-009,333,1.4372,0.3695,37.2768,0
PM-009,334,1.4098,0.3782,37.2239,0
PM-009,335,1.3804,0.3405,36.8904,0
PM-009,336,1.4343,0.3791,37.3687,0
PM-009,337,1.4249,0.3879,37.374,0
PM-009,338,1.4313,0.3661,37.1328,0
PM-009,339,1.413,0.397,36.9451,0
PM-009,340,1.4249,0.3435,37.088,0
PM-009,341,1.4341,0.3391,37.5426,0
PM-009,342,1.4595,0.3717,37.6497,0
PM-009,343,1.4235,0.3769,37.4073,0
PM-009,344,1.4084,0.3572,37.6256,0
PM-009,345,1.4177,0.3641,37.2224,0
PM-009,346,1.4247,0.3485,37.2165,0
PM-009,347,1.4248,0.3471,37.3339,0
PM-009,348,1.4006,0.3709,37.9187,0
PM-009,349,1.4162,0.3501,37.3423,0
PM-009,350,1.4281,0.3522,36.7556,0
PM-009,351,1.3999,0.3655,37.1346,0
PM-009,352,1.4401,0.374,37.3018,0
PM-009,353,1.3837,0.3757,37.8649,0
PM-009,354,1.4358,0.3564,37.2303,0
PM-009,355,1.4278,0.387,37.0594,0
PM-009,356,1.4093,0.3656,37.232,0
PM-009,357,1.4344,0.3702,36.852,0
PM-009,358,1.4054,0.3568,36.6067,0
PM-009,359,1.4372,0.3682,37.109,0
PM-009,360,1.4366,0.3708,36.8853,0
PM-009,361,1.4308,0.3868,37.2292,0
PM-009,362,1.4172,0.3679,36.9058,0
PM-009,363,1.4214,0.3529,37.2692,0
PM-009,364,1.4219,0.3742,37.4414,0
PM-009,365,1.4,0.3691,37.558,0
PM-009,366,1.3955,0.3924,36.9794,0
PM-009,367,1.4511,0.3519,37.2543,0
PM-009,368,1.4147,0.3457,37.4806,0
PM-009,369,1.4336,0.3755,37.1966,0
PM-009,370,1.4045,0.3827,37.3352,0
PM-009,371,1.4035,0.3695,36.7687,0
PM-009,372,1.4207,0.3761,37.2173,0
PM-009,373,1.4328,0.3784,37.3538,0
PM-009,374,1.4539,0.3866,37.4594,0
PM-009,375,1.4257,0.3624,37.077,0
PM-009,376,1.4345,0.3633,36.9669,0
PM-009,377,1.4025,0.3562,37.7972,0
PM-009,378,1.4355,0.3668,37.3953,0
PM-009,379,1.4292,0.3532,36.9209,0
PM-009,380,1.4396,0.346,37.2659,0
PM-009,381,1.4041,0.3696,37.1952,0
PM-009,382,1.4293,0.3316,37.6074,0
PM-009,383,1.4333,0.3814,37.5401,0
PM-009,384,1.4249,0.3566,37.4027,0
PM-009,385,1.4244,0.3794,37.4577,0
PM-009,386,1.4205,0.3727,37.4277,0
PM-009,387,1.4404,0.3923,37.4503,0
PM-009,388,1.4291,0.3629,37.1682,0
PM-009,389,1.4041,0.3182,37.0194,0
PM-009,390,1.4151,0.3616,37.4081,0
PM-009,391,1.4025,0.3548,36.637,0
PM-009,392,1.428,0.3529,37.0564,0
PM-009,393,1.4299,0.353,37.3853,0
PM-009,394,1.3945,0.3659,37.0883,0
PM-009,395,1.4133,0.3889,36.7794,0
PM-009,396,1.447,0.3525,37.5319,0
PM-009,397,1.4399,0.3727,36.9056,0
PM-009,398,1.424,0.4046,37.2745,0
PM-009,399,1.4166,0.3633,37.4258,0
PM-009,400,1.4168,0.3705,37.1835,0
PM-009,401,1.3979,0.4011,37.2422,0
PM-009,402,1.4826,0.3726,37.4512,0
PM-009,403,1.4124,0.3573,37.1852,0
PM-009,404,1.4019,0.3524,37.8065,0
PM-009,405,1.4346,0.3887,37.6086,0
PM-009,406,1.4066,0.3431,37.1331,0
PM-009,407,1.4204,0.3834,37.2548,0
PM-009,408,1.4779,0.3598,37.4485,0
PM-009,409,1.4066,0.3723,37.2335,0
PM-009,410,1.4136,0.357,37.3154,0
PM-009,411,1.4353,0.3516,37.2566,0
PM-009,412,1.4284,0.3765,37.8301,0
PM-009,413,1.4302,0.3602,37.1008,0
PM-009,414,1.407,0.3567,37.3359,0
PM-009,415,1.427,0.3786,37.4707,0
PM-009,416,1.4435,0.3562,37.7621,0
PM-009,417,1.406,0.3715,37.2127,0
PM-009,418,1.4181,0.3763,36.8396,0
PM-009,419,1.402,0.3775,37.2705,0
PM-009,420,1.4135,0.3494,37.1963,0
PM-009,421,1.4322,0.3578,37.6804,0
PM-009,422,1.4401,0.361,37.0929,0
PM-009,423,1.3633,0.3501,36.9297,0
PM-009,424,1.39,0.3657,37.3648,0
PM-009,425,1.4549,0.3672,36.6611,0
PM-009,426,1.4036,0.3754,37.2467,0
PM-009,427,1.4357,0.3585,37.6168,0
PM-009,428,1.4235,0.3703,37.3161,0
PM-009,429,1.4033,0.3654,37.3593,0
PM-009,430,1.3906,0.3674,37.6356,0
PM-009,431,1.4273,0.3868,37.3935,0
PM-009,432,1.4006,0.3781,36.9289,0
PM-009,433,1.4144,0.3621,37.0677,0
PM-009,434,1.4662,0.3652,37.8142,0
PM-009,435,1.4255,0.3539,37.1483,0
PM-009,436,1.4178,0.3611,37.189,0
PM-009,437,1.4301,0.3717,37.4782,0
PM-009,438,1.4491,0.3592,37.6053,0
PM-009,439,1.4465,0.3857,36.7432,0
PM-009,440,1.4545,0.3567,36.719,0
PM-009,441,1.454,0.3739,37.4376,0
PM-009,442,1.4119,0.369,37.2294,0
PM-009,443,1.4061,0.3666,37.3051,0
PM-009,444,1.3922,0.3671,36.7349,0
PM-009,445,1.457,0.3647,36.9497,0
PM-009,446,1.4288,0.355,37.2624,0
PM-009,447,1.4277,0.351,37.8561,0
PM-009,448,1.4595,0.3584,36.9342,0
PM-009,449,1.408,0.3591,37.6043,0
PM-009,450,1.4083,0.3488,37.3016,0
PM-009,451,1.3888,0.3823,37.4512,0
PM-009,452,1.4066,0.3589,37.3458,0
PM-009,453,1.3965,0.3544,37.2035,0
PM-009,454,1.3922,0.3594,36.9492,0
PM-009,455,1.4471,0.3602,36.9871,0
PM-009,456,1.4321,0.3568,36.9404,0
PM-009,457,1.4363,0.3614,37.5235,0
PM-009,458,1.4183,0.3682,37.4401,0
PM-009,459,1.4059,0.3541,37.6317,0
PM-009,460,1.4302,0.3652,37.5099,0
PM-009,461,1.4294,0.3804,36.9283,0
PM-009,462,1.4173,0.3832,37.7743,0
PM-009,463,1.4079,0.3686,37.277,0
PM-009,464,1.3937,0.3619,36.7976,0
PM-009,465,1.4152,0.3507,37.3221,0
PM-009,466,1.4124,0.3614,37.7372,0
PM-009,467,1.42,0.3944,37.4051,0
PM-009,468,1.4349,0.3532,37.0631,0
PM-009,469,1.4189,0.3844,37.1623,0
PM-009,470,1.39,0.3722,37.2904,0
PM-009,471,1.4076,0.3606,37.0098,0
PM-009,472,1.4371,0.3666,37.3433,0
PM-009,473,1.4067,0.3863,37.3374,0
PM-009,474,1.3758,0.3731,37.1919,0
PM-009,475,1.4153,0.3811,37.2977,0
PM-009,476,1.4528,0.3678,37.1312,0
PM-009,477,1.3823,0.3555,37.1745,0
PM-009,478,1.4479,0.3593,37.7638,0
PM-009,479,1.3956,0.3547,37.6093,0
PM-010,0,1.3267,0.2837,37.4379,0
PM-010,1,1.3353,0.2741,37.6695,0
PM-010,2,1.313,0.2876,36.7076,0
PM-010,3,1.3275,0.2984,37.4312,0
PM-010,4,1.3295,0.2895,37.5195,0
PM-010,5,1.35,0.2728,37.629,0
PM-010,6,1.326,0.2654,37.9033,0
PM-010,7,1.3289,0.2453,37.6597,0
PM-010,8,1.3661,0.2722,36.7127,0
PM-010,9,1.3378,0.3069,37.4017,0
PM-010,10,1.3542,0.2882,37.6324,0
PM-010,11,1.3761,0.292,37.3168,0
PM-010,12,1.3165,0.2822,37.2829,0
PM-010,13,1.3532,0.2628,37.2508,0
PM-010,14,1.3391,0.2617,37.3529,0
PM-010,15,1.3546,0.3044,37.1204,0
PM-010,16,1.357,0.2461,37.3387,0
PM-010,17,1.3403,0.288,37.1851,0
PM-010,18,1.3438,0.2924,37.0028,0
PM-010,19,1.2997,0.292,37.0417,0
PM-010,20,1.348,0.305,37.5919,0
PM-010,21,1.3194,0.2538,37.1074,0
PM-010,22,1.3423,0.272,37.7495,0
PM-010,23,1.3522,0.2648,37.5948,0
PM-010,24,1.369,0.271,37.4849,0
PM-010,25,1.3214,0.2736,37.0734,0
PM-010,26,1.3636,0.2682,37.473,0
PM-010,27,1.3516,0.3224,37.2613,0
PM-010,28,1.3233,0.2747,37.0858,0
PM-010,29,1.3291,0.2867,37.1395,0
PM-010,30,1.3501,0.2847,37.4158,0
PM-010,31,1.3522,0.2714,36.7402,0
PM-010,32,1.34,0.2769,37.2299,0
PM-010,33,1.3518,0.2872,37.4064,0
PM-010,34,1.3408,0.2941,37.0188,0
PM-010,35,1.3322,0.2907,37.5017,0
PM-010,36,1.3342,0.2816,37.1765,0
PM-010,37,1.3421,0.2861,37.7285,0
PM-010,38,1.3521,0.2962,36.9082,0
PM-010,39,1.2946,0.243,37.6758,0
PM-010,40,1.3509,0.265,37.2255,0
PM-010,41,1.3456,0.2649,37.0958,0
PM-010,42,1.3258,0.2647,37.3542,0
PM-010,43,1.3721,0.2607,37.319,0
PM-010,44,1.3481,0.2838,37.1892,0
PM-010,45,1.3512,0.2821,37.2056,0
PM-010,46,1.3118,0.2586,37.5647,0
PM-010,47,1.3674,0.2758,37.7616,0
PM-010,48,1.3378,0.2586,37.2781,0
PM-010,49,1.3687,0.2667,37.3002,0
PM-010,50,1.3626,0.2925,37.4328,0
PM-010,51,1.3496,0.2917,37.4335,0
PM-010,52,1.3645,0.2859,37.2966,0
PM-010,53,1.3475,0.27,37.0513,0
PM-010,54,1.316,0.2727,37.4349,0
PM-010,55,1.3749,0.282,37.3984,0
PM-010,56,1.3369,0.2704,37.3802,0
PM-010,57,1.3333,0.2709,37.5872,0
PM-010,58,1.3207,0.272,37.1347,0
PM-010,59,1.3412,0.2886,37.446,0
PM-010,60,1.3344,0.2899,37.6058,0
PM-010,61,1.3396,0.2997,37.4668,0
PM-010,62,1.3467,0.2577,36.8359,0
PM-010,63,1.3401,0.2907,37.4395,0
PM-010,64,1.3579,0.2696,37.3657,0
PM-010,65,1.3392,0.2487,37.8777,0
PM-010,66,1.3628,0.2897,37.7265,0
PM-010,67,1.3295,0.2877,37.2002,0
PM-010,68,1.3418,0.2496,37.2963,0
PM-010,69,1.3083,0.257,37.3249,0
PM-010,70,1.3247,0.2809,37.8435,0
PM-010,71,1.3264,0.2718,37.5403,0
PM-010,72,1.3255,0.265,37.2076,0
PM-010,73,1.3565,0.2492,37.0867,0
PM-010,74,1.3695,0.2293,37.3028,0
PM-010,75,1.3695,0.3044,37.5808,0
PM-010,76,1.3623,0.2615,37.081,0
PM-010,77,1.3731,0.2718,36.7779,0
PM-010,78,1.3472,0.2729,37.3653,0
PM-010,79,1.2912,0.236,37.4318,0
PM-010,80,1.3328,0.2689,37.4581,0
PM-010,81,1.3233,0.2718,37.2064,0
PM-010,82,1.3566,0.2476,37.1468,0
PM-010,83,1.3607,0.2632,37.377,0
PM-010,84,1.3722,0.2781,37.9831,0
PM-010,85,1.3669,0.266,36.9618,0
PM-010,86,1.3268,0.2815,37.4449,0
PM-010,87,1.3521,0.2619,37.1075,0
PM-010,88,1.35,0.3056,37.0119,0
PM-010,89,1.3374,0.2704,37.3846,0
PM-010,90,1.3149,0.2771,37.7072,0
PM-010,91,1.3064,0.2907,36.9825,0
PM-010,92,1.344,0.2831,37.4535,0
PM-010,93,1.3322,0.2857,36.9638,0
PM-010,94,1.3571,0.2688,37.4376,0
PM-010,95,1.3318,0.2988,37.4726,0
PM-010,96,1.3519,0.2876,37.2687,0
PM-010,97,1.3446,0.2783,37.5345,0
PM-010,98,1.3299,0.2652,37.6955,0
PM-010,99,1.3546,0.2632,37.9117,0
PM-010,100,1.3274,0.2776,37.6916,0
PM-010,101,1.362,0.2652,37.4962,0
PM-010,102,1.3327,0.2821,37.3033,0
PM-010,103,1.3308,0.2613,37.6965,0
PM-010,104,1.324,0.2978,37.2528,0
PM-010,105,1.3486,0.2989,37.2118,0
PM-010,106,1.3483,0.2832,37.141,0
PM-010,107,1.3433,0.2869,37.8513,0
PM-010,108,1.3306,0.281,37.3029,0
PM-010,109,1.3427,0.2669,37.2903,0
PM-010,110,1.3692,0.2777,37.3638,0
PM-010,111,1.3218,0.2921,37.5951,0
PM-010,112,1.3414,0.3043,37.1812,0
PM-010,113,1.318,0.2743,37.0868,0
PM-010,114,1.3437,0.2769,37.6869,0
PM-010,115,1.3297,0.2808,37.3966,0
PM-010,116,1.3555,0.2588,37.0716,0
PM-010,117,1.3273,0.2595,37.5247,0
PM-010,118,1.3513,0.2922,37.2973,0
PM-010,119,1.3296,0.2616,37.7321,0
PM-010,120,1.3344,0.2649,37.5661,0
PM-010,121,1.3321,0.2598,37.0808,0
PM-010,122,1.3407,0.2597,37.3153,0
PM-010,123,1.3216,0.2616,37.1946,0
PM-010,124,1.342,0.2806,37.6183,0
PM-010,125,1.3232,0.2966,38.1573,0
PM-010,126,1.3305,0.2493,36.8185,0
PM-010,127,1.3289,0.2654,37.3425,0
PM-010,128,1.349,0.2565,37.2895,0
PM-010,129,1.3287,0.3063,36.9265,0
PM-010,130,1.3237,0.2763,37.1154,0
PM-010,131,1.3615,0.2605,37.0662,0
PM-010,132,1.3632,0.2579,37.5914,0
PM-010,133,1.3298,0.2665,37.1886,0
PM-010,134,1.3164,0.2894,37.3818,0
PM-010,135,1.3567,0.2934,37.5033,0
PM-010,136,1.3098,0.2612,37.5963,0
PM-010,137,1.34,0.2855,37.3143,0
PM-010,138,1.3303,0.2855,36.8228,0
PM-010,139,1.3325,0.2768,37.4036,0
PM-010,140,1.313,0.257,37.223,0
PM-010,141,1.3376,0.2991,37.0776,0
PM-010,142,1.329,0.2996,37.6602,0
PM-010,143,1.3166,0.2859,37.5907,0
PM-010,144,1.3428,0.2582,37.1623,0
PM-010,145,1.3263,0.2837,37.2122,0
PM-010,146,1.3336,0.2667,36.8734,0
PM-010,147,1.3908,0.2818,37.7826,0
PM-010,148,1.3165,0.2986,37.222,0
PM-010,149,1.3495,0.2906,37.7943,0
PM-010,150,1.3379,0.2607,37.3366,0
PM-010,151,1.3507,0.2677,37.214,0
PM-010,152,1.3079,0.2611,37.4743,0
PM-010,153,1.3565,0.2923,38.0238,0
PM-010,154,1.3686,0.2735,37.0603,0
PM-010,155,1.3337,0.2675,37.3907,0
PM-010,156,1.3567,0.283,37.8138,0
PM-010,157,1.3468,0.2566,37.17,0
PM-010,158,1.3469,0.2792,37.7335,0
PM-010,159,1.339,0.2731,36.8688,0
PM-010,160,1.3227,0.2804,37.4039,0
PM-010,161,1.3508,0.2825,37.307,0
PM-010,162,1.3188,0.2758,37.3277,0
PM-010,163,1.3663,0.2957,37.1973,0
PM-010,164,1.3264,0.2555,37.2915,0
PM-010,165,1.3294,0.3149,37.0064,0
PM-010,166,1.34,0.2661,37.3484,0
PM-010,167,1.3322,0.2879,37.4731,0
PM-010,168,1.3544,0.2645,37.6648,0
PM-010,169,1.3292,0.2547,37.2864,0
PM-010,170,1.3411,0.257,37.6031,0
PM-010,171,1.3226,0.263,37.341,0
PM-010,172,1.356,0.2575,37.6232,0
PM-010,173,1.2957,0.2807,37.0021,0
PM-010,174,1.3229,0.3018,37.0445,0
PM-010,175,1.3377,0.2598,37.5717,0
PM-010,176,1.347,0.284,37.6802,0
PM-010,177,1.3321,0.2919,37.788,0
PM-010,178,1.3445,0.2592,36.9795,0
PM-010,179,1.3477,0.2592,36.938,0
PM-010,180,1.3565,0.2689,38.0668,0
PM-010,181,1.3257,0.2683,37.4487,0
PM-010,182,1.3429,0.2745,37.3086,0
PM-010,183,1.4037,0.3007,37.594,0
PM-010,184,1.3143,0.2747,37.5391,0
PM-010,185,1.3538,0.2949,37.1486,0
PM-010,186,1.3381,0.2644,37.7414,0
PM-010,187,1.3528,0.2682,37.4084,0
PM-010,188,1.3399,0.2626,37.62,0
PM-010,189,1.3404,0.2678,37.0718,0
PM-010,190,1.3559,0.2798,37.1326,0
PM-010,191,1.3289,0.2759,37.3601,0
PM-010,192,1.3427,0.2492,37.3771,0
PM-010,193,1.3145,0.2971,37.6539,0
PM-010,194,1.362,0.2389,37.2512,0
PM-010,195,1.3373,0.2844,37.6112,0
PM-010,196,1.3646,0.241,37.1006,0
PM-010,197,1.34,0.2882,37.5815,0
PM-010,198,1.3484,0.2662,37.188,0
PM-010,199,1.3263,0.2611,37.0425,0
PM-010,200,1.317,0.2808,37.3783,0
PM-010,201,1.3203,0.2501,37.2302,0
PM-010,202,1.3685,0.2759,37.581,0
PM-010,203,1.3425,0.2749,36.8991,0
PM-010,204,1.3307,0.2678,37.7853,0
PM-010,205,1.3425,0.2949,37.6792,0
PM-010,206,1.3219,0.2758,37.8464,0
PM-010,207,1.3501,0.2833,37.6151,0
PM-010,208,1.3485,0.284,37.4316,0
PM-010,209,1.3321,0.2599,36.7839,0
PM-010,210,1.3323,0.2823,37.4126,0
PM-010,211,1.3516,0.2739,38.1576,0
PM-010,212,1.3794,0.253,37.5379,0
PM-010,213,1.3582,0.2439,37.391,0
PM-010,214,1.3492,0.2757,37.4568,0
PM-010,215,1.3404,0.2863,37.8055,0
PM-010,216,1.3543,0.2934,37.0238,0
PM-010,217,1.3794,0.2805,37.2238,0
PM-010,218,1.3472,0.2676,37.3824,0
PM-010,219,1.3449,0.2655,37.3877,0
PM-010,220,1.3248,0.2652,37.0377,0
PM-010,221,1.3314,0.2675,37.4831,0
PM-010,222,1.3608,0.2857,37.6327,0
PM-010,223,1.3566,0.2619,37.2408,0
PM-010,224,1.3744,0.2676,37.8971,0
PM-010,225,1.3305,0.2451,37.2668,0
PM-010,226,1.3558,0.3007,36.8976,0
PM-010,227,1.3554,0.2892,37.7314,0
PM-010,228,1.2854,0.3006,37.4733,0
PM-010,229,1.348,0.2914,36.7395,0
PM-010,230,1.3592,0.3114,36.9304,0
PM-010,231,1.3376,0.2763,37.4479,0
PM-010,232,1.3474,0.2657,37.353,0
PM-010,233,1.3737,0.2819,37.4515,0
PM-010,234,1.3246,0.2959,37.2759,0
PM-010,235,1.2979,0.2821,37.5531,0
PM-010,236,1.3329,0.2423,37.0061,0
PM-010,237,1.3366,0.2699,37.4735,0
PM-010,238,1.3507,0.2692,36.9213,0
PM-010,239,1.3679,0.2842,37.5424,0
PM-010,240,1.3465,0.2922,37.2267,0
PM-010,241,1.3554,0.2858,37.5316,0
PM-010,242,1.315,0.2779,37.4571,0
PM-010,243,1.3744,0.2773,37.6656,0
PM-010,244,1.3091,0.265,37.4727,0
PM-010,245,1.3475,0.265,37.6277,0
PM-010,246,1.3355,0.2729,37.3175,0
PM-010,247,1.3656,0.2921,37.9059,0
PM-010,248,1.3499,0.3047,37.4124,0
PM-010,249,1.3363,0.2692,37.2881,0
PM-010,250,1.3363,0.2655,37.1638,0
PM-010,251,1.351,0.2685,36.8309,0
PM-010,252,1.3038,0.2443,36.9157,0
PM-010,253,1.3149,0.2612,37.4268,0
PM-010,254,1.3134,0.262,36.7914,0
PM-010,255,1.3256,0.2866,37.334,0
PM-010,256,1.3405,0.2757,36.9555,0
PM-010,257,1.3307,0.2791,37.6318,0
PM-010,258,1.3461,0.289,37.0151,0
PM-010,259,1.3088,0.2495,37.5861,0
PM-010,260,1.3101,0.2917,37.2072,0
PM-010,261,1.3722,0.269,37.2228,0
PM-010,262,1.3402,0.2696,37.4664,0
PM-010,263,1.318,0.2786,37.1157,0
PM-010,264,1.3347,0.2551,37.6027,0
PM-010,265,1.3317,0.2895,37.1199,0
PM-010,266,1.3387,0.2897,36.9883,0
PM-010,267,1.3212,0.2879,37.7452,0
PM-010,268,1.3392,0.2612,37.2456,0
PM-010,269,1.3783,0.2558,37.4994,0
PM-010,270,1.3414,0.2584,37.2468,0
PM-010,271,1.3028,0.2801,37.4709,0
PM-010,272,1.3115,0.2841,37.1414,0
PM-010,273,1.3237,0.2611,37.5395,0
PM-010,274,1.3054,0.2519,37.1633,0
PM-010,275,1.3277,0.2852,37.3136,0
PM-010,276,1.3371,0.2515,37.2719,0
PM-010,277,1.2907,0.2793,37.5442,0
PM-010,278,1.3233,0.2814,37.2093,0
PM-010,279,1.3635,0.2792,37.0294,0
PM-010,280,1.3623,0.2882,37.2173,0
PM-010,281,1.3488,0.283,37.2133,0
PM-010,282,1.3402,0.2794,37.1383,0
PM-010,283,1.3658,0.2461,37.5441,0
PM-010,284,1.3145,0.2721,36.8615,0
PM-010,285,1.3125,0.2745,37.3628,0
PM-010,286,1.3601,0.2698,37.5259,0
PM-010,287,1.3387,0.2844,37.0134,0
PM-010,288,1.3406,0.2814,37.192,0
PM-010,289,1.3465,0.2829,37.1856,0
PM-010,290,1.3544,0.2412,36.7664,0
PM-010,291,1.3182,0.28,37.1145,0
PM-010,292,1.3121,0.2744,37.3711,0
PM-010,293,1.3261,0.258,37.3431,0
PM-010,294,1.3548,0.2576,37.8153,0
PM-010,295,1.3275,0.2662,37.3813,0
PM-010,296,1.3409,0.2423,37.3085,0
PM-010,297,1.3504,0.2912,37.3063,0
PM-010,298,1.3317,0.2866,37.8785,0
PM-010,299,1.3407,0.273,37.718,0
PM-010,300,1.3163,0.2767,38.0633,0
PM-010,301,1.3479,0.2873,37.2424,0
PM-010,302,1.3506,0.294,36.8867,0
PM-010,303,1.3369,0.281,37.3241,0
PM-010,304,1.3291,0.2967,37.4021,0
PM-010,305,1.3248,0.2905,37.7579,0
PM-010,306,1.3617,0.2695,37.2293,0
PM-010,307,1.3181,0.2796,37.6705,0
PM-010,308,1.3501,0.3021,36.7589,0
PM-010,309,1.3417,0.2882,37.1583,0
PM-010,310,1.3162,0.2577,37.3723,0
PM-010,311,1.3142,0.2979,37.4955,0
PM-010,312,1.3348,0.2746,37.6656,0
PM-010,313,1.3657,0.2618,37.121,0
PM-010,314,1.3317,0.2664,36.7996,0
PM-010,315,1.3226,0.2652,36.9809,0
PM-010,316,1.3477,0.2739,37.5262,0
PM-010,317,1.3192,0.2853,37.3844,0
PM-010,318,1.3279,0.2998,37.3748,0
PM-010,319,1.3283,0.28,37.057,0
PM-010,320,1.3353,0.3062,36.8101,0
PM-010,321,1.3283,0.2736,37.2311,0
PM-010,322,1.3288,0.3012,37.1745,0
PM-010,323,1.3468,0.2666,37.4607,0
PM-010,324,1.3576,0.2747,37.1694,0
PM-010,325,1.3364,0.2838,37.6009,0
PM-010,326,1.344,0.2746,37.7246,0
PM-010,327,1.3263,0.2696,37.8791,0
PM-010,328,1.3369,0.2857,37.0749,0
PM-010,329,1.3589,0.2585,36.9735,0
PM-010,330,1.3567,0.2704,37.2683,0
PM-010,331,1.3475,0.2714,37.0267,0
PM-010,332,1.3275,0.2611,37.6894,0
PM-010,333,1.363,0.2632,37.4716,0
PM-010,334,1.3334,0.2977,38.0518,0
PM-010,335,1.3535,0.2681,36.9933,0
PM-010,336,1.3438,0.2734,36.9082,0
PM-010,337,1.3404,0.3075,37.5827,0
PM-010,338,1.3156,0.2755,37.453,0
PM-010,339,1.3487,0.2512,37.3058,0
PM-010,340,1.3441,0.273,36.7623,0
PM-010,341,1.3358,0.2875,37.1694,0
PM-010,342,1.3295,0.2967,37.281,0
PM-010,343,1.3411,0.2478,37.0251,0
PM-010,344,1.3827,0.3006,37.4828,0
PM-010,345,1.2931,0.2558,36.9334,0
PM-010,346,1.3114,0.27,37.5752,0
PM-010,347,1.3262,0.2711,37.2488,0
PM-010,348,1.3569,0.2892,37.3896,0
PM-010,349,1.3644,0.27,37.8651,0
PM-010,350,1.3267,0.2463,36.9621,0
PM-010,351,1.3118,0.2647,37.6796,0
PM-010,352,1.3299,0.2554,36.9041,0
PM-010,353,1.3377,0.2986,37.4073,0
PM-010,354,1.3577,0.2818,36.883,0
PM-010,355,1.3509,0.2587,37.2159,0
PM-010,356,1.3244,0.2742,37.2664,0
PM-010,357,1.3312,0.2716,37.4213,0
PM-010,358,1.3333,0.2732,37.9386,0
PM-010,359,1.3596,0.2683,37.373,0
PM-010,360,1.3394,0.277,37.3347,0
PM-010,361,1.3406,0.272,37.1566,0
PM-010,362,1.3311,0.2497,37.5495,0
PM-010,363,1.3485,0.3059,36.9823,0
PM-010,364,1.3308,0.2933,37.4486,0
PM-010,365,1.3715,0.2979,36.612,0
PM-010,366,1.344,0.2797,37.3341,0
PM-010,367,1.3302,0.2992,37.3329,0
PM-010,368,1.2761,0.2691,37.9623,0
PM-010,369,1.3165,0.294,37.6537,0
PM-010,370,1.3337,0.2786,37.3201,0
PM-010,371,1.3283,0.2657,37.7672,0
PM-010,372,1.3354,0.2642,37.5057,0
PM-010,373,1.3474,0.2534,37.1477,0
PM-010,374,1.3049,0.314,37.2322,0
PM-010,375,1.3253,0.2683,37.1147,0
PM-010,376,1.3352,0.2943,37.3702,0
PM-010,377,1.3111,0.2586,37.3934,0
PM-010,378,1.3222,0.2729,38.1347,0
PM-010,379,1.3187,0.2541,37.1189,0
PM-010,380,1.3029,0.2951,36.9932,0
PM-010,381,1.3194,0.2558,36.8335,0
PM-010,382,1.3378,0.2645,36.7996,0
PM-010,383,1.3314,0.2813,37.2084,0
PM-010,384,1.3508,0.3013,37.5853,0
PM-010,385,1.3432,0.288,38.0091,0
PM-010,386,1.31,0.2853,37.0419,0
PM-010,387,1.3437,0.2559,37.5678,0
PM-010,388,1.3445,0.2983,37.2596,0
PM-010,389,1.3328,0.2714,38.0793,0
PM-010,390,1.3515,0.2959,37.5583,0
PM-010,391,1.3565,0.2536,37.173,0
PM-010,392,1.3264,0.2767,37.3099,0
PM-010,393,1.3067,0.2764,36.7372,0
PM-010,394,1.3544,0.2773,37.7146,0
PM-010,395,1.3431,0.2688,36.8681,0
PM-010,396,1.331,0.264,37.4524,0
PM-010,397,1.3304,0.2848,37.7471,0
PM-010,398,1.3106,0.2757,37.3267,0
PM-010,399,1.3451,0.2861,37.8173,0
PM-010,400,1.3167,0.2522,37.3975,0
PM-010,401,1.3478,0.2866,37.1127,0
PM-010,402,1.3073,0.2941,37.4947,0
PM-010,403,1.3313,0.2436,37.1403,0
PM-010,404,1.3528,0.2823,36.9275,0
PM-010,405,1.3512,0.2744,37.7211,0
PM-010,406,1.3249,0.2665,37.3755,0
PM-010,407,1.3305,0.2627,37.8934,0
PM-010,408,1.3673,0.2614,37.4071,0
PM-010,409,1.3082,0.3013,37.569,0
PM-010,410,1.3589,0.272,37.6934,0
PM-010,411,1.3624,0.2733,36.9963,0
PM-010,412,1.3476,0.2739,37.8967,0
PM-010,413,1.3399,0.2774,37.5831,0
PM-010,414,1.3389,0.2862,37.1793,0
PM-010,415,1.3165,0.2621,37.2398,0
PM-010,416,1.3412,0.2833,37.4777,0
PM-010,417,1.3391,0.2597,37.5506,0
PM-010,418,1.3088,0.2583,37.3545,0
PM-010,419,1.3548,0.2852,37.3109,0
PM-010,420,1.3478,0.2598,37.1724,0
PM-010,421,1.3279,0.2611,37.2332,0
PM-010,422,1.3347,0.2688,37.264,0
PM-010,423,1.2816,0.2816,37.2193,0
PM-010,424,1.3307,0.2549,37.8063,0
PM-010,425,1.3708,0.2507,37.2703,0
PM-010,426,1.3574,0.2704,37.1591,0
PM-010,427,1.3254,0.2805,38.1256,0
PM-010,428,1.3554,0.2591,37.1523,0
PM-010,429,1.3335,0.2629,37.0273,0
PM-010,430,1.3539,0.2682,37.4525,0
PM-010,431,1.3745,0.2679,37.4234,0
PM-010,432,1.3184,0.282,37.731,0
PM-010,433,1.3638,0.2764,37.1853,0
PM-010,434,1.3436,0.2765,37.4793,0
PM-010,435,1.3262,0.2698,37.2755,0
PM-010,436,1.3522,0.2878,37.2115,0
PM-010,437,1.3158,0.2812,37.5606,0
PM-010,438,1.3362,0.2651,37.1976,0
PM-010,439,1.3716,0.2791,37.645,0
PM-010,440,1.3228,0.2939,37.6094,0
PM-010,441,1.3368,0.2849,37.7292,0
PM-010,442,1.3167,0.2679,37.4982,0
PM-010,443,1.3393,0.2819,37.5474,0
PM-010,444,1.3488,0.272,37.2858,0
PM-010,445,1.37,0.2771,37.7476,0
PM-010,446,1.3674,0.2641,37.5616,0
PM-010,447,1.3173,0.3,37.3975,0
PM-010,448,1.3417,0.2628,37.1589,0
PM-010,449,1.3434,0.2771,37.2254,0
PM-010,450,1.3564,0.2757,37.0378,0
PM-010,451,1.3533,0.2584,36.764,0
PM-010,452,1.3408,0.2603,37.3944,0
PM-010,453,1.3552,0.2905,37.4903,0
PM-010,454,1.3123,0.265,37.3426,0
PM-010,455,1.3392,0.2616,37.2023,0
PM-010,456,1.3551,0.2833,37.2484,0
PM-010,457,1.3595,0.2559,37.5876,0
PM-010,458,1.3525,0.287,37.4299,0
PM-010,459,1.3258,0.2847,37.2163,0
PM-010,460,1.343,0.2649,37.2375,0
PM-010,461,1.336,0.2818,37.5111,0
PM-010,462,1.3728,0.278,37.0567,0
PM-010,463,1.3549,0.2808,37.2839,0
PM-010,464,1.3308,0.2665,37.1455,0
PM-010,465,1.3144,0.2903,37.4714,0
PM-010,466,1.3407,0.2665,37.6678,0
PM-010,467,1.3104,0.2738,37.6356,0
PM-010,468,1.299,0.2784,37.1429,0
PM-010,469,1.3413,0.2702,37.5191,0
PM-010,470,1.3635,0.3135,37.307,0
PM-010,471,1.3536,0.2809,37.4658,0
PM-010,472,1.3684,0.2655,37.2335,0
PM-010,473,1.3353,0.261,37.3405,0
PM-010,474,1.352,0.2882,37.2858,0
PM-010,475,1.3617,0.2447,38.0386,0
PM-010,476,1.3502,0.2693,37.4796,0
PM-010,477,1.3358,0.2444,37.3551,0
PM-010,478,1.3571,0.2902,37.4165,0
PM-010,479,1.358,0.2823,37.4078,0
PM-011,0,1.3784,0.242,38.4674,0
PM-011,1,1.3535,0.295,38.4576,0
PM-011,2,1.349,0.2457,38.8694,0
PM-011,3,1.3684,0.2777,38.9028,0
PM-011,4,1.3379,0.2492,39.111,0
PM-011,5,1.3615,0.2792,38.6565,0
PM-011,6,1.3462,0.2568,38.411,0
PM-011,7,1.3542,0.2644,38.8549,0
PM-011,8,1.3337,0.2611,38.5254,0
PM-011,9,1.3526,0.2633,38.5363,0
PM-011,10,1.3932,0.2792,39.056,0
PM-011,11,1.3557,0.2469,38.726,0
PM-011,12,1.3625,0.2522,38.3487,0
PM-011,13,1.3647,0.2553,38.9079,0
PM-011,14,1.3789,0.2779,38.3236,0
PM-011,15,1.3736,0.2504,38.3353,0
PM-011,16,1.357,0.2774,38.5897,0
PM-011,17,1.3969,0.2696,38.5832,0
PM-011,18,1.3888,0.268,38.4217,0
PM-011,19,1.4027,0.2652,38.7071,0
PM-011,20,1.3484,0.279,38.8566,0
PM-011,21,1.3781,0.2537,38.9517,0
PM-011,22,1.3838,0.2513,38.2763,0
PM-011,23,1.3772,0.2378,38.747,0
PM-011,24,1.3566,0.2796,38.5836,0
PM-011,25,1.3877,0.2536,39.0014,0
PM-011,26,1.4068,0.2453,38.789,0
PM-011,27,1.4205,0.2624,38.72,0
PM-011,28,1.3813,0.262,38.1893,0
PM-011,29,1.3882,0.2313,38.5764,0
PM-011,30,1.3897,0.256,38.4933,0
PM-011,31,1.3831,0.2486,38.3348,0
PM-011,32,1.371,0.2586,38.3283,0
PM-011,33,1.3783,0.2683,38.5935,0
PM-011,34,1.3597,0.2684,39.0585,0
PM-011,35,1.3599,0.2712,38.871,0
PM-011,36,1.3831,0.2619,38.4277,0
PM-011,37,1.3563,0.2665,39.247,0
PM-011,38,1.3559,0.2734,38.603,0
PM-011,39,1.3678,0.2841,38.9307,0
PM-011,40,1.3407,0.2528,39.0783,0
PM-011,41,1.3684,0.2441,38.4557,0
PM-011,42,1.3796,0.2763,38.7068,0
PM-011,43,1.4151,0.2737,38.6284,0
PM-011,44,1.3492,0.2467,38.802,0
PM-011,45,1.3558,0.2865,39.1413,0
PM-011,46,1.3782,0.2437,38.4998,0
PM-011,47,1.3907,0.2529,39.0381,0
PM-011,48,1.375,0.2621,38.4906,0
PM-011,49,1.3637,0.2642,39.0112,0
PM-011,50,1.3478,0.2574,38.7149,0
PM-011,51,1.3788,0.2477,38.3065,0
PM-011,52,1.379,0.2386,39.0869,0
PM-011,53,1.3624,0.2381,38.5573,0
PM-011,54,1.3731,0.2534,38.7074,0
PM-011,55,1.3804,0.2583,38.4203,0
PM-011,56,1.3596,0.2826,39.2069,0
PM-011,57,1.3252,0.2777,38.7765,0
PM-011,58,1.384,0.2531,38.1709,0
PM-011,59,1.3772,0.2472,38.2849,0
PM-011,60,1.3392,0.2704,38.7433,0
PM-011,61,1.3812,0.2714,38.5751,0
PM-011,62,1.3641,0.2537,38.6383,0
PM-011,63,1.3462,0.2672,39.024,0
PM-011,64,1.3492,0.2806,38.7355,0
PM-011,65,1.3704,0.2359,38.1592,0
PM-011,66,1.3684,0.2732,38.5,0
PM-011,67,1.399,0.2724,38.4289,0
PM-011,68,1.3662,0.2985,38.3287,0
PM-011,69,1.3761,0.2565,38.9135,0
PM-011,70,1.3909,0.2556,39.0371,0
PM-011,71,1.41,0.2623,38.9369,0
PM-011,72,1.3537,0.2616,38.6484,0
PM-011,73,1.3815,0.2794,38.6685,0
PM-011,74,1.3962,0.2843,38.9555,0
PM-011,75,1.3552,0.2522,38.4577,0
PM-011,76,1.3845,0.2432,38.9045,0
PM-011,77,1.3439,0.2737,38.7066,0
PM-011,78,1.3922,0.2785,39.1319,0
PM-011,79,1.3948,0.2635,38.3538,0
PM-011,80,1.3445,0.2301,38.3763,0
PM-011,81,1.3669,0.253,38.6474,0
PM-011,82,1.3754,0.2568,38.3649,0
PM-011,83,1.3645,0.2479,38.6202,0
PM-011,84,1.3924,0.2573,39.2327,0
PM-011,85,1.3942,0.2527,38.3681,0
PM-011,86,1.3645,0.2787,38.5544,0
PM-011,87,1.3837,0.2795,38.4692,0
PM-011,88,1.352,0.272,38.747,0
PM-011,89,1.3518,0.2561,38.6803,0
PM-011,90,1.3343,0.2728,38.5578,0
PM-011,91,1.3099,0.261,38.479,0
PM-011,92,1.3993,0.2526,38.3721,0
PM-011,93,1.3757,0.2514,38.4676,0
PM-011,94,1.3757,0.2457,38.2642,0
PM-011,95,1.4001,0.27,38.6222,0
PM-011,96,1.3655,0.2689,38.9934,0
PM-011,97,1.3504,0.2668,38.5494,0
PM-011,98,1.3618,0.2638,38.6994,0
PM-011,99,1.3803,0.2687,38.249,0
PM-011,100,1.3384,0.2558,39.25,0
PM-011,101,1.3485,0.2582,38.5405,0
PM-011,102,1.3545,0.264,39.1217,0
PM-011,103,1.3747,0.2493,39.5274,0
PM-011,104,1.3671,0.2527,39.1251,0
PM-011,105,1.3562,0.2863,38.4402,0
PM-011,106,1.3942,0.2644,39.0887,0
PM-011,107,1.4036,0.2444,39.0842,0
PM-011,108,1.3374,0.2456,38.4604,0
PM-011,109,1.3756,0.2619,38.6513,0
PM-011,110,1.3685,0.2702,38.9019,0
PM-011,111,1.3874,0.2887,38.695,0
PM-011,112,1.3551,0.2706,38.3581,0
PM-011,113,1.352,0.2763,38.6642,0
PM-011,114,1.3414,0.239,38.716,0
PM-011,115,1.3884,0.2783,38.7347,0
PM-011,116,1.4057,0.2598,38.6599,0
PM-011,117,1.3142,0.2546,38.957,0
PM-011,118,1.3968,0.2489,38.8401,0
PM-011,119,1.3865,0.2615,38.0164,0
PM-011,120,1.3705,0.2728,38.4172,0
PM-011,121,1.3605,0.244,37.9304,0
PM-011,122,1.3861,0.2613,39.1807,0
PM-011,123,1.3827,0.256,38.6765,0
PM-011,124,1.3769,0.2759,38.7982,0
PM-011,125,1.3877,0.2569,38.4023,0
PM-011,126,1.3643,0.2644,38.341,0
PM-011,127,1.3388,0.2681,38.5795,0
PM-011,128,1.3622,0.256,39.1576,0
PM-011,129,1.3908,0.2428,38.5416,0
PM-011,130,1.3826,0.2704,38.689,0
PM-011,131,1.3428,0.2511,38.5464,0
PM-011,132,1.3711,0.2869,38.4954,0
PM-011,133,1.345,0.2597,39.0109,0
PM-011,134,1.3366,0.2832,38.6498,0
PM-011,135,1.3509,0.2374,38.9134,0
PM-011,136,1.3621,0.2639,38.4312,0
PM-011,137,1.3592,0.2541,38.6712,0
PM-011,138,1.3522,0.2383,39.52,0
PM-011,139,1.3383,0.2641,38.1698,0
PM-011,140,1.3256,0.2628,38.7537,0
PM-011,141,1.3908,0.2673,38.6565,0
PM-011,142,1.3466,0.2838,38.9801,0
PM-011,143,1.3406,0.2619,38.7446,0
PM-011,144,1.3586,0.2729,38.9509,0
PM-011,145,1.3617,0.2571,39.1511,0
PM-011,146,1.3842,0.2624,38.2127,0
PM-011,147,1.3724,0.2718,37.8751,0
PM-011,148,1.3706,0.2551,38.6352,0
PM-011,149,1.3474,0.2591,39.119,0
PM-011,150,1.3566,0.2758,38.4595,0
PM-011,151,1.3807,0.2614,38.807,0
PM-011,152,1.3657,0.271,37.9311,0
PM-011,153,1.3372,0.2676,38.0884,0
PM-011,154,1.3549,0.2605,38.453,0
PM-011,155,1.3517,0.2654,39.0042,0
PM-011,156,1.3464,0.2527,38.482,0
PM-011,157,1.3171,0.2635,38.9818,0
PM-011,158,1.3859,0.2483,38.3259,0
PM-011,159,1.366,0.2738,38.7479,0
PM-011,160,1.3713,0.2785,38.4797,0
PM-011,161,1.3612,0.2859,38.6424,0
PM-011,162,1.3402,0.2513,38.42,0
PM-011,163,1.3727,0.2479,38.7827,0
PM-011,164,1.3508,0.2295,38.7934,0
PM-011,165,1.3685,0.2691,38.4995,0
PM-011,166,1.35,0.2674,39.1571,0
PM-011,167,1.3658,0.2677,38.6049,0
PM-011,168,1.3347,0.2759,38.9739,0
PM-011,169,1.3798,0.2586,38.8805,0
PM-011,170,1.3834,0.2857,38.998,0
PM-011,171,1.3668,0.2417,38.7481,0
PM-011,172,1.3707,0.272,39.1076,0
PM-011,173,1.3636,0.2929,38.1736,0
PM-011,174,1.3739,0.2494,38.1293,0
PM-011,175,1.3615,0.2395,38.653,0
PM-011,176,1.3662,0.2781,38.2491,0
PM-011,177,1.3837,0.2628,39.0101,0
PM-011,178,1.3569,0.2414,38.3362,0
PM-011,179,1.3397,0.2685,39.1445,0
PM-011,180,1.3543,0.2708,38.2444,0
PM-011,181,1.3692,0.2714,38.267,0
PM-011,182,1.3615,0.2721,37.8213,0
PM-011,183,1.3923,0.2667,38.9164,0
PM-011,184,1.3573,0.2355,38.8616,0
PM-011,185,1.3639,0.2618,39.0277,0
PM-011,186,1.3808,0.2902,38.7476,0
PM-011,187,1.3517,0.2585,38.8261,0
PM-011,188,1.3859,0.2394,38.704,0
PM-011,189,1.3977,0.2578,38.9807,0
PM-011,190,1.3754,0.2757,38.4585,0
PM-011,191,1.3494,0.2617,38.2418,0
PM-011,192,1.3602,0.2651,39.2368,0
PM-011,193,1.3736,0.2707,39.0508,0
PM-011,194,1.3463,0.2589,39.429,0
PM-011,195,1.364,0.2781,38.9905,0
PM-011,196,1.336,0.266,38.7454,0
PM-011,197,1.3721,0.25,38.3663,0
PM-011,198,1.356,0.2599,39.0569,0
PM-011,199,1.4019,0.2823,38.9595,0
PM-011,200,1.3455,0.2552,38.7644,0
PM-011,201,1.3529,0.27,38.9176,0
PM-011,202,1.3763,0.2767,38.43,0
PM-011,203,1.3842,0.2509,38.4191,0
PM-011,204,1.3762,0.2796,38.8478,0
PM-011,205,1.366,0.266,38.7424,0
PM-011,206,1.343,0.2427,38.6778,0
PM-011,207,1.3671,0.2615,38.9043,0
PM-011,208,1.3612,0.2698,38.658,0
PM-011,209,1.402,0.2626,39.4036,0
PM-011,210,1.3726,0.2582,38.4316,0
PM-011,211,1.3367,0.2465,38.4375,0
PM-011,212,1.3734,0.2535,38.7575,0
PM-011,213,1.3912,0.26,39.3252,0
PM-011,214,1.342,0.2591,38.5396,0
PM-011,215,1.3843,0.2278,38.2685,0
PM-011,216,1.3634,0.2846,38.7692,0
PM-011,217,1.3385,0.2434,39.2033,0
PM-011,218,1.3531,0.2472,39.1446,0
PM-011,219,1.3858,0.2805,38.4164,0
PM-011,220,1.335,0.2634,38.802,0
PM-011,221,1.3728,0.2835,38.1813,0
PM-011,222,1.3827,0.2449,38.9581,0
PM-011,223,1.3561,0.2491,38.5185,0
PM-011,224,1.3366,0.262,38.4696,0
PM-011,225,1.3813,0.271,39.2079,0
PM-011,226,1.3729,0.2692,39.1215,0
PM-011,227,1.3565,0.239,38.7615,0
PM-011,228,1.3442,0.2982,39.1381,0
PM-011,229,1.4195,0.2623,38.8666,0
PM-011,230,1.3705,0.2746,38.3368,0
PM-011,231,1.3324,0.2495,38.2648,0
PM-011,232,1.4164,0.2886,38.2805,0
PM-011,233,1.4162,0.2756,38.2305,0
PM-011,234,1.3861,0.2527,38.9258,0
PM-011,235,1.3729,0.2599,38.4956,0
PM-011,236,1.4105,0.2581,38.5408,0
PM-011,237,1.4003,0.2919,38.5764,0
PM-011,238,1.3872,0.2701,38.6584,0
PM-011,239,1.3833,0.2948,38.5957,0
PM-011,240,1.4076,0.2638,39.2205,0
PM-011,241,1.3851,0.2655,39.3276,0
PM-011,242,1.4248,0.2428,38.5159,0
PM-011,243,1.4299,0.2813,38.5996,0
PM-011,244,1.4459,0.2398,38.2683,0
PM-011,245,1.4232,0.2829,38.7221,0
PM-011,246,1.4422,0.2655,39.0342,0
PM-011,247,1.4278,0.2717,38.4522,0
PM-011,248,1.4832,0.2493,38.4367,0
PM-011,249,1.458,0.2626,38.7995,0
PM-011,250,1.4551,0.245,39.1854,0
PM-011,251,1.472,0.2817,38.5429,0
PM-011,252,1.466,0.2643,39.0398,0
PM-011,253,1.4844,0.2643,38.246,0
PM-011,254,1.5004,0.2697,38.5189,0
PM-011,255,1.4764,0.2387,39.018,0
PM-011,256,1.4424,0.258,38.7748,0
PM-011,257,1.4962,0.263,38.8919,0
PM-011,258,1.4784,0.2609,38.7271,0
PM-011,259,1.4787,0.2361,38.4709,0
PM-011,260,1.4909,0.2576,38.6547,0
PM-011,261,1.4831,0.2484,38.5535,0
PM-011,262,1.487,0.2614,38.8194,0
PM-011,263,1.493,0.2459,38.282,0
PM-011,264,1.5521,0.2444,38.5458,0
PM-011,265,1.5141,0.2689,38.8577,0
PM-011,266,1.4984,0.2694,38.7198,0
PM-011,267,1.5046,0.2719,39.018,0
PM-011,268,1.5139,0.2703,39.0219,0
PM-011,269,1.5371,0.2967,38.1746,0
PM-011,270,1.5396,0.2843,38.4357,0
PM-011,271,1.53,0.2934,38.4527,0
PM-011,272,1.5374,0.2931,38.3801,0
PM-011,273,1.5292,0.2869,38.4626,0
PM-011,274,1.518,0.2827,38.9419,0
PM-011,275,1.552,0.2742,38.8971,0
PM-011,276,1.526,0.2653,38.5913,0
PM-011,277,1.5687,0.3017,38.701,0
PM-011,278,1.5415,0.2883,38.7341,0
PM-011,279,1.532,0.2913,38.6368,0
PM-011,280,1.5299,0.2863,38.8246,0
PM-011,281,1.5606,0.2966,38.428,0
PM-011,282,1.5955,0.2911,38.7769,0
PM-011,283,1.5578,0.3065,38.8387,0
PM-011,284,1.5437,0.3083,39.0586,0
PM-011,285,1.6098,0.3088,38.7139,0
PM-011,286,1.6224,0.3301,38.5162,0
PM-011,287,1.5693,0.3298,38.3981,0
PM-011,288,1.607,0.3228,38.8567,0
PM-011,289,1.5836,0.3107,39.14,0
PM-011,290,1.5874,0.3164,38.6774,0
PM-011,291,1.5997,0.3094,38.532,0
PM-011,292,1.587,0.3399,38.4356,0
PM-011,293,1.5678,0.3001,38.2603,0
PM-011,294,1.6337,0.3322,38.8518,0
PM-011,295,1.6208,0.3352,38.679,0
PM-011,296,1.6345,0.3389,39.1212,0
PM-011,297,1.6295,0.3298,38.5523,0
PM-011,298,1.6061,0.3597,38.5799,0
PM-011,299,1.6082,0.3486,38.6723,0
PM-011,300,1.6336,0.3745,38.9753,0
PM-011,301,1.6318,0.3274,38.5514,0
PM-011,302,1.6491,0.3333,39.3437,0
PM-011,303,1.6387,0.354,38.5014,0
PM-011,304,1.6519,0.3382,39.3509,0
PM-011,305,1.6718,0.3727,38.2843,0
PM-011,306,1.6531,0.3785,38.8794,0
PM-011,307,1.6325,0.3529,38.5658,0
PM-011,308,1.644,0.388,38.1251,0
PM-011,309,1.6728,0.348,38.413,0
PM-011,310,1.623,0.3615,39.1546,0
PM-011,311,1.672,0.3542,39.0066,0
PM-011,312,1.6949,0.3761,39.3118,0
PM-011,313,1.6902,0.3871,38.4604,0
PM-011,314,1.6899,0.3825,38.8574,0
PM-011,315,1.6672,0.3835,38.4623,0
PM-011,316,1.6415,0.3989,38.3157,0
PM-011,317,1.6901,0.3913,38.9234,0
PM-011,318,1.6859,0.3927,39.0258,0
PM-011,319,1.7098,0.417,39.0138,0
PM-011,320,1.6999,0.3798,39.1334,0
PM-011,321,1.7155,0.3929,39.225,0
PM-011,322,1.6999,0.4082,39.3945,0
PM-011,323,1.7272,0.4023,38.8678,0
PM-011,324,1.7006,0.4118,39.9735,0
PM-011,325,1.7095,0.4121,39.1311,0
PM-011,326,1.7004,0.3974,38.7322,0
PM-011,327,1.7505,0.3765,39.3368,0
PM-011,328,1.7034,0.399,39.888,0
PM-011,329,1.7345,0.4002,39.3572,0
PM-011,330,1.7187,0.4164,39.645,0
PM-011,331,1.7755,0.3906,39.6418,0
PM-011,332,1.7348,0.4359,39.8177,0
PM-011,333,1.7565,0.4293,39.4907,0
PM-011,334,1.7725,0.4385,40.104,0
PM-011,335,1.7771,0.4351,40.3327,0
PM-011,336,1.7629,0.4279,39.9455,0
PM-011,337,1.7584,0.4258,40.4961,0
PM-011,338,1.7683,0.4373,40.1821,0
PM-011,339,1.8255,0.4213,39.8711,0
PM-011,340,1.7419,0.4372,40.2574,0
PM-011,341,1.7637,0.4349,40.2855,0
PM-011,342,1.7665,0.45,40.6361,0
PM-011,343,1.7937,0.4609,40.6866,0
PM-011,344,1.7893,0.4477,40.1883,0
PM-011,345,1.7794,0.4446,40.6985,0
PM-011,346,1.7977,0.4653,40.1899,0
PM-011,347,1.8229,0.4508,40.2671,0
PM-011,348,1.789,0.4968,40.5398,0
PM-011,349,1.7949,0.459,40.6706,0
PM-011,350,1.7893,0.4664,41.0969,0
PM-011,351,1.8147,0.45,40.73,0
PM-011,352,1.801,0.4698,41.2915,0
PM-011,353,1.8126,0.47,41.4847,0
PM-011,354,1.8366,0.4823,41.5979,1
PM-011,355,1.8324,0.4463,41.3193,1
PM-011,356,1.7943,0.4852,40.6145,1
PM-011,357,1.8204,0.4753,40.9566,1
PM-011,358,1.8263,0.4987,41.0325,1
PM-011,359,1.8477,0.471,41.2489,1
PM-011,360,1.8468,0.4729,40.9713,1
PM-011,361,1.8537,0.5071,41.4001,1
PM-011,362,1.8383,0.495,41.4996,1
PM-011,363,1.8558,0.4571,41.2212,1
PM-011,364,1.8376,0.4996,41.6568,1
PM-011,365,1.8708,0.5036,41.2699,1
PM-011,366,1.8906,0.5211,41.3417,1
PM-011,367,1.8718,0.4955,41.8199,1
PM-011,368,1.8898,0.5387,42.0626,1
PM-011,369,1.8781,0.5041,41.9509,1
PM-011,370,1.903,0.5108,41.6895,1
PM-011,371,1.8469,0.5216,42.0886,1
PM-011,372,1.87,0.5316,41.9469,1
PM-011,373,1.8837,0.5183,42.0272,1
PM-011,374,1.8947,0.5382,41.8488,1
PM-011,375,1.9033,0.5259,42.2968,1
PM-011,376,1.9145,0.5264,42.4538,1
PM-011,377,1.9149,0.5205,42.4585,1
PM-011,378,1.8991,0.5284,42.3312,1
PM-011,379,1.9171,0.534,42.6052,1
PM-011,380,1.9109,0.5111,42.5553,1
PM-011,381,1.916,0.5411,42.4268,1
PM-011,382,1.8944,0.5492,42.5819,1
PM-011,383,1.9253,0.538,42.7213,1
PM-011,384,1.9164,0.5301,42.9243,1
PM-011,385,1.9169,0.5494,42.9643,1
PM-011,386,1.9207,0.5313,43.6281,1
PM-011,387,1.9255,0.561,43.5411,1
PM-011,388,1.9554,0.5495,42.9982,1
PM-011,389,1.9265,0.5696,43.2473,1
PM-011,390,1.9364,0.5431,42.7401,1
PM-011,391,1.9699,0.5629,43.26,1
PM-011,392,1.9373,0.5415,43.5434,1
PM-011,393,1.9581,0.5795,43.1978,1
PM-011,394,1.9561,0.5789,43.5924,1
PM-011,395,1.9803,0.5661,43.6161,1
PM-011,396,1.9901,0.5714,43.3367,1
PM-011,397,1.9983,0.5655,43.7387,1
PM-011,398,1.9738,0.55,43.9475,1
PM-011,399,1.9234,0.5503,43.8262,1
PM-011,400,1.9926,0.5728,43.7714,1
PM-011,401,1.935,0.5953,43.861,1
PM-011,402,1.9883,0.5874,43.9931,1
PM-011,403,1.9921,0.5614,44.5631,1
PM-011,404,2.0203,0.5726,43.8597,1
PM-011,405,1.9951,0.6104,43.3745,1
PM-011,406,1.9934,0.5701,43.9958,1
PM-011,407,1.9974,0.6001,43.9589,1
PM-011,408,1.9954,0.6106,44.3359,1
PM-011,409,2.025,0.601,44.087,1
PM-011,410,2.0151,0.6135,43.6645,1
PM-011,411,2.0289,0.613,44.3953,1
PM-011,412,2.0216,0.5722,44.3037,1
PM-011,413,2.0639,0.6133,44.4025,1
PM-011,414,2.032,0.6208,44.7514,1
PM-011,415,2.0307,0.6242,45.1158,1
PM-011,416,2.0589,0.6553,44.4749,1
PM-011,417,2.0758,0.6107,44.837,1
PM-011,418,2.0605,0.6172,44.8164,1
PM-011,419,2.0676,0.6166,45.3499,1
PM-011,420,2.0253,0.6587,45.2085,1
PM-011,421,2.0547,0.6259,44.8151,1
PM-011,422,2.0573,0.6336,45.4028,1
PM-011,423,2.103,0.6397,44.8316,1
PM-011,424,2.0562,0.6363,44.8353,1
PM-011,425,2.0471,0.6729,45.2942,1
PM-011,426,2.0575,0.656,44.9089,1
PM-011,427,2.0558,0.6341,45.8179,1
PM-011,428,2.0762,0.6119,45.7436,1
PM-011,429,2.0787,0.6231,45.3446,1
PM-011,430,2.0988,0.6593,46.0382,1
PM-011,431,2.0749,0.6563,45.3479,1
PM-011,432,2.0646,0.6713,45.7558,1
PM-011,433,2.1047,0.6667,45.4702,1
PM-011,434,2.0824,0.6633,46.0833,1
PM-011,435,2.1383,0.677,45.8027,1
PM-011,436,2.115,0.6676,45.5452,1
PM-011,437,2.1137,0.6498,45.8748,1
PM-011,438,2.1495,0.6845,45.6942,1
PM-011,439,2.1188,0.662,46.0114,1
PM-011,440,2.1446,0.6867,46.8345,1
PM-011,441,2.1512,0.6823,46.3514,1
PM-011,442,2.1269,0.6647,46.5991,1
PM-011,443,2.1546,0.6803,46.3486,1
PM-011,444,2.1628,0.699,45.8865,1
PM-011,445,2.1464,0.6862,46.7184,1
PM-011,446,2.1657,0.7108,46.1082,1
PM-011,447,2.1329,0.7101,46.3251,1
PM-011,448,2.1217,0.7038,46.3975,1
PM-011,449,2.1915,0.7026,46.6688,1
PM-011,450,2.1519,0.7244,46.7873,1
PM-011,451,2.1546,0.6909,46.7168,1
PM-011,452,2.1468,0.7206,46.2554,1
PM-011,453,2.1671,0.7167,46.9596,1
PM-011,454,2.1591,0.7198,46.6502,1
PM-011,455,2.1765,0.7221,47.1139,1
PM-011,456,2.167,0.7326,47.0601,1
PM-011,457,2.1989,0.74,47.4284,1
PM-011,458,2.21,0.7223,47.3904,1
PM-011,459,2.1954,0.7036,47.3021,1
PM-011,460,2.1998,0.7329,47.2319,1
PM-011,461,2.183,0.7363,46.9354,1
PM-011,462,2.2309,0.7254,47.4621,1
PM-011,463,2.2165,0.7401,47.0248,1
PM-011,464,2.2253,0.7381,47.316,1
PM-011,465,2.1974,0.7309,47.176,1
PM-011,466,2.2504,0.7606,47.7602,1
PM-011,467,2.215,0.7377,47.9111,1
PM-011,468,2.2582,0.7345,47.4075,1
PM-011,469,2.2575,0.7186,47.4993,1
PM-011,470,2.2252,0.7243,48.1945,1
PM-011,471,2.2508,0.7415,48.3038,1
PM-011,472,2.2662,0.7508,47.8438,1
PM-011,473,2.2859,0.7656,48.1149,1
PM-011,474,2.2716,0.7617,47.9454,1
PM-011,475,2.2494,0.7751,47.5585,1
PM-011,476,2.2456,0.7827,48.0616,1
PM-011,477,2.2858,0.7855,48.2546,1
PM-011,478,2.2471,0.7623,49.1327,1
PM-011,479,2.2995,0.7709,48.2099,1
PM-012,0,1.3875,0.379,37.8067,0
PM-012,1,1.4373,0.3683,38.1184,0
PM-012,2,1.3992,0.3522,37.5656,0
PM-012,3,1.4057,0.3315,37.6744,0
PM-012,4,1.4252,0.3448,37.3512,0
PM-012,5,1.4067,0.3668,37.3026,0
PM-012,6,1.4561,0.3356,37.4541,0
PM-012,7,1.4321,0.3696,37.8893,0
PM-012,8,1.3957,0.3476,37.3684,0
PM-012,9,1.403,0.3608,37.367,0
PM-012,10,1.3744,0.3726,37.5713,0
PM-012,11,1.4244,0.3504,37.7882,0
PM-012,12,1.4559,0.3379,37.392,0
PM-012,13,1.3914,0.3866,37.6199,0
PM-012,14,1.4272,0.3154,37.7377,0
PM-012,15,1.4022,0.3759,37.823,0
PM-012,16,1.401,0.3787,38.1268,0
PM-012,17,1.4395,0.3665,37.5422,0
PM-012,18,1.4141,0.3488,37.6917,0
PM-012,19,1.3975,0.3525,38.2684,0
PM-012,20,1.4156,0.3486,37.2953,0
PM-012,21,1.4074,0.3662,37.6664,0
PM-012,22,1.4083,0.3614,37.7436,0
PM-012,23,1.4235,0.366,37.5988,0
PM-012,24,1.4066,0.3551,37.7934,0
PM-012,25,1.4318,0.35,37.5762,0
PM-012,26,1.3931,0.3326,37.254,0
PM-012,27,1.3893,0.3451,37.7633,0
PM-012,28,1.388,0.3553,37.8767,0
PM-012,29,1.3928,0.3477,37.2293,0
PM-012,30,1.3904,0.3756,37.7768,0
PM-012,31,1.4524,0.344,38.0779,0
PM-012,32,1.3948,0.3475,38.442,0
PM-012,33,1.3927,0.3789,37.6157,0
PM-012,34,1.3879,0.3336,37.6569,0
PM-012,35,1.3869,0.3506,37.054,0
PM-012,36,1.4165,0.3319,37.6073,0
PM-012,37,1.3817,0.3734,36.9924,0
PM-012,38,1.4038,0.3634,37.733,0
PM-012,39,1.3845,0.329,37.8598,0
PM-012,40,1.4069,0.339,37.8707,0
PM-012,41,1.3982,0.3452,37.3653,0
PM-012,42,1.3942,0.3431,37.7238,0
PM-012,43,1.4404,0.3341,37.523,0
PM-012,44,1.4061,0.362,37.9218,0
PM-012,45,1.4062,0.3455,37.7988,0
PM-012,46,1.3766,0.3229,38.4025,0
PM-012,47,1.3933,0.3488,37.7885,0
PM-012,48,1.4163,0.3683,37.9066,0
PM-012,49,1.3806,0.3741,37.7786,0
PM-012,50,1.417,0.3614,36.9557,0
PM-012,51,1.4052,0.3406,37.2922,0
PM-012,52,1.3997,0.3674,37.7115,0
PM-012,53,1.4182,0.3484,37.7382,0
PM-012,54,1.4054,0.3693,37.834,0
PM-012,55,1.4126,0.343,37.7072,0
PM-012,56,1.4143,0.3568,37.4826,0
PM-012,57,1.3963,0.3599,37.368,0
PM-012,58,1.4044,0.3639,37.7578,0
PM-012,59,1.3863,0.3595,38.2349,0
PM-012,60,1.4229,0.3509,38.0176,0
PM-012,61,1.4534,0.368,37.1059,0
PM-012,62,1.4217,0.3753,37.0062,0
PM-012,63,1.4282,0.352,38.02,0
PM-012,64,1.408,0.3602,37.7333,0
PM-012,65,1.4237,0.3618,37.3556,0
PM-012,66,1.4041,0.355,37.9944,0
PM-012,67,1.4191,0.3452,37.3494,0
PM-012,68,1.4225,0.3479,37.8513,0
PM-012,69,1.4083,0.377,37.4042,0
PM-012,70,1.4382,0.3698,37.4932,0
PM-012,71,1.3918,0.384,37.3545,0
PM-012,72,1.4155,0.3602,37.6283,0
PM-012,73,1.425,0.3411,38.2053,0
PM-012,74,1.3929,0.3529,37.1939,0
PM-012,75,1.4303,0.3834,38.2278,0
PM-012,76,1.4321,0.3495,37.6259,0
PM-012,77,1.403,0.3369,37.5367,0
PM-012,78,1.4276,0.342,36.941,0
PM-012,79,1.3844,0.3673,37.1099,0
PM-012,80,1.4,0.3493,37.7027,0
PM-012,81,1.4141,0.3611,37.5807,0
PM-012,82,1.3905,0.3686,37.0962,0
PM-012,83,1.425,0.3722,38.3264,0
PM-012,84,1.3943,0.3466,37.6413,0
PM-012,85,1.409,0.3676,37.7821,0
PM-012,86,1.4024,0.3536,37.9053,0
PM-012,87,1.3841,0.3515,37.7918,0
PM-012,88,1.3881,0.3019,38.0593,0
PM-012,89,1.409,0.3362,37.9015,0
PM-012,90,1.4052,0.3395,37.7363,0
PM-012,91,1.4104,0.3459,37.3945,0
PM-012,92,1.3889,0.3661,37.2508,0
PM-012,93,1.3935,0.3566,38.063,0
PM-012,94,1.4121,0.3639,37.656,0
PM-012,95,1.4275,0.3841,37.494,0
PM-012,96,1.4097,0.3577,37.7843,0
PM-012,97,1.4121,0.3469,37.6232,0
PM-012,98,1.458,0.3598,37.0521,0
PM-012,99,1.4015,0.3553,37.5832,0
PM-012,100,1.408,0.3593,37.7779,0
PM-012,101,1.4146,0.3693,37.1767,0
PM-012,102,1.4044,0.3616,37.7022,0
PM-012,103,1.3964,0.3471,37.3728,0
PM-012,104,1.4289,0.3273,37.2409,0
PM-012,105,1.4178,0.3632,37.15,0
PM-012,106,1.4219,0.3578,37.78,0
PM-012,107,1.4109,0.3614,37.7633,0
PM-012,108,1.4188,0.3587,37.5997,0
PM-012,109,1.4078,0.3585,37.873,0
PM-012,110,1.4487,0.363,37.7386,0
PM-012,111,1.4337,0.361,37.3072,0
PM-012,112,1.3947,0.3825,37.4113,0
PM-012,113,1.4208,0.3402,38.0106,0
PM-012,114,1.4002,0.3563,37.5569,0
PM-012,115,1.4195,0.3576,37.8983,0
PM-012,116,1.4225,0.3593,37.8208,0
PM-012,117,1.4234,0.3491,37.4832,0
PM-012,118,1.4405,0.3656,37.7467,0
PM-012,119,1.3934,0.3282,37.5375,0
PM-012,120,1.4004,0.3504,37.8812,0
PM-012,121,1.44,0.3717,37.4436,0
PM-012,122,1.4202,0.3477,37.073,0
PM-012,123,1.4079,0.374,37.5249,0
PM-012,124,1.4261,0.3451,37.8319,0
PM-012,125,1.4045,0.3779,37.5313,0
PM-012,126,1.3986,0.3771,37.4523,0
PM-012,127,1.4137,0.3465,37.9026,0
PM-012,128,1.4353,0.3449,37.7892,0
PM-012,129,1.4222,0.3569,38.083,0
PM-012,130,1.4398,0.3423,37.9879,0
PM-012,131,1.4195,0.3587,37.5557,0
PM-012,132,1.3798,0.3593,37.7177,0
PM-012,133,1.4493,0.3449,37.1432,0
PM-012,134,1.3858,0.3789,37.491,0
PM-012,135,1.4367,0.3551,37.3329,0
PM-012,136,1.4494,0.3748,37.5715,0
PM-012,137,1.4293,0.3569,37.7566,0
PM-012,138,1.4447,0.3323,37.5177,0
PM-012,139,1.41,0.3601,37.2507,0
PM-012,140,1.4277,0.3377,37.2504,0
PM-012,141,1.4044,0.3835,38.3878,0
PM-012,142,1.4192,0.3515,37.6722,0
PM-012,143,1.4161,0.377,37.2599,0
PM-012,144,1.4333,0.3336,37.4811,0
PM-012,145,1.4094,0.3612,37.6243,0
PM-012,146,1.4129,0.3557,37.1691,0
PM-012,147,1.4209,0.3672,38.0281,0
PM-012,148,1.4464,0.3612,38.0488,0
PM-012,149,1.4098,0.3333,37.9137,0
PM-012,150,1.4242,0.3551,37.6067,0
PM-012,151,1.419,0.35,37.758,0
PM-012,152,1.391,0.3429,37.2292,0
PM-012,153,1.4543,0.3561,37.9878,0
PM-012,154,1.3875,0.3523,37.7908,0
PM-012,155,1.4388,0.346,37.5046,0
PM-012,156,1.3936,0.3532,37.3194,0
PM-012,157,1.3807,0.3589,37.8265,0
PM-012,158,1.3866,0.3449,37.5954,0
PM-012,159,1.4435,0.3126,37.7588,0
PM-012,160,1.423,0.3444,37.5206,0
PM-012,161,1.4161,0.3546,38.1351,0
PM-012,162,1.4115,0.368,37.7604,0
PM-012,163,1.4233,0.3434,37.6857,0
PM-012,164,1.4081,0.3443,37.9028,0
PM-012,165,1.3691,0.3753,36.9597,0
PM-012,166,1.4063,0.3692,37.2688,0
PM-012,167,1.4179,0.3598,37.7233,0
PM-012,168,1.4024,0.3481,37.1543,0
PM-012,169,1.4073,0.3688,37.4885,0
PM-012,170,1.4013,0.3789,37.5763,0
PM-012,171,1.4165,0.3631,37.5761,0
PM-012,172,1.423,0.3699,37.8964,0
PM-012,173,1.4297,0.3238,37.2738,0
PM-012,174,1.3991,0.3431,37.4093,0
PM-012,175,1.4272,0.3567,37.5843,0
PM-012,176,1.4049,0.349,37.5528,0
PM-012,177,1.4372,0.3286,38.0077,0
PM-012,178,1.4553,0.3741,37.3284,0
PM-012,179,1.3997,0.3705,37.5507,0
PM-012,180,1.3993,0.3535,37.2888,0
PM-012,181,1.4068,0.337,37.8421,0
PM-012,182,1.3925,0.3558,37.492,0
PM-012,183,1.4171,0.3674,37.7113,0
PM-012,184,1.3954,0.3466,38.3333,0
PM-012,185,1.4284,0.3521,37.4531,0
PM-012,186,1.3806,0.372,37.4121,0
PM-012,187,1.4305,0.3675,38.0312,0
PM-012,188,1.4246,0.3519,37.6301,0
PM-012,189,1.4099,0.351,37.1384,0
PM-012,190,1.3663,0.3664,37.5711,0
PM-012,191,1.4286,0.3494,37.625,0
PM-012,192,1.428,0.3784,37.5305,0
PM-012,193,1.3894,0.3732,37.5392,0
PM-012,194,1.3997,0.3491,37.4097,0
PM-012,195,1.4249,0.335,37.656,0
PM-012,196,1.4144,0.3461,38.1015,0
PM-012,197,1.4274,0.3482,37.5935,0
PM-012,198,1.4273,0.3563,38.0458,0
PM-012,199,1.4207,0.3588,37.6986,0
PM-012,200,1.4724,0.3398,37.297,0
PM-012,201,1.4046,0.3761,36.8862,0
PM-012,202,1.3713,0.3491,38.2614,0
PM-012,203,1.4099,0.3376,37.872,0
PM-012,204,1.4426,0.3455,37.7617,0
PM-012,205,1.4125,0.3636,37.4877,0
PM-012,206,1.422,0.3676,37.8396,0
PM-012,207,1.377,0.3335,37.4186,0
PM-012,208,1.4148,0.3634,37.3091,0
PM-012,209,1.4159,0.3692,37.8257,0
PM-012,210,1.4002,0.3495,37.2361,0
PM-012,211,1.4442,0.3622,37.1417,0
PM-012,212,1.4339,0.3649,37.9836,0
PM-012,213,1.3982,0.3488,37.3815,0
PM-012,214,1.4518,0.3475,37.3388,0
PM-012,215,1.3965,0.3502,38.0921,0
PM-012,216,1.4149,0.3736,37.7109,0
PM-012,217,1.4058,0.3394,38.1035,0
PM-012,218,1.4292,0.3713,37.9029,0
PM-012,219,1.3952,0.359,37.9514,0
PM-012,220,1.4283,0.3574,38.2178,0
PM-012,221,1.4201,0.3749,37.6854,0
PM-012,222,1.402,0.3696,37.8454,0
PM-012,223,1.4163,0.3424,37.9286,0
PM-012,224,1.3935,0.3667,37.2962,0
PM-012,225,1.3925,0.3594,37.799,0
PM-012,226,1.4137,0.3471,37.9593,0
PM-012,227,1.4122,0.358,37.5781,0
PM-012,228,1.395,0.372,37.4325,0
PM-012,229,1.4434,0.3427,37.7222,0
PM-012,230,1.4108,0.3534,37.8299,0
PM-012,231,1.4252,0.3631,37.3062,0
PM-012,232,1.386,0.3366,37.5521,0
PM-012,233,1.4517,0.3543,38.2556,0
PM-012,234,1.4087,0.3574,37.8041,0
PM-012,235,1.4036,0.3585,37.1145,0
PM-012,236,1.3916,0.3298,37.8429,0
PM-012,237,1.3821,0.3762,37.7321,0
PM-012,238,1.4286,0.3454,37.2883,0
PM-012,239,1.4025,0.371,38.2599,0
PM-012,240,1.4196,0.3353,37.3338,0
PM-012,241,1.3796,0.3531,37.5422,0
PM-012,242,1.4067,0.3389,37.2733,0
PM-012,243,1.4113,0.3623,37.2699,0
PM-012,244,1.4189,0.3693,36.9261,0
PM-012,245,1.4409,0.3656,37.9122,0
PM-012,246,1.389,0.3669,37.896,0
PM-012,247,1.3964,0.3667,37.5839,0
PM-012,248,1.3971,0.3521,37.6758,0
PM-012,249,1.4034,0.3432,37.7432,0
PM-012,250,1.4206,0.3572,37.1401,0
PM-012,251,1.3977,0.3424,38.1447,0
PM-012,252,1.4118,0.3508,37.4577,0
PM-012,253,1.4069,0.3663,37.0764,0
PM-012,254,1.414,0.3475,37.7545,0
PM-012,255,1.4254,0.3446,37.2146,0
PM-012,256,1.4033,0.3744,37.876,0
PM-012,257,1.4019,0.3455,37.4575,0
PM-012,258,1.3835,0.3668,37.9156,0
PM-012,259,1.4017,0.3475,37.4159,0
PM-012,260,1.4004,0.344,37.5788,0
PM-012,261,1.4251,0.3653,37.3737,0
PM-012,262,1.4124,0.3647,37.3434,0
PM-012,263,1.4122,0.3733,37.5519,0
PM-012,264,1.3691,0.3173,37.7186,0
PM-012,265,1.4115,0.3579,37.7721,0
PM-012,266,1.3798,0.3429,37.7523,0
PM-012,267,1.4241,0.3512,37.1957,0
PM-012,268,1.4162,0.3558,37.3079,0
PM-012,269,1.3697,0.3636,37.4401,0
PM-012,270,1.4131,0.3573,37.2813,0
PM-012,271,1.4178,0.3422,37.1767,0
PM-012,272,1.3769,0.355,38.1036,0
PM-012,273,1.4102,0.3818,38.06,0
PM-012,274,1.4197,0.3787,38.0638,0
PM-012,275,1.433,0.3268,37.5543,0
PM-012,276,1.3955,0.3726,37.5332,0
PM-012,277,1.4445,0.3566,37.617,0
PM-012,278,1.4018,0.3523,37.706,0
PM-012,279,1.4081,0.3481,37.5037,0
PM-012,280,1.4458,0.385,37.4841,0
PM-012,281,1.4264,0.3426,37.5273,0
PM-012,282,1.3877,0.3703,37.7707,0
PM-012,283,1.4229,0.3684,37.3645,0
PM-012,284,1.4029,0.3617,37.5217,0
PM-012,285,1.4108,0.3431,38.0243,0
PM-012,286,1.4282,0.3736,37.8231,0
PM-012,287,1.3875,0.3479,37.4148,0
PM-012,288,1.4043,0.3709,37.1835,0
PM-012,289,1.3977,0.3491,37.2311,0
PM-012,290,1.4135,0.3499,37.9589,0
PM-012,291,1.4039,0.3619,37.6598,0
PM-012,292,1.3598,0.3335,37.7404,0
PM-012,293,1.4162,0.354,38.0244,0
PM-012,294,1.4196,0.3786,36.8874,0
PM-012,295,1.4441,0.3459,37.6328,0
PM-012,296,1.4331,0.3233,37.5493,0
PM-012,297,1.4296,0.3458,37.8995,0
PM-012,298,1.4229,0.3576,37.805,0
PM-012,299,1.4353,0.3641,37.9041,0
PM-012,300,1.3918,0.3638,37.7721,0
PM-012,301,1.4319,0.3377,37.9474,0
PM-012,302,1.3918,0.3902,37.3588,0
PM-012,303,1.3861,0.3507,37.9398,0
PM-012,304,1.4165,0.3802,37.5352,0
PM-012,305,1.3996,0.344,37.4674,0
PM-012,306,1.3815,0.3453,37.2622,0
PM-012,307,1.4238,0.3773,37.6918,0
PM-012,308,1.3959,0.3662,37.6136,0
PM-012,309,1.4297,0.3409,37.3625,0
PM-012,310,1.4239,0.3547,37.9034,0
PM-012,311,1.3922,0.3616,37.7893,0
PM-012,312,1.3787,0.355,37.0205,0
PM-012,313,1.4388,0.3353,37.5687,0
PM-012,314,1.4093,0.3406,38.1801,0
PM-012,315,1.3956,0.351,37.4185,0
PM-012,316,1.3955,0.3534,37.8363,0
PM-012,317,1.4126,0.3437,37.6235,0
PM-012,318,1.3821,0.3728,37.4735,0
PM-012,319,1.4004,0.3259,37.4733,0
PM-012,320,1.4431,0.3642,37.958,0
PM-012,321,1.4117,0.3157,37.6462,0
PM-012,322,1.4134,0.3685,37.6143,0
PM-012,323,1.394,0.3536,37.5227,0
PM-012,324,1.4199,0.3536,37.3283,0
PM-012,325,1.4207,0.344,37.5305,0
PM-012,326,1.4001,0.3586,37.214,0
PM-012,327,1.4101,0.3713,37.6541,0
PM-012,328,1.3961,0.3496,37.7141,0
PM-012,329,1.4206,0.3776,37.1376,0
PM-012,330,1.4147,0.3578,37.6053,0
PM-012,331,1.4165,0.3516,37.3257,0
PM-012,332,1.4137,0.3648,37.6111,0
PM-012,333,1.4306,0.3515,37.7635,0
PM-012,334,1.3778,0.3887,37.5571,0
PM-012,335,1.3996,0.3511,37.3407,0
PM-012,336,1.386,0.3557,37.6596,0
PM-012,337,1.4139,0.3545,37.6004,0
PM-012,338,1.3853,0.3477,37.6737,0
PM-012,339,1.3986,0.3594,37.5848,0
PM-012,340,1.4066,0.3582,37.7709,0
PM-012,341,1.4236,0.3848,37.8845,0
PM-012,342,1.3798,0.3388,37.5429,0
PM-012,343,1.3942,0.3609,37.7743,0
PM-012,344,1.3997,0.3729,38.0616,0
PM-012,345,1.3732,0.3336,37.9545,0
PM-012,346,1.4268,0.3626,37.6286,0
PM-012,347,1.4073,0.3631,37.6783,0
PM-012,348,1.4356,0.3448,37.6307,0
PM-012,349,1.4272,0.3575,37.8273,0
PM-012,350,1.4226,0.3487,37.3191,0
PM-012,351,1.3945,0.3388,37.0685,0
PM-012,352,1.4312,0.3268,38.1838,0
PM-012,353,1.3989,0.3509,37.1709,0
PM-012,354,1.4171,0.3511,37.6437,0
PM-012,355,1.3937,0.3623,37.3782,0
PM-012,356,1.411,0.362,38.0607,0
PM-012,357,1.4255,0.3564,37.6229,0
PM-012,358,1.4157,0.3666,37.402,0
PM-012,359,1.4275,0.341,37.7622,0
PM-012,360,1.4202,0.345,37.1626,0
PM-012,361,1.4041,0.3156,37.5718,0
PM-012,362,1.3844,0.4017,37.9429,0
PM-012,363,1.4109,0.375,37.8368,0
PM-012,364,1.3861,0.3457,37.9342,0
PM-012,365,1.3902,0.361,37.8278,0
PM-012,366,1.4042,0.3573,37.8749,0
PM-012,367,1.4251,0.3618,37.6215,0
PM-012,368,1.4212,0.3247,38.068,0
PM-012,369,1.4068,0.344,37.8052,0
PM-012,370,1.4208,0.3404,37.6456,0
PM-012,371,1.4102,0.3546,38.1125,0
PM-012,372,1.409,0.3531,37.4212,0
PM-012,373,1.3929,0.3609,37.4844,0
PM-012,374,1.4057,0.358,37.6444,0
PM-012,375,1.4121,0.357,37.8127,0
PM-012,376,1.4622,0.3735,37.5167,0
PM-012,377,1.4337,0.3392,37.4555,0
PM-012,378,1.4235,0.3652,37.8058,0
PM-012,379,1.3976,0.3463,37.6647,0
PM-012,380,1.4044,0.3684,37.5421,0
PM-012,381,1.4033,0.3307,37.8879,0
PM-012,382,1.4159,0.3208,37.7588,0
PM-012,383,1.4014,0.3667,37.5938,0
PM-012,384,1.3933,0.381,38.0969,0
PM-012,385,1.4057,0.3606,37.4876,0
PM-012,386,1.3753,0.3748,37.386,0
PM-012,387,1.4349,0.3655,37.7115,0
PM-012,388,1.4086,0.3656,37.3462,0
PM-012,389,1.4361,0.3572,38.0738,0
PM-012,390,1.407,0.3572,37.7045,0
PM-012,391,1.4209,0.3822,37.4939,0
PM-012,392,1.4069,0.3548,36.9307,0
PM-012,393,1.3983,0.3477,38.4168,0
PM-012,394,1.4146,0.3625,37.1847,0
PM-012,395,1.4082,0.3691,38.3803,0
PM-012,396,1.3957,0.3278,37.3927,0
PM-012,397,1.394,0.3436,37.8976,0
PM-012,398,1.4163,0.3381,38.0502,0
PM-012,399,1.4473,0.3295,37.9786,0
PM-012,400,1.406,0.3409,37.1888,0
PM-012,401,1.4004,0.3472,37.6696,0
PM-012,402,1.4523,0.3474,37.2034,0
PM-012,403,1.4028,0.3707,37.551,0
PM-012,404,1.4224,0.3576,37.6437,0
PM-012,405,1.4412,0.3405,37.3131,0
PM-012,406,1.3912,0.3602,37.6414,0
PM-012,407,1.4236,0.3539,37.5667,0
PM-012,408,1.416,0.3805,37.2767,0
PM-012,409,1.391,0.3557,38.2351,0
PM-012,410,1.388,0.3549,37.3621,0
PM-012,411,1.4174,0.3241,37.3145,0
PM-012,412,1.435,0.3552,37.4017,0
PM-012,413,1.4085,0.3541,37.7936,0
PM-012,414,1.3679,0.3395,37.3389,0
PM-012,415,1.422,0.355,38.0575,0
PM-012,416,1.426,0.3499,37.6105,0
PM-012,417,1.4353,0.3765,37.5966,0
PM-012,418,1.3897,0.3235,36.995,0
PM-012,419,1.4189,0.3618,37.4227,0
PM-012,420,1.4354,0.3519,37.4488,0
PM-012,421,1.4328,0.3706,37.6099,0
PM-012,422,1.4198,0.3647,38.2779,0
PM-012,423,1.4068,0.3374,37.813,0
PM-012,424,1.4107,0.3567,37.616,0
PM-012,425,1.3776,0.359,37.5176,0
PM-012,426,1.4032,0.3491,37.6136,0
PM-012,427,1.4146,0.3546,37.9718,0
PM-012,428,1.4245,0.354,37.3147,0
PM-012,429,1.421,0.3503,37.5741,0
PM-012,430,1.383,0.3613,38.4034,0
PM-012,431,1.3993,0.3644,37.9991,0
PM-012,432,1.399,0.3187,37.834,0
PM-012,433,1.411,0.3597,37.6418,0
PM-012,434,1.4326,0.3536,38.2766,0
PM-012,435,1.4234,0.3702,37.6273,0
PM-012,436,1.4156,0.3297,37.4522,0
PM-012,437,1.431,0.354,37.2879,0
PM-012,438,1.3957,0.3447,37.6137,0
PM-012,439,1.3927,0.3764,37.6878,0
PM-012,440,1.3815,0.3781,37.6116,0
PM-012,441,1.4195,0.3597,37.7506,0
PM-012,442,1.4025,0.36,37.5806,0
PM-012,443,1.4167,0.3523,37.5383,0
PM-012,444,1.3802,0.355,37.6927,0
PM-012,445,1.4464,0.3622,37.4079,0
PM-012,446,1.3891,0.3591,37.4019,0
PM-012,447,1.398,0.3438,37.5268,0
PM-012,448,1.4241,0.3252,38.0137,0
PM-012,449,1.4053,0.3455,37.8917,0
PM-012,450,1.4053,0.3393,37.1688,0
PM-012,451,1.4233,0.3664,37.5014,0
PM-012,452,1.4358,0.3556,38.0237,0
PM-012,453,1.3903,0.3389,37.4712,0
PM-012,454,1.4014,0.3723,37.7133,0
PM-012,455,1.3942,0.3552,37.4969,0
PM-012,456,1.3933,0.3539,37.5681,0
PM-012,457,1.3941,0.3434,37.8697,0
PM-012,458,1.4179,0.3692,37.5402,0
PM-012,459,1.3877,0.3464,37.9335,0
PM-012,460,1.3774,0.3767,37.2923,0
PM-012,461,1.425,0.3397,37.4468,0
PM-012,462,1.3683,0.3829,37.7978,0
PM-012,463,1.4221,0.3477,37.3461,0
PM-012,464,1.4249,0.337,37.5752,0
PM-012,465,1.3844,0.3569,37.0503,0
PM-012,466,1.3798,0.3422,37.8098,0
PM-012,467,1.3988,0.3698,38.0755,0
PM-012,468,1.4032,0.3329,37.915,0
PM-012,469,1.3786,0.3415,37.115,0
PM-012,470,1.4287,0.3636,38.1108,0
PM-012,471,1.4006,0.3427,37.4679,0
PM-012,472,1.3828,0.3765,38.6383,0
PM-012,473,1.3949,0.3639,37.5787,0
PM-012,474,1.4182,0.3709,37.2824,0
PM-012,475,1.3998,0.3731,37.778,0
PM-012,476,1.416,0.3627,37.8077,0
PM-012,477,1.4326,0.3664,37.6101,0
PM-012,478,1.4165,0.354,37.4015,0
PM-012,479,1.4084,0.3533,37.1159,0
PM-013,0,1.4453,0.2959,38.8898,0
PM-013,1,1.4179,0.3049,39.0672,0
PM-013,2,1.4288,0.3052,38.929,0
PM-013,3,1.4441,0.2914,39.2431,0
PM-013,4,1.4284,0.2821,38.9204,0
PM-013,5,1.4484,0.2808,39.5346,0
PM-013,6,1.4343,0.2749,39.1726,0
PM-013,7,1.4305,0.3059,39.1332,0
PM-013,8,1.4332,0.312,39.3964,0
PM-013,9,1.472,0.3097,38.9778,0
PM-013,10,1.4585,0.3137,39.7038,0
PM-013,11,1.4585,0.3053,39.1531,0
PM-013,12,1.422,0.2855,38.7445,0
PM-013,13,1.4656,0.2865,39.6313,0
PM-013,14,1.4141,0.307,39.0955,0
PM-013,15,1.4131,0.3152,39.5761,0
PM-013,16,1.443,0.2913,39.3758,0
PM-013,17,1.4426,0.2789,39.1203,0
PM-013,18,1.478,0.3309,39.7127,0
PM-013,19,1.4483,0.2857,39.0045,0
PM-013,20,1.4241,0.2825,39.8893,0
PM-013,21,1.4749,0.302,38.9558,0
PM-013,22,1.4566,0.2872,38.598,0
PM-013,23,1.4445,0.2782,39.0015,0
PM-013,24,1.4337,0.2833,39.2337,0
PM-013,25,1.4371,0.2626,39.7,0
PM-013,26,1.4191,0.2765,39.1454,0
PM-013,27,1.4366,0.3127,39.3248,0
PM-013,28,1.4501,0.2949,39.3134,0
PM-013,29,1.4449,0.2618,39.169,0
PM-013,30,1.462,0.3499,38.8826,0
PM-013,31,1.4472,0.2822,39.8582,0
PM-013,32,1.4117,0.3002,38.8218,0
PM-013,33,1.4324,0.2903,39.5648,0
PM-013,34,1.4172,0.3007,39.2496,0
PM-013,35,1.4442,0.3052,38.8592,0
PM-013,36,1.455,0.2822,39.5727,0
PM-013,37,1.4454,0.2876,39.0669,0
PM-013,38,1.4552,0.3097,39.0841,0
PM-013,39,1.4161,0.3012,38.8094,0
PM-013,40,1.4126,0.2748,39.1193,0
PM-013,41,1.412,0.2617,38.9033,0
PM-013,42,1.4516,0.2717,39.1419,0
PM-013,43,1.4777,0.29,39.3467,0
PM-013,44,1.4198,0.3232,39.0816,0
PM-013,45,1.4342,0.3105,39.1894,0
PM-013,46,1.4397,0.2866,39.1615,0
PM-013,47,1.4462,0.2991,39.051,0
PM-013,48,1.4234,0.2816,38.8236,0
PM-013,49,1.4069,0.2952,39.5255,0
PM-013,50,1.4562,0.255,39.1704,0
PM-013,51,1.4167,0.2929,39.1186,0
PM-013,52,1.4506,0.2905,38.6751,0
PM-013,53,1.4194,0.2909,39.271,0
PM-013,54,1.4106,0.2677,39.2608,0
PM-013,55,1.4107,0.2657,39.1104,0
PM-013,56,1.429,0.2776,39.0328,0
PM-013,57,1.439,0.28,39.2652,0
PM-013,58,1.4311,0.2933,39.5074,0
PM-013,59,1.4555,0.3101,39.4954,0
PM-013,60,1.4435,0.2843,39.1276,0
PM-013,61,1.4212,0.2908,39.4532,0
PM-013,62,1.4242,0.2902,39.0407,0
PM-013,63,1.4429,0.2825,39.0221,0
PM-013,64,1.4251,0.2983,39.2149,0
PM-013,65,1.4302,0.2947,39.1196,0
PM-013,66,1.4613,0.2762,39.1879,0
PM-013,67,1.4107,0.2856,38.7401,0
PM-013,68,1.4537,0.3023,39.4792,0
PM-013,69,1.4393,0.2776,39.0038,0
PM-013,70,1.4694,0.3123,39.2807,0
PM-013,71,1.4284,0.3113,39.0356,0
PM-013,72,1.4433,0.3111,38.993,0
PM-013,73,1.4553,0.2986,39.2321,0
PM-013,74,1.4189,0.2799,39.3308,0
PM-013,75,1.4103,0.2927,39.4063,0
PM-013,76,1.4585,0.2698,39.6388,0
PM-013,77,1.4727,0.2969,38.9325,0
PM-013,78,1.4322,0.2901,39.3251,0
PM-013,79,1.4392,0.295,39.2167,0
PM-013,80,1.444,0.2839,39.1425,0
PM-013,81,1.4272,0.3195,39.6831,0
PM-013,82,1.4499,0.3107,39.4835,0
PM-013,83,1.4424,0.2682,39.1653,0
PM-013,84,1.432,0.2738,38.7981,0
PM-013,85,1.4486,0.2956,38.8937,0
PM-013,86,1.4238,0.3082,38.9806,0
PM-013,87,1.4422,0.2879,39.3959,0
PM-013,88,1.4216,0.2921,39.2946,0
PM-013,89,1.4434,0.292,39.3473,0
PM-013,90,1.4826,0.3292,39.0522,0
PM-013,91,1.3924,0.2997,39.2998,0
PM-013,92,1.46,0.2951,39.2615,0
PM-013,93,1.4613,0.3098,38.828,0
PM-013,94,1.4224,0.2892,39.2735,0
PM-013,95,1.4342,0.2973,39.5428,0
PM-013,96,1.4732,0.2995,38.9882,0
PM-013,97,1.4358,0.2896,39.3983,0
PM-013,98,1.4465,0.3215,39.1055,0
PM-013,99,1.4464,0.3261,39.0684,0
PM-013,100,1.4416,0.2766,39.2686,0
PM-013,101,1.4231,0.3065,39.2881,0
PM-013,102,1.42,0.3034,39.2978,0
PM-013,103,1.4578,0.2736,39.3546,0
PM-013,104,1.4542,0.2844,38.8662,0
PM-013,105,1.4379,0.3092,39.5817,0
PM-013,106,1.4302,0.2715,39.1146,0
PM-013,107,1.4294,0.2975,39.2124,0
PM-013,108,1.4237,0.3073,39.2861,0
PM-013,109,1.4475,0.2649,38.5167,0
PM-013,110,1.41,0.2836,39.4168,0
PM-013,111,1.3919,0.3147,39.2951,0
PM-013,112,1.466,0.2775,39.3951,0
PM-013,113,1.4405,0.303,39.1738,0
PM-013,114,1.4482,0.3073,39.0486,0
PM-013,115,1.4436,0.2625,39.4547,0
PM-013,116,1.4778,0.2721,39.2165,0
PM-013,117,1.4564,0.2913,39.2935,0
PM-013,118,1.4309,0.2844,39.2179,0
PM-013,119,1.4396,0.2731,39.2241,0
PM-013,120,1.4701,0.2845,38.8728,0
PM-013,121,1.4357,0.2801,38.8424,0
PM-013,122,1.4415,0.2801,39.0565,0
PM-013,123,1.4418,0.2678,38.7215,0
PM-013,124,1.4522,0.2618,38.9509,0
PM-013,125,1.4027,0.2835,39.3724,0
PM-013,126,1.441,0.3267,39.57,0
PM-013,127,1.4201,0.2728,40.0559,0
PM-013,128,1.46,0.2996,39.2664,0
PM-013,129,1.4442,0.2685,39.2911,0
PM-013,130,1.4402,0.2772,39.0824,0
PM-013,131,1.4691,0.2889,39.8653,0
PM-013,132,1.4039,0.2829,38.7798,0
PM-013,133,1.4146,0.2784,39.3385,0
PM-013,134,1.4441,0.2806,38.5756,0
PM-013,135,1.4683,0.2865,38.9091,0
PM-013,136,1.4442,0.2938,39.1471,0
PM-013,137,1.4417,0.2735,39.4719,0
PM-013,138,1.4188,0.2817,39.4386,0
PM-013,139,1.4628,0.3146,39.5607,0
PM-013,140,1.4323,0.2677,39.6655,0
PM-013,141,1.4662,0.2807,39.5203,0
PM-013,142,1.4321,0.3133,39.0895,0
PM-013,143,1.4783,0.3026,39.7832,0
PM-013,144,1.4295,0.2969,38.9532,0
PM-013,145,1.4556,0.3043,39.963,0
PM-013,146,1.4484,0.3016,39.1027,0
PM-013,147,1.4496,0.2851,39.2787,0
PM-013,148,1.4422,0.2855,39.2628,0
PM-013,149,1.4312,0.2851,39.5669,0
PM-013,150,1.4423,0.296,38.8068,0
PM-013,151,1.4472,0.2987,39.1244,0
PM-013,152,1.4804,0.2564,39.4793,0
PM-013,153,1.453,0.2989,39.2968,0
PM-013,154,1.4498,0.3038,39.0262,0
PM-013,155,1.4447,0.288,38.9158,0
PM-013,156,1.4531,0.2823,38.7946,0
PM-013,157,1.428,0.2788,39.5525,0
PM-013,158,1.4418,0.3115,39.044,0
PM-013,159,1.4562,0.3334,39.3508,0
PM-013,160,1.456,0.3012,38.8173,0
PM-013,161,1.4505,0.2954,39.166,0
PM-013,162,1.4211,0.3012,38.9522,0
PM-013,163,1.4814,0.2925,38.8769,0
PM-013,164,1.4285,0.2866,39.9677,0
PM-013,165,1.4211,0.289,39.0826,0
PM-013,166,1.4487,0.283,38.9022,0
PM-013,167,1.4348,0.2863,39.0663,0
PM-013,168,1.428,0.3085,39.148,0
PM-013,169,1.4161,0.2838,39.2602,0
PM-013,170,1.412,0.3152,39.5042,0
PM-013,171,1.4674,0.2967,38.6158,0
PM-013,172,1.4695,0.2778,39.0093,0
PM-013,173,1.4419,0.3115,39.5599,0
PM-013,174,1.4569,0.2861,39.1457,0
PM-013,175,1.4457,0.2888,39.5107,0
PM-013,176,1.4553,0.2996,38.4862,0
PM-013,177,1.4413,0.2891,39.2943,0
PM-013,178,1.4237,0.2709,39.3829,0
PM-013,179,1.4316,0.2994,39.0427,0
PM-013,180,1.4671,0.3058,39.333,0
PM-013,181,1.4345,0.3036,39.3617,0
PM-013,182,1.4435,0.3064,39.6719,0
PM-013,183,1.4137,0.275,39.0099,0
PM-013,184,1.4087,0.2898,39.424,0
PM-013,185,1.4383,0.2828,39.5819,0
PM-013,186,1.4416,0.2959,39.5902,0
PM-013,187,1.4363,0.3217,39.1096,0
PM-013,188,1.4787,0.2762,39.3992,0
PM-013,189,1.4259,0.3076,39.1005,0
PM-013,190,1.4446,0.281,39.5251,0
PM-013,191,1.4256,0.316,38.9451,0
PM-013,192,1.4118,0.3051,39.0664,0
PM-013,193,1.4386,0.2859,38.8502,0
PM-013,194,1.4372,0.3098,39.5449,0
PM-013,195,1.4434,0.3075,38.9261,0
PM-013,196,1.4322,0.2967,39.2048,0
PM-013,197,1.4338,0.2728,38.6195,0
PM-013,198,1.4551,0.2944,39.5145,0
PM-013,199,1.43,0.2801,39.2459,0
PM-013,200,1.4558,0.2873,39.4845,0
PM-013,201,1.4186,0.2884,39.2229,0
PM-013,202,1.4633,0.2939,39.7678,0
PM-013,203,1.4118,0.2927,39.2978,0
PM-013,204,1.4511,0.2786,39.7493,0
PM-013,205,1.439,0.2745,39.2391,0
PM-013,206,1.4325,0.3325,39.5589,0
PM-013,207,1.4397,0.2891,39.5293,0
PM-013,208,1.4587,0.2471,39.4368,0
PM-013,209,1.4393,0.2711,39.508,0
PM-013,210,1.4837,0.2991,39.5741,0
PM-013,211,1.4748,0.2783,38.6867,0
PM-013,212,1.4519,0.2871,38.8317,0
PM-013,213,1.4372,0.3017,39.1993,0
PM-013,214,1.423,0.2874,39.2381,0
PM-013,215,1.4002,0.2886,38.8406,0
PM-013,216,1.4519,0.2674,39.5477,0
PM-013,217,1.4306,0.2826,39.3323,0
PM-013,218,1.4214,0.295,39.0243,0
PM-013,219,1.4276,0.2969,38.9024,0
PM-013,220,1.4135,0.2945,39.2359,0
PM-013,221,1.4421,0.2957,39.2612,0
PM-013,222,1.4509,0.2922,38.6418,0
PM-013,223,1.4038,0.3197,39.244,0
PM-013,224,1.4578,0.2856,39.2265,0
PM-013,225,1.4297,0.3278,39.3199,0
PM-013,226,1.428,0.266,39.8361,0
PM-013,227,1.4355,0.3019,39.5007,0
PM-013,228,1.4295,0.3009,39.0627,0
PM-013,229,1.4189,0.3082,39.1965,0
PM-013,230,1.4491,0.2969,39.4353,0
PM-013,231,1.4076,0.282,39.1466,0
PM-013,232,1.4221,0.2972,39.6,0
PM-013,233,1.4657,0.2857,39.3315,0
PM-013,234,1.4477,0.3001,38.9805,0
PM-013,235,1.4752,0.3047,39.5297,0
PM-013,236,1.4628,0.2988,38.9357,0
PM-013,237,1.436,0.266,39.3685,0
PM-013,238,1.4354,0.2902,39.6051,0
PM-013,239,1.4296,0.287,39.2505,0
PM-013,240,1.4019,0.2868,38.4982,0
PM-013,241,1.427,0.3036,39.3781,0
PM-013,242,1.4269,0.2914,38.9214,0
PM-013,243,1.4387,0.3347,39.7977,0
PM-013,244,1.4398,0.2932,38.9501,0
PM-013,245,1.4227,0.2962,39.0865,0
PM-013,246,1.4568,0.3143,39.3437,0
PM-013,247,1.4408,0.2656,39.4682,0
PM-013,248,1.4159,0.2845,39.5318,0
PM-013,249,1.4593,0.2838,39.1213,0
PM-013,250,1.4248,0.2728,39.0535,0
PM-013,251,1.4065,0.301,39.3623,0
PM-013,252,1.45,0.2765,38.8854,0
PM-013,253,1.4398,0.2917,39.1998,0
PM-013,254,1.433,0.3164,39.3717,0
PM-013,255,1.4782,0.3098,39.7549,0
PM-013,256,1.4173,0.2997,39.1144,0
PM-013,257,1.4055,0.3132,39.1558,0
PM-013,258,1.4176,0.2846,39.0051,0
PM-013,259,1.4249,0.2875,39.7632,0
PM-013,260,1.4254,0.3157,39.4986,0
PM-013,261,1.4467,0.302,39.248,0
PM-013,262,1.4645,0.2993,38.7445,0
PM-013,263,1.4447,0.3025,39.1572,0
PM-013,264,1.4413,0.2816,38.8307,0
PM-013,265,1.4077,0.2677,39.4447,0
PM-013,266,1.3889,0.2808,39.0142,0
PM-013,267,1.4331,0.2629,39.3651,0
PM-013,268,1.4133,0.3078,39.0574,0
PM-013,269,1.4368,0.2908,39.3172,0
PM-013,270,1.4395,0.2844,39.3469,0
PM-013,271,1.4481,0.2793,39.3719,0
PM-013,272,1.4626,0.3014,39.5237,0
PM-013,273,1.4422,0.2767,39.001,0
PM-013,274,1.4451,0.3049,40.0797,0
PM-013,275,1.4584,0.2732,39.0138,0
PM-013,276,1.4843,0.2876,39.2582,0
PM-013,277,1.4195,0.3143,39.394,0
PM-013,278,1.4233,0.2759,39.3361,0
PM-013,279,1.4396,0.3033,39.408,0
PM-013,280,1.4335,0.2826,39.196,0
PM-013,281,1.4277,0.2888,39.2489,0
PM-013,282,1.4208,0.3002,39.1328,0
PM-013,283,1.4219,0.2855,39.3166,0
PM-013,284,1.4404,0.2971,39.5134,0
PM-013,285,1.4648,0.2951,38.9231,0
PM-013,286,1.4334,0.2757,39.753,0
PM-013,287,1.4785,0.3005,39.5015,0
PM-013,288,1.4438,0.2963,38.7647,0
PM-013,289,1.4373,0.2776,39.3283,0
PM-013,290,1.4376,0.32,39.5189,0
PM-013,291,1.4444,0.2868,39.7467,0
PM-013,292,1.4381,0.2958,39.2566,0
PM-013,293,1.4307,0.2913,38.6554,0
PM-013,294,1.4078,0.296,39.7144,0
PM-013,295,1.4457,0.28,38.8111,0
PM-013,296,1.4544,0.2823,39.4369,0
PM-013,297,1.4465,0.298,39.254,0
PM-013,298,1.4464,0.289,39.0533,0
PM-013,299,1.4195,0.255,39.1896,0
PM-013,300,1.4691,0.3017,39.3123,0
PM-013,301,1.4241,0.3057,39.2081,0
PM-013,302,1.4702,0.2761,39.019,0
PM-013,303,1.4218,0.2685,38.9628,0
PM-013,304,1.4408,0.2801,38.087,0
PM-013,305,1.4602,0.2655,39.4207,0
PM-013,306,1.4394,0.3225,39.543,0
PM-013,307,1.4287,0.2802,39.6948,0
PM-013,308,1.4092,0.2936,39.2046,0
PM-013,309,1.4319,0.2961,39.3008,0
PM-013,310,1.4479,0.2929,39.3692,0
PM-013,311,1.4406,0.2809,39.2451,0
PM-013,312,1.4245,0.2791,39.1431,0
PM-013,313,1.4364,0.2913,39.5189,0
PM-013,314,1.4288,0.2937,39.2794,0
PM-013,315,1.4266,0.2919,39.5448,0
PM-013,316,1.4425,0.2942,39.0323,0
PM-013,317,1.4781,0.2811,38.7436,0
PM-013,318,1.456,0.2891,39.153,0
PM-013,319,1.4278,0.3189,39.3503,0
PM-013,320,1.4497,0.2932,39.325,0
PM-013,321,1.4667,0.287,38.8069,0
PM-013,322,1.4561,0.2982,39.2763,0
PM-013,323,1.4482,0.2852,39.2501,0
PM-013,324,1.4361,0.2819,39.6007,0
PM-013,325,1.4105,0.3262,39.5072,0
PM-013,326,1.4032,0.2874,39.1934,0
PM-013,327,1.4466,0.2759,39.2535,0
PM-013,328,1.4363,0.2797,38.9809,0
PM-013,329,1.4571,0.2653,39.3873,0
PM-013,330,1.4547,0.2875,39.2597,0
PM-013,331,1.462,0.2802,39.0634,0
PM-013,332,1.4288,0.3083,39.6316,0
PM-013,333,1.4108,0.3059,39.4896,0
PM-013,334,1.4698,0.2966,39.2307,0
PM-013,335,1.4617,0.3013,39.9174,0
PM-013,336,1.4579,0.2931,38.8917,0
PM-013,337,1.4271,0.2692,39.1794,0
PM-013,338,1.4573,0.2907,39.5505,0
PM-013,339,1.4455,0.2847,39.2702,0
PM-013,340,1.4482,0.2929,39.2891,0
PM-013,341,1.4234,0.2843,39.9215,0
PM-013,342,1.4633,0.2687,38.5339,0
PM-013,343,1.4403,0.3042,39.088,0
PM-013,344,1.4592,0.2917,39.195,0
PM-013,345,1.4539,0.2828,39.1579,0
PM-013,346,1.4522,0.2903,39.8166,0
PM-013,347,1.4526,0.3002,39.2291,0
PM-013,348,1.4562,0.2859,39.3287,0
PM-013,349,1.4204,0.3064,39.3311,0
PM-013,350,1.4784,0.3267,39.4729,0
PM-013,351,1.4401,0.2766,39.5154,0
PM-013,352,1.443,0.2988,39.7629,0
PM-013,353,1.4223,0.2769,39.173,0
PM-013,354,1.4552,0.2991,38.9752,0
PM-013,355,1.4539,0.2728,38.9926,0
PM-013,356,1.4364,0.2825,39.5109,0
PM-013,357,1.4445,0.3173,39.1698,0
PM-013,358,1.4363,0.3089,39.2167,0
PM-013,359,1.4686,0.2989,38.5381,0
PM-013,360,1.4623,0.3045,39.5293,0
PM-013,361,1.4005,0.2808,39.0673,0
PM-013,362,1.4219,0.3169,39.2404,0
PM-013,363,1.438,0.2991,39.4147,0
PM-013,364,1.372,0.2811,38.8201,0
PM-013,365,1.4468,0.2864,39.2486,0
PM-013,366,1.3972,0.2861,39.5785,0
PM-013,367,1.4669,0.3016,38.8433,0
PM-013,368,1.4639,0.3016,39.2088,0
PM-013,369,1.3982,0.3051,39.0663,0
PM-013,370,1.4457,0.2918,39.7055,0
PM-013,371,1.4362,0.2906,39.7175,0
PM-013,372,1.4256,0.303,39.1844,0
PM-013,373,1.4187,0.2908,39.4515,0
PM-013,374,1.4658,0.3129,39.1555,0
PM-013,375,1.419,0.286,38.8895,0
PM-013,376,1.4344,0.2857,39.4622,0
PM-013,377,1.3946,0.2798,39.0263,0
PM-013,378,1.4625,0.2741,39.3119,0
PM-013,379,1.4362,0.3064,39.4227,0
PM-013,380,1.4412,0.2825,38.6882,0
PM-013,381,1.4437,0.2987,38.7715,0
PM-013,382,1.4141,0.2946,39.3457,0
PM-013,383,1.4189,0.2822,38.693,0
PM-013,384,1.4663,0.2713,39.4066,0
PM-013,385,1.438,0.3101,39.0063,0
PM-013,386,1.44,0.2653,38.6624,0
PM-013,387,1.4507,0.264,39.1755,0
PM-013,388,1.459,0.302,39.0446,0
PM-013,389,1.407,0.2984,39.6466,0
PM-013,390,1.4255,0.2787,39.0865,0
PM-013,391,1.4502,0.3092,38.8721,0
PM-013,392,1.4088,0.3259,39.1907,0
PM-013,393,1.4438,0.2804,39.3909,0
PM-013,394,1.4579,0.2953,39.7662,0
PM-013,395,1.4322,0.2868,39.3134,0
PM-013,396,1.448,0.2942,38.8586,0
PM-013,397,1.445,0.2852,39.0696,0
PM-013,398,1.4394,0.2764,38.9033,0
PM-013,399,1.3864,0.317,39.4107,0
PM-013,400,1.4364,0.2808,38.3811,0
PM-013,401,1.4242,0.3015,39.5266,0
PM-013,402,1.4516,0.2932,39.6351,0
PM-013,403,1.4322,0.3071,39.1286,0
PM-013,404,1.4211,0.2757,38.9246,0
PM-013,405,1.4519,0.2796,38.934,0
PM-013,406,1.453,0.2957,39.5327,0
PM-013,407,1.449,0.2795,39.2668,0
PM-013,408,1.4412,0.277,38.9126,0
PM-013,409,1.4251,0.3213,39.1201,0
PM-013,410,1.4634,0.2837,39.5106,0
PM-013,411,1.4568,0.3051,39.3603,0
PM-013,412,1.4663,0.2965,39.758,0
PM-013,413,1.4063,0.296,39.3289,0
PM-013,414,1.42,0.2995,38.7969,0
PM-013,415,1.4257,0.2608,39.7115,0
PM-013,416,1.4341,0.3233,39.4848,0
PM-013,417,1.4477,0.282,38.93,0
PM-013,418,1.4492,0.2897,38.8422,0
PM-013,419,1.4084,0.2764,39.7902,0
PM-013,420,1.483,0.2939,39.2886,0
PM-013,421,1.432,0.2768,39.6565,0
PM-013,422,1.4762,0.2774,39.2191,0
PM-013,423,1.4297,0.2845,39.5997,0
PM-013,424,1.4125,0.2978,39.4624,0
PM-013,425,1.4359,0.3042,39.2882,0
PM-013,426,1.4631,0.2679,39.1393,0
PM-013,427,1.4373,0.2507,38.9182,0
PM-013,428,1.4225,0.305,39.0319,0
PM-013,429,1.4224,0.303,38.7586,0
PM-013,430,1.3973,0.2854,38.8096,0
PM-013,431,1.4106,0.2994,39.5067,0
PM-013,432,1.4545,0.3074,39.6163,0
PM-013,433,1.3962,0.2975,39.0851,0
PM-013,434,1.4238,0.2992,38.7249,0
PM-013,435,1.4037,0.3003,39.3903,0
PM-013,436,1.4415,0.2776,39.4671,0
PM-013,437,1.4524,0.2921,38.8907,0
PM-013,438,1.4302,0.3033,39.6421,0
PM-013,439,1.4322,0.287,39.1954,0
PM-013,440,1.4442,0.2821,38.3757,0
PM-013,441,1.4626,0.3177,39.0602,0
PM-013,442,1.4174,0.2887,39.1877,0
PM-013,443,1.4587,0.2916,39.0062,0
PM-013,444,1.4124,0.3038,39.4238,0
PM-013,445,1.46,0.2763,39.7955,0
PM-013,446,1.4039,0.3014,38.6711,0
PM-013,447,1.4229,0.3142,39.4934,0
PM-013,448,1.4278,0.283,39.2741,0
PM-013,449,1.449,0.3096,39.1071,0
PM-013,450,1.4065,0.2931,39.1067,0
PM-013,451,1.4127,0.2952,39.18,0
PM-013,452,1.4449,0.2774,39.39,0
PM-013,453,1.4124,0.2784,39.1711,0
PM-013,454,1.4736,0.3026,39.5671,0
PM-013,455,1.4671,0.3448,39.2564,0
PM-013,456,1.4672,0.306,39.5428,0
PM-013,457,1.4742,0.2845,39.0943,0
PM-013,458,1.4451,0.288,39.3395,0
PM-013,459,1.47,0.2836,39.1525,0
PM-013,460,1.4422,0.2874,38.6697,0
PM-013,461,1.4271,0.3011,39.6752,0
PM-013,462,1.4157,0.2734,39.253,0
PM-013,463,1.3972,0.2841,38.7231,0
PM-013,464,1.4661,0.2792,39.7398,0
PM-013,465,1.461,0.2811,38.9224,0
PM-013,466,1.4349,0.2892,39.3478,0
PM-013,467,1.4232,0.302,39.3235,0
PM-013,468,1.4319,0.2801,39.1885,0
PM-013,469,1.4224,0.2917,39.2696,0
PM-013,470,1.444,0.3173,39.2042,0
PM-013,471,1.4588,0.2942,39.1725,0
PM-013,472,1.4364,0.2899,39.3279,0
PM-013,473,1.4196,0.2688,39.4402,0
PM-013,474,1.4567,0.302,39.2904,0
PM-013,475,1.4541,0.3015,39.4802,0
PM-013,476,1.4216,0.2743,39.1274,0
PM-013,477,1.4384,0.2872,38.6809,0
PM-013,478,1.4732,0.2867,39.2958,0
PM-013,479,1.4636,0.2556,39.0904,0
PM-014,0,1.4153,0.2738,39.3929,0
PM-014,1,1.3835,0.2994,39.4555,0
PM-014,2,1.4322,0.2574,39.37,0
PM-014,3,1.4221,0.2546,39.6512,0
PM-014,4,1.4123,0.26,39.2999,0
PM-014,5,1.4279,0.2727,39.4406,0
PM-014,6,1.4101,0.2565,39.6414,0
PM-014,7,1.4349,0.3036,39.457,0
PM-014,8,1.4285,0.2622,39.5263,0
PM-014,9,1.4124,0.2852,39.1191,0
PM-014,10,1.4412,0.2616,39.5359,0
PM-014,11,1.4004,0.3181,39.6629,0
PM-014,12,1.4182,0.2709,39.7213,0
PM-014,13,1.3535,0.2921,39.6074,0
PM-014,14,1.4278,0.2989,39.2848,0
PM-014,15,1.4298,0.2763,39.2052,0
PM-014,16,1.3981,0.2826,39.7876,0
PM-014,17,1.4531,0.2823,39.2608,0
PM-014,18,1.4454,0.2929,39.463,0
PM-014,19,1.3967,0.3078,39.4824,0
PM-014,20,1.4188,0.2945,39.4608,0
PM-014,21,1.4483,0.3015,39.2859,0
PM-014,22,1.4205,0.2776,40.0211,0
PM-014,23,1.4043,0.2846,39.5635,0
PM-014,24,1.4289,0.2965,39.6946,0
PM-014,25,1.4326,0.2799,39.2904,0
PM-014,26,1.4195,0.2781,39.257,0
PM-014,27,1.4103,0.3179,39.9174,0
PM-014,28,1.414,0.2554,39.2772,0
PM-014,29,1.4364,0.2629,39.6354,0
PM-014,30,1.4296,0.2866,39.443,0
PM-014,31,1.4007,0.2968,39.5473,0
PM-014,32,1.4092,0.2746,39.0962,0
PM-014,33,1.4262,0.2833,39.3974,0
PM-014,34,1.3875,0.2699,39.0931,0
PM-014,35,1.4341,0.2889,39.3694,0
PM-014,36,1.4409,0.3008,39.7859,0
PM-014,37,1.4139,0.2651,39.9662,0
PM-014,38,1.4293,0.2945,39.657,0
PM-014,39,1.474,0.2849,39.8852,0
PM-014,40,1.4017,0.2986,39.9893,0
PM-014,41,1.4178,0.2576,39.6244,0
PM-014,42,1.4144,0.299,39.3144,0
PM-014,43,1.4665,0.288,39.6916,0
PM-014,44,1.3988,0.2687,39.0652,0
PM-014,45,1.393,0.2965,39.2734,0
PM-014,46,1.3934,0.2759,39.6654,0
PM-014,47,1.4323,0.3013,39.3698,0
PM-014,48,1.4587,0.3026,39.102,0
PM-014,49,1.435,0.2867,39.4048,0
PM-014,50,1.419,0.2764,39.757,0
PM-014,51,1.4072,0.278,39.6823,0
PM-014,52,1.4622,0.2789,39.0803,0
PM-014,53,1.4416,0.2893,39.605,0
PM-014,54,1.4195,0.2953,39.5634,0
PM-014,55,1.4083,0.2969,39.6043,0
PM-014,56,1.4113,0.2838,39.2185,0
PM-014,57,1.428,0.2935,39.4427,0
PM-014,58,1.396,0.256,39.3849,0
PM-014,59,1.4235,0.296,39.7941,0
PM-014,60,1.4116,0.2626,39.3002,0
PM-014,61,1.4624,0.311,39.5827,0
PM-014,62,1.4101,0.285,39.9687,0
PM-014,63,1.423,0.2807,39.8522,0
PM-014,64,1.3798,0.2713,39.2128,0
PM-014,65,1.4388,0.278,38.9224,0
PM-014,66,1.4049,0.2793,39.434,0
PM-014,67,1.4213,0.3009,39.3607,0
PM-014,68,1.4071,0.2871,39.5271,0
PM-014,69,1.4067,0.2608,39.3073,0
PM-014,70,1.4349,0.2852,39.8274,0
PM-014,71,1.4288,0.2784,39.895,0
PM-014,72,1.4014,0.2612,39.5575,0
PM-014,73,1.4031,0.2855,39.1327,0
PM-014,74,1.4189,0.2936,39.6441,0
PM-014,75,1.396,0.2661,39.5735,0
PM-014,76,1.4112,0.278,39.419,0
PM-014,77,1.4154,0.292,39.6005,0
PM-014,78,1.4384,0.2825,39.753,0
PM-014,79,1.4305,0.2995,39.1222,0
PM-014,80,1.4167,0.3148,39.0429,0
PM-014,81,1.4546,0.3126,39.6739,0
PM-014,82,1.3918,0.2831,39.692,0
PM-014,83,1.3923,0.2965,39.4867,0
PM-014,84,1.4074,0.2696,39.892,0
PM-014,85,1.4343,0.2839,39.4647,0
PM-014,86,1.4134,0.2592,39.8408,0
PM-014,87,1.4231,0.3007,39.318,0
PM-014,88,1.4206,0.2912,39.7636,0
PM-014,89,1.4546,0.2811,39.35,0
PM-014,90,1.4139,0.2774,40.2482,0
PM-014,91,1.3851,0.3267,39.6459,0
PM-014,92,1.4171,0.2738,39.4421,0
PM-014,93,1.4075,0.3071,39.6436,0
PM-014,94,1.4522,0.282,39.4967,0
PM-014,95,1.4168,0.2808,39.1456,0
PM-014,96,1.4332,0.2915,39.4401,0
PM-014,97,1.4288,0.2802,39.4588,0
PM-014,98,1.436,0.3013,39.9127,0
PM-014,99,1.3966,0.2719,39.1087,0
PM-014,100,1.4058,0.2813,39.5854,0
PM-014,101,1.4421,0.2805,39.6265,0
PM-014,102,1.4443,0.2795,39.3699,0
PM-014,103,1.4201,0.2612,39.6077,0
PM-014,104,1.3947,0.2982,39.325,0
PM-014,105,1.4086,0.2717,39.6166,0
PM-014,106,1.4295,0.2795,39.9936,0
PM-014,107,1.4195,0.2862,39.4721,0
PM-014,108,1.4052,0.2715,39.3422,0
PM-014,109,1.4314,0.2586,39.0044,0
PM-014,110,1.4066,0.2595,39.0293,0
PM-014,111,1.435,0.2798,39.2005,0
PM-014,112,1.4216,0.2881,39.8037,0
PM-014,113,1.3832,0.2725,39.2752,0
PM-014,114,1.4266,0.3297,39.6302,0
PM-014,115,1.4135,0.2682,39.0527,0
PM-014,116,1.4368,0.2744,39.3481,0
PM-014,117,1.4519,0.2606,39.5354,0
PM-014,118,1.4007,0.3109,39.1727,0
PM-014,119,1.4321,0.2592,39.9203,0
PM-014,120,1.4372,0.278,39.5722,0
PM-014,121,1.4379,0.2887,39.3377,0
PM-014,122,1.4168,0.288,39.4712,0
PM-014,123,1.4275,0.271,39.2598,0
PM-014,124,1.411,0.2934,38.9959,0
PM-014,125,1.4218,0.2981,39.4688,0
PM-014,126,1.4203,0.2818,39.4729,0
PM-014,127,1.4099,0.2839,39.3218,0
PM-014,128,1.4152,0.2816,39.0999,0
PM-014,129,1.3887,0.2876,39.6354,0
PM-014,130,1.4499,0.3028,39.7255,0
PM-014,131,1.4234,0.2882,39.2175,0
PM-014,132,1.4007,0.2892,39.2038,0
PM-014,133,1.417,0.2489,39.5944,0
PM-014,134,1.3981,0.2649,39.671,0
PM-014,135,1.438,0.2851,39.2391,0
PM-014,136,1.4331,0.2748,39.407,0
PM-014,137,1.4457,0.292,39.4404,0
PM-014,138,1.4133,0.287,39.5341,0
PM-014,139,1.3963,0.3045,39.3168,0
PM-014,140,1.4147,0.2986,39.4118,0
PM-014,141,1.4364,0.2857,39.4841,0
PM-014,142,1.4231,0.292,39.6221,0
PM-014,143,1.4398,0.3013,39.2163,0
PM-014,144,1.4479,0.2609,39.2649,0
PM-014,145,1.416,0.2689,39.5382,0
PM-014,146,1.4336,0.2757,39.5933,0
PM-014,147,1.4355,0.2573,39.5065,0
PM-014,148,1.4262,0.2726,39.0958,0
PM-014,149,1.405,0.2836,39.2291,0
PM-014,150,1.4299,0.2928,39.5671,0
PM-014,151,1.4439,0.296,39.5393,0
PM-014,152,1.3943,0.3037,39.8343,0
PM-014,153,1.4122,0.2742,39.6807,0
PM-014,154,1.3824,0.2923,39.9033,0
PM-014,155,1.4111,0.29,39.4846,0
PM-014,156,1.4396,0.288,39.3515,0
PM-014,157,1.3884,0.2878,39.4333,0
PM-014,158,1.3781,0.2713,39.275,0
PM-014,159,1.4068,0.2859,39.4213,0
PM-014,160,1.4175,0.3203,39.3218,0
PM-014,161,1.4014,0.3099,39.8935,0
PM-014,162,1.3971,0.3046,38.9003,0
PM-014,163,1.4762,0.3131,39.6139,0
PM-014,164,1.4359,0.293,39.2566,0
PM-014,165,1.4427,0.3067,39.2361,0
PM-014,166,1.4181,0.2679,39.44,0
PM-014,167,1.4134,0.3052,39.9345,0
PM-014,168,1.3975,0.2979,39.7182,0
PM-014,169,1.3838,0.3008,39.0108,0
PM-014,170,1.4085,0.2728,38.9829,0
PM-014,171,1.4408,0.2722,39.3354,0
PM-014,172,1.4186,0.2975,39.1637,0
PM-014,173,1.4285,0.2829,39.1519,0
PM-014,174,1.4392,0.3175,39.5155,0
PM-014,175,1.4066,0.2753,39.6962,0
PM-014,176,1.419,0.2704,38.9463,0
PM-014,177,1.4264,0.2674,39.3335,0
PM-014,178,1.4513,0.2739,39.7704,0
PM-014,179,1.3983,0.2995,39.6268,0
PM-014,180,1.4285,0.2772,39.6453,0
PM-014,181,1.4263,0.3147,39.2695,0
PM-014,182,1.4445,0.2729,39.3826,0
PM-014,183,1.406,0.2789,39.4071,0
PM-014,184,1.4476,0.2932,39.8245,0
PM-014,185,1.4191,0.3056,39.5224,0
PM-014,186,1.403,0.3022,39.8994,0
PM-014,187,1.4315,0.2988,39.838,0
PM-014,188,1.4134,0.2756,39.5631,0
PM-014,189,1.4533,0.2909,39.6432,0
PM-014,190,1.4203,0.2908,39.2959,0
PM-014,191,1.4297,0.2995,39.0035,0
PM-014,192,1.3887,0.2601,39.8969,0
PM-014,193,1.4003,0.2916,39.9898,0
PM-014,194,1.4254,0.2941,39.2013,0
PM-014,195,1.4254,0.2714,38.8833,0
PM-014,196,1.4198,0.2912,39.2958,0
PM-014,197,1.4038,0.2832,39.2363,0
PM-014,198,1.4336,0.2931,39.9427,0
PM-014,199,1.4117,0.2874,39.5064,0
PM-014,200,1.4113,0.2566,39.5874,0
PM-014,201,1.4655,0.3014,40.0417,0
PM-014,202,1.4367,0.2841,39.6348,0
PM-014,203,1.4402,0.2624,39.5877,0
PM-014,204,1.4168,0.3085,39.566,0
PM-014,205,1.3696,0.293,38.8357,0
PM-014,206,1.4443,0.2748,39.1151,0
PM-014,207,1.4033,0.273,39.4076,0
PM-014,208,1.4016,0.2819,38.9916,0
PM-014,209,1.4137,0.3077,39.3197,0
PM-014,210,1.4313,0.2675,39.6282,0
PM-014,211,1.4415,0.3077,39.5145,0
PM-014,212,1.4322,0.2672,39.3393,0
PM-014,213,1.4028,0.2913,39.2958,0
PM-014,214,1.4325,0.3234,39.6407,0
PM-014,215,1.447,0.2686,39.4288,0
PM-014,216,1.4231,0.2873,40.0073,0
PM-014,217,1.4039,0.2912,38.7257,0
PM-014,218,1.4273,0.294,39.4386,0
PM-014,219,1.4267,0.2779,39.0878,0
PM-014,220,1.399,0.2736,39.0666,0
PM-014,221,1.3921,0.2739,39.3474,0
PM-014,222,1.4214,0.268,39.1741,0
PM-014,223,1.4065,0.2929,39.0957,0
PM-014,224,1.4084,0.3009,39.2159,0
PM-014,225,1.3938,0.2851,39.2049,0
PM-014,226,1.3635,0.2893,39.7153,0
PM-014,227,1.4183,0.302,39.6475,0
PM-014,228,1.4017,0.3171,39.5506,0
PM-014,229,1.4273,0.2715,38.9905,0
PM-014,230,1.3971,0.3002,39.9674,0
PM-014,231,1.4245,0.2878,39.7444,0
PM-014,232,1.4464,0.2646,39.9427,0
PM-014,233,1.4112,0.3026,39.134,0
PM-014,234,1.4394,0.2649,39.7907,0
PM-014,235,1.4353,0.2628,39.8369,0
PM-014,236,1.4066,0.3035,39.4976,0
PM-014,237,1.4048,0.2712,40.6251,0
PM-014,238,1.4796,0.2832,39.5817,0
PM-014,239,1.4611,0.267,39.6613,0
PM-014,240,1.4605,0.2918,39.8716,0
PM-014,241,1.4474,0.3029,39.5252,0
PM-014,242,1.4174,0.3004,39.8449,0
PM-014,243,1.4487,0.2663,39.7147,0
PM-014,244,1.4617,0.2908,39.511,0
PM-014,245,1.4792,0.2907,39.3118,0
PM-014,246,1.4304,0.2794,39.7271,0
PM-014,247,1.4596,0.3,39.03,0
PM-014,248,1.4498,0.2703,39.4949,0
PM-014,249,1.5095,0.32,39.7715,0
PM-014,250,1.4381,0.2751,38.5426,0
PM-014,251,1.4843,0.3107,39.6989,0
PM-014,252,1.4493,0.3072,39.8156,0
PM-014,253,1.5191,0.303,39.2964,0
PM-014,254,1.4548,0.3039,39.6873,0
PM-014,255,1.4562,0.2719,39.1734,0
PM-014,256,1.5138,0.2861,39.3752,0
PM-014,257,1.4945,0.2695,39.7439,0
PM-014,258,1.492,0.3038,39.0364,0
PM-014,259,1.5004,0.3158,39.5247,0
PM-014,260,1.5041,0.2769,39.1935,0
PM-014,261,1.5266,0.2998,39.5297,0
PM-014,262,1.52,0.2954,39.0329,0
PM-014,263,1.5324,0.2929,39.5345,0
PM-014,264,1.5174,0.2747,39.064,0
PM-014,265,1.5616,0.2855,39.3271,0
PM-014,266,1.5254,0.272,39.2936,0
PM-014,267,1.5637,0.2951,39.7028,0
PM-014,268,1.5623,0.3194,39.4626,0
PM-014,269,1.5383,0.2929,39.6489,0
PM-014,270,1.5498,0.273,39.5101,0
PM-014,271,1.565,0.2918,38.903,0
PM-014,272,1.526,0.2998,39.3426,0
PM-014,273,1.6059,0.3116,39.0738,0
PM-014,274,1.5856,0.3179,39.3207,0
PM-014,275,1.567,0.2881,39.1175,0
PM-014,276,1.604,0.26,39.2519,0
PM-014,277,1.5676,0.3036,39.0824,0
PM-014,278,1.6068,0.2761,38.9079,0
PM-014,279,1.5846,0.2868,39.5166,0
PM-014,280,1.5723,0.3207,39.1759,0
PM-014,281,1.6196,0.3204,39.2268,0
PM-014,282,1.6069,0.3156,39.6899,0
PM-014,283,1.61,0.3213,39.4737,0
PM-014,284,1.6198,0.3359,39.4952,0
PM-014,285,1.6175,0.3348,39.9364,0
PM-014,286,1.6377,0.3386,39.33,0
PM-014,287,1.5864,0.334,39.6198,0
PM-014,288,1.6084,0.3081,39.951,0
PM-014,289,1.6285,0.3124,39.4162,0
PM-014,290,1.5968,0.3432,40.0093,0
PM-014,291,1.6236,0.334,39.3714,0
PM-014,292,1.6265,0.3262,39.8689,0
PM-014,293,1.6385,0.3412,39.3865,0
PM-014,294,1.6128,0.3568,39.8812,0
PM-014,295,1.6047,0.3558,39.713,0
PM-014,296,1.6713,0.3657,40.245,0
PM-014,297,1.6573,0.3649,39.458,0
PM-014,298,1.6369,0.3631,39.7524,0
PM-014,299,1.6634,0.33,39.0196,0
PM-014,300,1.6756,0.3519,39.5611,0
PM-014,301,1.6735,0.3581,39.3775,0
PM-014,302,1.6649,0.3711,39.5983,0
PM-014,303,1.6552,0.3644,39.1361,0
PM-014,304,1.6852,0.3601,39.6702,0
PM-014,305,1.6737,0.3867,39.8542,0
PM-014,306,1.6911,0.3665,39.1731,0
PM-014,307,1.7051,0.3734,39.4687,0
PM-014,308,1.6817,0.3561,39.7766,0
PM-014,309,1.6915,0.3514,39.4129,0
PM-014,310,1.6697,0.3906,39.5902,0
PM-014,311,1.7306,0.362,39.8854,0
PM-014,312,1.7145,0.3661,40.0024,0
PM-014,313,1.7053,0.3712,39.7662,0
PM-014,314,1.6897,0.4088,39.3967,0
PM-014,315,1.7081,0.3744,39.1412,0
PM-014,316,1.722,0.3718,39.661,0
PM-014,317,1.7119,0.3929,39.6292,0
PM-014,318,1.722,0.4197,38.8392,0
PM-014,319,1.7458,0.404,39.2569,0
PM-014,320,1.7524,0.4149,39.5228,0
PM-014,321,1.732,0.398,39.1855,0
PM-014,322,1.768,0.4234,39.7407,0
PM-014,323,1.7358,0.4439,39.4228,0
PM-014,324,1.7405,0.4431,39.6764,0
PM-014,325,1.7865,0.424,39.5986,0
PM-014,326,1.7514,0.41,40.022,0
PM-014,327,1.7835,0.4302,39.9601,0
PM-014,328,1.7419,0.442,40.188,0
PM-014,329,1.7719,0.4236,40.0101,0
PM-014,330,1.7518,0.4084,39.968,0
PM-014,331,1.7564,0.4253,39.9725,0
PM-014,332,1.7757,0.4332,39.2639,0
PM-014,333,1.7879,0.4398,40.5292,0
PM-014,334,1.7803,0.4565,40.2559,0
PM-014,335,1.7951,0.4289,40.7036,0
PM-014,336,1.8179,0.4734,40.2611,0
PM-014,337,1.8062,0.426,39.9186,0
PM-014,338,1.8105,0.4483,40.1602,0
PM-014,339,1.8065,0.4665,40.6256,0
PM-014,340,1.8311,0.445,40.9925,0
PM-014,341,1.8026,0.4758,40.3473,0
PM-014,342,1.8185,0.4632,40.9328,0
PM-014,343,1.8105,0.4687,40.7911,0
PM-014,344,1.8107,0.4859,40.935,0
PM-014,345,1.7946,0.457,41.408,0
PM-014,346,1.8104,0.4776,40.8252,0
PM-014,347,1.8034,0.4792,40.9959,0
PM-014,348,1.8676,0.4913,41.5351,0
PM-014,349,1.8608,0.4872,40.8067,0
PM-014,350,1.8385,0.4894,41.1903,0
PM-014,351,1.8462,0.4926,41.6552,0
PM-014,352,1.832,0.4942,41.5689,0
PM-014,353,1.8344,0.4805,41.5053,0
PM-014,354,1.8856,0.4828,41.6466,0
PM-014,355,1.8848,0.5193,41.6504,0
PM-014,356,1.8227,0.5078,41.7066,0
PM-014,357,1.8519,0.507,42.2639,0
PM-014,358,1.8766,0.4745,42.1985,1
PM-014,359,1.8765,0.5119,41.8448,1
PM-014,360,1.8889,0.5137,42.1293,1
PM-014,361,1.8863,0.4947,42.0063,1
PM-014,362,1.9028,0.4973,41.6772,1
PM-014,363,1.9174,0.5364,42.0816,1
PM-014,364,1.9064,0.5191,41.4771,1
PM-014,365,1.9022,0.5379,41.8398,1
PM-014,366,1.8764,0.5074,42.1108,1
PM-014,367,1.9187,0.5406,42.7032,1
PM-014,368,1.9221,0.4993,41.8965,1
PM-014,369,1.9274,0.5018,42.6026,1
PM-014,370,1.9219,0.5211,41.733,1
PM-014,371,1.924,0.5382,42.3911,1
PM-014,372,1.9018,0.5373,42.1832,1
PM-014,373,1.9396,0.5512,42.0918,1
PM-014,374,1.9204,0.5371,42.735,1
PM-014,375,1.917,0.5202,42.6638,1
PM-014,376,1.9512,0.5513,43.0376,1
PM-014,377,1.967,0.5294,42.8104,1
PM-014,378,1.9419,0.5043,43.052,1
PM-014,379,1.9487,0.533,43.3071,1
PM-014,380,1.9691,0.5585,42.5941,1
PM-014,381,1.9371,0.5595,43.0066,1
PM-014,382,1.9556,0.5408,43.2862,1
PM-014,383,1.994,0.5646,43.581,1
PM-014,384,1.9851,0.5568,43.2949,1
PM-014,385,2.0006,0.5756,43.6999,1
PM-014,386,1.9782,0.5612,43.3915,1
PM-014,387,2.0061,0.5695,43.9078,1
PM-014,388,2.0103,0.5858,43.8356,1
PM-014,389,2.0198,0.5617,43.5318,1
PM-014,390,1.9643,0.5544,43.7032,1
PM-014,391,1.9985,0.5869,43.5683,1
PM-014,392,1.9886,0.5944,43.4003,1
PM-014,393,2.0007,0.6038,43.8197,1
PM-014,394,1.9957,0.6052,43.5363,1
PM-014,395,1.9917,0.5776,44.2296,1
PM-014,396,1.9794,0.61,44.0743,1
PM-014,397,2.036,0.6125,43.9076,1
PM-014,398,2.0191,0.5929,44.1846,1
PM-014,399,2.011,0.6155,44.2094,1
PM-014,400,2.0194,0.6181,44.5771,1
PM-014,401,2.0355,0.5978,44.8266,1
PM-014,402,2.0123,0.6222,44.6361,1
PM-014,403,2.0117,0.6097,44.1129,1
PM-014,404,2.0338,0.6152,44.2658,1
PM-014,405,1.9974,0.6115,44.6955,1
PM-014,406,2.0405,0.6156,44.6382,1
PM-014,407,2.0313,0.6475,44.8482,1
PM-014,408,2.0468,0.6084,44.6948,1
PM-014,409,2.0517,0.6238,45.2189,1
PM-014,410,2.0466,0.6283,45.1759,1
PM-014,411,2.0529,0.6179,44.5442,1
PM-014,412,2.1036,0.6381,44.8868,1
PM-014,413,2.0614,0.6175,45.166,1
PM-014,414,2.0705,0.6216,44.9484,1
PM-014,415,2.0955,0.6321,44.8724,1
PM-014,416,2.0859,0.63,45.4957,1
PM-014,417,2.1184,0.6136,45.1507,1
PM-014,418,2.0947,0.644,45.7993,1
PM-014,419,2.0952,0.6506,45.614,1
PM-014,420,2.0856,0.6577,45.6674,1
PM-014,421,2.105,0.6237,45.3784,1
PM-014,422,2.1103,0.6535,45.8924,1
PM-014,423,2.1254,0.6625,45.9558,1
PM-014,424,2.1239,0.6519,45.7879,1
PM-014,425,2.0956,0.6846,45.4743,1
PM-014,426,2.0795,0.6965,45.8837,1
PM-014,427,2.1428,0.6781,46.2862,1
PM-014,428,2.1403,0.6785,45.3315,1
PM-014,429,2.1129,0.6326,45.8485,1
PM-014,430,2.1252,0.6727,45.8712,1
PM-014,431,2.1325,0.6691,46.3201,1
PM-014,432,2.1583,0.6825,46.4665,1
PM-014,433,2.1506,0.6995,46.8977,1
PM-014,434,2.1016,0.7012,46.0125,1
PM-014,435,2.1579,0.6905,46.6429,1
PM-014,436,2.1568,0.689,46.6244,1
PM-014,437,2.1545,0.663,46.5818,1
PM-014,438,2.1501,0.6814,46.3638,1
PM-014,439,2.1293,0.6904,46.7045,1
PM-014,440,2.1878,0.6899,47.2385,1
PM-014,441,2.1878,0.6844,46.6797,1
PM-014,442,2.2202,0.7151,46.7291,1
PM-014,443,2.2013,0.6872,46.7824,1
PM-014,444,2.1405,0.7176,46.6595,1
PM-014,445,2.1891,0.6878,47.1303,1
PM-014,446,2.1929,0.6913,46.9879,1
PM-014,447,2.2007,0.7226,47.6671,1
PM-014,448,2.2261,0.7079,47.0409,1
PM-014,449,2.1767,0.7056,47.5721,1
PM-014,450,2.1772,0.7209,47.2845,1
PM-014,451,2.1975,0.7061,46.8677,1
PM-014,452,2.1905,0.7268,47.6763,1
PM-014,453,2.2522,0.7355,47.7358,1
PM-014,454,2.2558,0.738,47.9138,1
PM-014,455,2.2197,0.7462,47.7429,1
PM-014,456,2.2261,0.761,47.3799,1
PM-014,457,2.2174,0.7579,48.0932,1
PM-014,458,2.2385,0.7478,48.018,1
PM-014,459,2.2492,0.7488,47.6716,1
PM-014,460,2.2704,0.7445,47.6876,1
PM-014,461,2.2519,0.7552,48.1643,1
PM-014,462,2.2724,0.7468,48.0872,1
PM-014,463,2.2397,0.7584,47.9101,1
PM-014,464,2.2484,0.7721,48.2696,1
PM-014,465,2.2924,0.7774,48.3544,1
PM-014,466,2.2746,0.7586,48.6638,1
PM-014,467,2.2785,0.7783,48.2175,1
PM-014,468,2.2476,0.7746,48.6834,1
PM-014,469,2.28,0.7782,48.2779,1
PM-014,470,2.301,0.7895,48.9007,1
PM-014,471,2.2883,0.7922,48.3126,1
PM-014,472,2.301,0.7876,48.8668,1
PM-014,473,2.2744,0.7827,48.7006,1
PM-014,474,2.2577,0.7641,49.1868,1
PM-014,475,2.2925,0.8,49.2425,1
PM-014,476,2.3151,0.7774,49.2436,1
PM-014,477,2.3121,0.7897,48.7479,1
PM-014,478,2.3014,0.778,49.3701,1
PM-014,479,2.3458,0.8078,49.203,1
PM-015,0,1.4034,0.3631,37.8898,0
PM-015,1,1.3831,0.363,38.2667,0
PM-015,2,1.4053,0.3379,37.7215,0
PM-015,3,1.4174,0.3531,37.6966,0
PM-015,4,1.3825,0.3452,37.8874,0
PM-015,5,1.3788,0.3624,38.0776,0
PM-015,6,1.4297,0.3632,37.96,0
PM-015,7,1.413,0.3492,38.6446,0
PM-015,8,1.3784,0.3507,37.7389,0
PM-015,9,1.377,0.3388,38.2899,0
PM-015,10,1.3888,0.3071,37.9472,0
PM-015,11,1.3652,0.3373,38.2643,0
PM-015,12,1.3578,0.3255,37.4209,0
PM-015,13,1.3769,0.3186,37.4374,0
PM-015,14,1.3801,0.3486,37.6457,0
PM-015,15,1.3919,0.3456,38.0811,0
PM-015,16,1.3638,0.3737,37.5773,0
PM-015,17,1.3721,0.3517,37.9544,0
PM-015,18,1.4016,0.3393,37.551,0
PM-015,19,1.3542,0.3706,37.8282,0
PM-015,20,1.3813,0.371,37.7714,0
PM-015,21,1.3851,0.3284,37.5254,0
PM-015,22,1.4225,0.3725,38.2254,0
PM-015,23,1.4044,0.3553,37.6973,0
PM-015,24,1.3905,0.3364,37.1421,0
PM-015,25,1.407,0.3523,37.5239,0
PM-015,26,1.3775,0.3597,37.9587,0
PM-015,27,1.3507,0.3257,38.4763,0
PM-015,28,1.386,0.3598,38.4706,0
PM-015,29,1.3755,0.3492,37.3291,0
PM-015,30,1.3725,0.3526,37.8614,0
PM-015,31,1.3937,0.3579,38.0872,0
PM-015,32,1.3913,0.3468,37.7486,0
PM-015,33,1.3662,0.3643,38.1568,0
PM-015,34,1.3689,0.3449,37.5015,0
PM-015,35,1.3751,0.352,37.9971,0
PM-015,36,1.387,0.3307,37.5931,0
PM-015,37,1.4037,0.3693,38.0841,0
PM-015,38,1.3812,0.3623,37.6664,0
PM-015,39,1.4057,0.335,37.7548,0
PM-015,40,1.378,0.3424,38.1936,0
PM-015,41,1.3586,0.3349,37.982,0
PM-015,42,1.3958,0.3184,37.682,0
PM-015,43,1.3497,0.3334,37.7879,0
PM-015,44,1.3947,0.3096,38.1151,0
PM-015,45,1.3745,0.3388,38.2105,0
PM-015,46,1.4116,0.3341,37.7205,0
PM-015,47,1.3776,0.3339,37.4885,0
PM-015,48,1.384,0.334,37.9484,0
PM-015,49,1.4188,0.3424,37.6924,0
PM-015,50,1.3792,0.3459,37.8694,0
PM-015,51,1.3734,0.3191,38.1092,0
PM-015,52,1.3668,0.3659,37.8084,0
PM-015,53,1.3743,0.3369,37.9641,0
PM-015,54,1.3673,0.3338,38.1058,0
PM-015,55,1.3643,0.3522,38.1673,0
PM-015,56,1.398,0.3474,37.3778,0
PM-015,57,1.3604,0.3236,37.8056,0
PM-015,58,1.3853,0.3261,37.8673,0
PM-015,59,1.3983,0.329,37.6735,0
PM-015,60,1.4083,0.33,38.0218,0
PM-015,61,1.4094,0.3262,37.5871,0
PM-015,62,1.38,0.345,37.7266,0
PM-015,63,1.4241,0.352,37.6778,0
PM-015,64,1.3573,0.343,38.0507,0
PM-015,65,1.4215,0.3451,37.8462,0
PM-015,66,1.3651,0.3495,38.2241,0
PM-015,67,1.3489,0.3451,37.613,0
PM-015,68,1.3575,0.3693,38.1853,0
PM-015,69,1.3725,0.3415,37.8239,0
PM-015,70,1.3621,0.3358,38.1543,0
PM-015,71,1.3733,0.3509,37.7517,0
PM-015,72,1.361,0.3619,37.28,0
PM-015,73,1.4204,0.3589,37.9739,0
PM-015,74,1.3757,0.3384,37.9798,0
PM-015,75,1.3884,0.3295,37.9394,0
PM-015,76,1.3898,0.3394,38.5908,0
PM-015,77,1.382,0.3175,37.616,0
PM-015,78,1.3987,0.3331,37.6209,0
PM-015,79,1.4126,0.3465,37.7387,0
PM-015,80,1.3293,0.3532,37.9237,0
PM-015,81,1.4107,0.3275,37.8071,0
PM-015,82,1.3906,0.3628,37.9966,0
PM-015,83,1.3705,0.3634,37.8254,0
PM-015,84,1.3883,0.3552,38.388,0
PM-015,85,1.392,0.3827,37.8922,0
PM-015,86,1.3905,0.3347,38.0159,0
PM-015,87,1.3906,0.3596,38.0524,0
PM-015,88,1.3741,0.3478,37.7174,0
PM-015,89,1.3956,0.3355,37.4997,0
PM-015,90,1.3621,0.3263,37.7607,0
PM-015,91,1.3677,0.3436,37.8015,0
PM-015,92,1.395,0.3497,37.8219,0
PM-015,93,1.4095,0.33,38.221,0
PM-015,94,1.3878,0.338,38.2579,0
PM-015,95,1.3958,0.3278,38.0283,0
PM-015,96,1.3919,0.359,38.0947,0
PM-015,97,1.3978,0.3373,37.8562,0
PM-015,98,1.3796,0.32,38.3051,0
PM-015,99,1.3623,0.348,37.8197,0
PM-015,100,1.3799,0.3541,37.685,0
PM-015,101,1.3938,0.3509,37.6864,0
PM-015,102,1.4029,0.3644,38.5265,0
PM-015,103,1.3794,0.3468,37.9947,0
PM-015,104,1.398,0.3702,38.0651,0
PM-015,105,1.3949,0.3275,38.5337,0
PM-015,106,1.3752,0.304,37.2364,0
PM-015,107,1.3912,0.3248,37.9352,0
PM-015,108,1.3548,0.3485,38.0884,0
PM-015,109,1.3882,0.3335,38.1826,0
PM-015,110,1.3767,0.3411,37.7662,0
PM-015,111,1.3793,0.372,37.9176,0
PM-015,112,1.3593,0.3295,37.8362,0
PM-015,113,1.3688,0.3582,37.494,0
PM-015,114,1.3823,0.3591,37.73,0
PM-015,115,1.3934,0.3433,37.9096,0
PM-015,116,1.3949,0.3161,38.2801,0
PM-015,117,1.3467,0.361,38.0493,0
PM-015,118,1.3941,0.3682,38.2741,0
PM-015,119,1.4009,0.3395,37.8109,0
PM-015,120,1.4015,0.3507,38.0094,0
PM-015,121,1.3835,0.3378,37.5021,0
PM-015,122,1.3975,0.3412,37.8451,0
PM-015,123,1.3484,0.3453,37.5101,0
PM-015,124,1.376,0.3558,37.9381,0
PM-015,125,1.3826,0.333,37.7548,0
PM-015,126,1.4164,0.3556,37.7804,0
PM-015,127,1.3825,0.3476,38.0505,0
PM-015,128,1.3842,0.3174,37.9096,0
PM-015,129,1.3828,0.3748,38.7266,0
PM-015,130,1.3975,0.3338,38.1228,0
PM-015,131,1.3507,0.3359,37.4312,0
PM-015,132,1.3957,0.3258,37.833,0
PM-015,133,1.3838,0.3435,37.7772,0
PM-015,134,1.3914,0.3251,38.4409,0
PM-015,135,1.364,0.3445,38.1066,0
PM-015,136,1.3983,0.3556,37.4412,0
PM-015,137,1.3663,0.346,38.0634,0
PM-015,138,1.4098,0.3362,37.6476,0
PM-015,139,1.3737,0.3778,38.3692,0
PM-015,140,1.3813,0.3632,37.7473,0
PM-015,141,1.4037,0.3233,38.026,0
PM-015,142,1.405,0.339,38.1031,0
PM-015,143,1.3734,0.3485,37.7746,0
PM-015,144,1.401,0.325,37.6145,0
PM-015,145,1.4108,0.307,37.7268,0
PM-015,146,1.3818,0.3492,37.7757,0
PM-015,147,1.3621,0.3623,38.2351,0
PM-015,148,1.3771,0.3171,38.0109,0
PM-015,149,1.3883,0.3339,37.3326,0
PM-015,150,1.3792,0.3554,38.1942,0
PM-015,151,1.3838,0.3346,38.1394,0
PM-015,152,1.3619,0.3236,37.8925,0
PM-015,153,1.4156,0.3677,37.5237,0
PM-015,154,1.3759,0.3804,37.7125,0
PM-015,155,1.4171,0.3586,38.2763,0
PM-015,156,1.3757,0.3377,37.6459,0
PM-015,157,1.4006,0.3194,37.8701,0
PM-015,158,1.4173,0.3529,38.2199,0
PM-015,159,1.3518,0.329,38.2743,0
PM-015,160,1.3872,0.3283,38.107,0
PM-015,161,1.374,0.382,38.0988,0
PM-015,162,1.3662,0.3572,38.4035,0
PM-015,163,1.3845,0.3324,37.9324,0
PM-015,164,1.3724,0.3401,37.5024,0
PM-015,165,1.4022,0.3267,38.1015,0
PM-015,166,1.3786,0.3473,37.7767,0
PM-015,167,1.3886,0.3504,37.8138,0
PM-015,168,1.3501,0.349,38.0363,0
PM-015,169,1.356,0.3292,37.8147,0
PM-015,170,1.3388,0.3546,37.7724,0
PM-015,171,1.3904,0.328,38.5243,0
PM-015,172,1.3562,0.3365,38.2788,0
PM-015,173,1.3617,0.3453,38.1071,0
PM-015,174,1.3545,0.3339,37.9761,0
PM-015,175,1.3937,0.3316,38.4712,0
PM-015,176,1.3943,0.3556,38.1345,0
PM-015,177,1.3534,0.3422,37.9142,0
PM-015,178,1.3796,0.347,37.2869,0
PM-015,179,1.3872,0.3394,37.2843,0
PM-015,180,1.3931,0.3262,37.8049,0
PM-015,181,1.3796,0.3162,37.3988,0
PM-015,182,1.3956,0.3349,37.8012,0
PM-015,183,1.3861,0.3176,37.7968,0
PM-015,184,1.3824,0.3704,37.643,0
PM-015,185,1.4004,0.3439,37.5784,0
PM-015,186,1.372,0.3569,38.1522,0
PM-015,187,1.3743,0.3491,37.608,0
PM-015,188,1.3811,0.3375,38.1986,0
PM-015,189,1.3939,0.3338,37.7461,0
PM-015,190,1.3841,0.3415,37.8352,0
PM-015,191,1.3776,0.3646,37.7835,0
PM-015,192,1.3907,0.3803,37.6651,0
PM-015,193,1.3885,0.3476,37.9157,0
PM-015,194,1.3855,0.3308,38.0267,0
PM-015,195,1.3479,0.3709,38.433,0
PM-015,196,1.3781,0.3597,37.8311,0
PM-015,197,1.3849,0.3337,38.165,0
PM-015,198,1.373,0.3557,37.9065,0
PM-015,199,1.3843,0.3216,37.937,0
PM-015,200,1.3617,0.3449,38.501,0
PM-015,201,1.3569,0.3417,37.7284,0
PM-015,202,1.3639,0.3321,38.3603,0
PM-015,203,1.4194,0.3282,38.0393,0
PM-015,204,1.3663,0.3338,37.3043,0
PM-015,205,1.4273,0.3604,37.7236,0
PM-015,206,1.3904,0.3379,38.2029,0
PM-015,207,1.3778,0.341,37.7205,0
PM-015,208,1.3967,0.3771,37.8338,0
PM-015,209,1.3787,0.3436,37.9971,0
PM-015,210,1.3787,0.3381,37.9438,0
PM-015,211,1.3496,0.3357,37.3188,0
PM-015,212,1.3748,0.3297,38.1072,0
PM-015,213,1.37,0.3385,37.2747,0
PM-015,214,1.4051,0.3276,37.7743,0
PM-015,215,1.4002,0.3557,37.5858,0
PM-015,216,1.3952,0.3267,37.9888,0
PM-015,217,1.369,0.3287,37.9296,0
PM-015,218,1.3702,0.3742,37.7337,0
PM-015,219,1.3608,0.3305,37.9139,0
PM-015,220,1.3869,0.3486,38.1925,0
PM-015,221,1.3512,0.3583,37.6449,0
PM-015,222,1.3927,0.3698,37.6796,0
PM-015,223,1.3679,0.3286,37.8177,0
PM-015,224,1.41,0.3272,37.7709,0
PM-015,225,1.4042,0.3533,37.7692,0
PM-015,226,1.3804,0.3577,38.3936,0
PM-015,227,1.4187,0.3646,37.7181,0
PM-015,228,1.421,0.3329,37.4237,0
PM-015,229,1.3869,0.3661,38.1182,0
PM-015,230,1.3832,0.3483,38.0787,0
PM-015,231,1.3876,0.3395,37.6969,0
PM-015,232,1.3869,0.3421,37.9202,0
PM-015,233,1.4056,0.3402,37.8566,0
PM-015,234,1.3885,0.3833,37.5915,0
PM-015,235,1.4065,0.3395,37.9008,0
PM-015,236,1.3584,0.3721,37.9858,0
PM-015,237,1.3978,0.3215,37.7264,0
PM-015,238,1.3929,0.3415,38.0531,0
PM-015,239,1.4267,0.3515,37.7845,0
PM-015,240,1.3716,0.3325,37.7908,0
PM-015,241,1.3769,0.3457,38.0776,0
PM-015,242,1.3934,0.3459,37.9794,0
PM-015,243,1.4354,0.3331,37.908,0
PM-015,244,1.349,0.3382,37.6494,0
PM-015,245,1.3701,0.3262,37.5134,0
PM-015,246,1.3871,0.3546,37.6876,0
PM-015,247,1.3441,0.3456,38.0599,0
PM-015,248,1.3981,0.3286,37.7373,0
PM-015,249,1.3625,0.3328,37.6821,0
PM-015,250,1.3745,0.3402,37.9535,0
PM-015,251,1.3677,0.3418,37.647,0
PM-015,252,1.3496,0.352,37.7202,0
PM-015,253,1.35,0.3523,37.8438,0
PM-015,254,1.3937,0.3502,37.5908,0
PM-015,255,1.4033,0.3164,37.7999,0
PM-015,256,1.3754,0.3323,38.2869,0
PM-015,257,1.3907,0.3228,37.54,0
PM-015,258,1.4277,0.3368,37.6803,0
PM-015,259,1.4078,0.3173,38.3352,0
PM-015,260,1.3687,0.3517,37.7754,0
PM-015,261,1.3532,0.3466,38.2034,0
PM-015,262,1.3377,0.3266,38.2904,0
PM-015,263,1.3926,0.3509,38.1983,0
PM-015,264,1.394,0.3461,38.2539,0
PM-015,265,1.3769,0.3437,38.1668,0
PM-015,266,1.3694,0.3653,38.0065,0
PM-015,267,1.3617,0.341,37.5033,0
PM-015,268,1.3864,0.3383,37.6597,0
PM-015,269,1.3491,0.3321,37.8649,0
PM-015,270,1.3772,0.3226,37.9255,0
PM-015,271,1.3649,0.3578,38.2398,0
PM-015,272,1.3795,0.3676,37.8768,0
PM-015,273,1.3586,0.3617,38.4033,0
PM-015,274,1.4046,0.3325,37.5485,0
PM-015,275,1.3777,0.3811,37.566,0
PM-015,276,1.4011,0.3425,38.2023,0
PM-015,277,1.3595,0.3402,37.6497,0
PM-015,278,1.3678,0.355,37.5834,0
PM-015,279,1.3905,0.3448,37.6329,0
PM-015,280,1.3699,0.3489,37.9115,0
PM-015,281,1.3854,0.3404,37.8299,0
PM-015,282,1.3842,0.3655,38.0778,0
PM-015,283,1.382,0.3277,37.7934,0
PM-015,284,1.3663,0.332,37.3579,0
PM-015,285,1.3844,0.375,37.9779,0
PM-015,286,1.3992,0.3583,37.8331,0
PM-015,287,1.3803,0.323,37.9781,0
PM-015,288,1.3858,0.3311,38.2636,0
PM-015,289,1.3691,0.3866,38.0401,0
PM-015,290,1.3842,0.373,37.2342,0
PM-015,291,1.3789,0.3374,37.8647,0
PM-015,292,1.3892,0.3408,38.3394,0
PM-015,293,1.3934,0.3512,38.0578,0
PM-015,294,1.3589,0.347,37.99,0
PM-015,295,1.3622,0.3572,37.3078,0
PM-015,296,1.4351,0.3434,37.6624,0
PM-015,297,1.397,0.3533,38.5329,0
PM-015,298,1.4203,0.324,37.8381,0
PM-015,299,1.3665,0.3551,38.3436,0
PM-015,300,1.3583,0.343,37.7295,0
PM-015,301,1.4015,0.3501,38.2718,0
PM-015,302,1.3762,0.3422,38.0373,0
PM-015,303,1.3792,0.3484,38.3001,0
PM-015,304,1.4273,0.3366,38.5633,0
PM-015,305,1.3746,0.357,37.7708,0
PM-015,306,1.3641,0.3623,37.9043,0
PM-015,307,1.4103,0.3552,38.0424,0
PM-015,308,1.3957,0.3603,38.197,0
PM-015,309,1.3766,0.3503,38.3693,0
PM-015,310,1.3856,0.3365,37.7327,0
PM-015,311,1.4016,0.3403,38.0277,0
PM-015,312,1.3789,0.3615,37.9641,0
PM-015,313,1.4132,0.3648,37.8926,0
PM-015,314,1.4113,0.3389,37.9989,0
PM-015,315,1.3691,0.3528,38.0095,0
PM-015,316,1.3949,0.3235,37.3223,0
PM-015,317,1.362,0.3514,38.1211,0
PM-015,318,1.4072,0.3379,37.9817,0
PM-015,319,1.3706,0.3644,37.7063,0
PM-015,320,1.4082,0.3402,38.3916,0
PM-015,321,1.3883,0.3464,37.6928,0
PM-015,322,1.428,0.3588,38.0727,0
PM-015,323,1.3894,0.334,38.1211,0
PM-015,324,1.3833,0.3448,38.1864,0
PM-015,325,1.3903,0.3442,38.3498,0
PM-015,326,1.3683,0.3191,37.6803,0
PM-015,327,1.3877,0.3544,37.6958,0
PM-015,328,1.4584,0.3467,37.9646,0
PM-015,329,1.3589,0.3223,37.3841,0
PM-015,330,1.4121,0.3621,37.9186,0
PM-015,331,1.3604,0.3398,38.3455,0
PM-015,332,1.3746,0.3304,37.8048,0
PM-015,333,1.3788,0.355,37.2569,0
PM-015,334,1.388,0.3335,37.7584,0
PM-015,335,1.3997,0.3244,37.9731,0
PM-015,336,1.3943,0.3526,38.1311,0
PM-015,337,1.3961,0.3547,37.6548,0
PM-015,338,1.412,0.3262,38.0302,0
PM-015,339,1.371,0.3182,37.748,0
PM-015,340,1.3823,0.3647,38.465,0
PM-015,341,1.3821,0.3231,37.5272,0
PM-015,342,1.4001,0.3546,37.7369,0
PM-015,343,1.3612,0.3588,37.5507,0
PM-015,344,1.3758,0.351,37.3188,0
PM-015,345,1.4037,0.3796,37.9532,0
PM-015,346,1.3906,0.3446,37.9865,0
PM-015,347,1.3834,0.3271,37.8131,0
PM-015,348,1.4077,0.329,37.5151,0
PM-015,349,1.4025,0.3239,38.1206,0
PM-015,350,1.3492,0.3264,38.3431,0
PM-015,351,1.4202,0.3467,37.8804,0
PM-015,352,1.4188,0.3604,37.7475,0
PM-015,353,1.4214,0.3538,37.3399,0
PM-015,354,1.4389,0.3362,37.8278,0
PM-015,355,1.4416,0.3496,38.249,0
PM-015,356,1.4672,0.3389,38.1085,0
PM-015,357,1.4796,0.3494,38.2337,0
PM-015,358,1.4244,0.3443,38.0114,0
PM-015,359,1.4484,0.3472,38.1936,0
PM-015,360,1.4802,0.3538,38.2259,0
PM-015,361,1.5182,0.3614,38.3288,0
PM-015,362,1.488,0.3381,37.177,0
PM-015,363,1.4834,0.3622,37.7376,0
PM-015,364,1.5193,0.3475,38.2913,0
PM-015,365,1.4776,0.3492,38.02,0
PM-015,366,1.5075,0.3617,37.4994,0
PM-015,367,1.5526,0.3194,37.6476,0
PM-015,368,1.5352,0.3594,37.3586,0
PM-015,369,1.5655,0.3719,38.4901,0
PM-015,370,1.5654,0.354,37.5977,0
PM-015,371,1.5496,0.4022,37.9334,0
PM-015,372,1.5665,0.3946,37.5697,0
PM-015,373,1.5821,0.3861,38.2063,0
PM-015,374,1.595,0.3819,37.5041,0
PM-015,375,1.5734,0.3999,38.4754,0
PM-015,376,1.5669,0.3724,37.4469,0
PM-015,377,1.5827,0.4104,38.3139,0
PM-015,378,1.5631,0.3825,37.5014,0
PM-015,379,1.594,0.4017,37.7998,0
PM-015,380,1.6283,0.3806,37.7629,0
PM-015,381,1.652,0.435,38.4185,0
PM-015,382,1.6392,0.4086,37.9715,0
PM-015,383,1.6885,0.4149,38.4689,0
PM-015,384,1.5959,0.4359,38.1133,0
PM-015,385,1.6588,0.4383,38.076,0
PM-015,386,1.6694,0.4312,37.8378,0
PM-015,387,1.6374,0.4516,38.3098,0
PM-015,388,1.7062,0.4327,37.4019,0
PM-015,389,1.6855,0.4322,38.0906,0
PM-015,390,1.6406,0.4702,37.9651,0
PM-015,391,1.6529,0.4629,37.9476,0
PM-015,392,1.7084,0.4749,37.1942,0
PM-015,393,1.6952,0.4659,37.9138,0
PM-015,394,1.7043,0.4875,37.5941,0
PM-015,395,1.7122,0.473,38.1918,0
PM-015,396,1.7051,0.5127,38.6293,0
PM-015,397,1.7756,0.4947,38.6755,0
PM-015,398,1.7379,0.5129,38.7276,0
PM-015,399,1.7408,0.5216,38.2782,0
PM-015,400,1.7367,0.5405,38.9814,0
PM-015,401,1.7053,0.5181,38.5844,0
PM-015,402,1.7532,0.5455,39.4991,0
PM-015,403,1.8113,0.5026,39.0262,0
PM-015,404,1.7824,0.5292,39.122,0
PM-015,405,1.8222,0.528,39.783,0
PM-015,406,1.7757,0.5188,39.5206,0
PM-015,407,1.7888,0.5452,39.8783,0
PM-015,408,1.7999,0.5438,40.2816,0
PM-015,409,1.8322,0.5482,40.1688,0
PM-015,410,1.8516,0.5656,39.8697,0
PM-015,411,1.8427,0.5428,39.9861,0
PM-015,412,1.8409,0.53,40.2241,0
PM-015,413,1.8242,0.5384,40.4631,1
PM-015,414,1.8394,0.5639,40.2648,1
PM-015,415,1.839,0.5668,40.0382,1
PM-015,416,1.8561,0.5992,40.1981,1
PM-015,417,1.8932,0.6052,40.4334,1
PM-015,418,1.8779,0.5589,40.3454,1
PM-015,419,1.8813,0.589,40.7212,1
PM-015,420,1.862,0.5755,41.2697,1
PM-015,421,1.9093,0.6014,40.9978,1
PM-015,422,1.8765,0.6159,41.717,1
PM-015,423,1.8942,0.5982,40.8956,1
PM-015,424,1.922,0.6362,41.7299,1
PM-015,425,1.9622,0.6036,41.1657,1
PM-015,426,1.9547,0.6165,41.4012,1
PM-015,427,1.9688,0.6093,41.4442,1
PM-015,428,1.95,0.6033,42.198,1
PM-015,429,1.9216,0.631,42.0974,1
PM-015,430,1.9566,0.6124,42.0552,1
PM-015,431,1.9855,0.6331,41.8794,1
PM-015,432,1.9558,0.6217,41.6812,1
PM-015,433,1.9678,0.6465,42.6565,1
PM-015,434,1.9873,0.6587,42.5456,1
PM-015,435,2.0272,0.6413,42.5739,1
PM-015,436,2.0245,0.6525,42.7471,1
PM-015,437,2.0061,0.6803,42.9339,1
PM-015,438,1.987,0.6611,43.1644,1
PM-015,439,2.0054,0.6647,42.8339,1
PM-015,440,2.0419,0.6743,43.1901,1
PM-015,441,2.0383,0.6602,43.3483,1
PM-015,442,2.0614,0.6841,43.5127,1
PM-015,443,2.0419,0.7054,43.6183,1
PM-015,444,2.094,0.6974,43.5383,1
PM-015,445,2.0816,0.6952,43.6003,1
PM-015,446,2.0342,0.71,43.7541,1
PM-015,447,2.0491,0.6988,43.8934,1
PM-015,448,2.088,0.719,44.0702,1
PM-015,449,2.0892,0.7146,44.2866,1
PM-015,450,2.0713,0.7107,44.3811,1
PM-015,451,2.0944,0.7402,44.5966,1
PM-015,452,2.0882,0.7103,44.8227,1
PM-015,453,2.1113,0.7485,44.8067,1
PM-015,454,2.1474,0.7351,44.7926,1
PM-015,455,2.1338,0.7558,44.9894,1
PM-015,456,2.0928,0.7208,44.8866,1
PM-015,457,2.1318,0.7237,45.1046,1
PM-015,458,2.151,0.7553,45.3132,1
PM-015,459,2.1564,0.7366,45.5315,1
PM-015,460,2.1367,0.7615,45.2485,1
PM-015,461,2.1795,0.7519,45.9724,1
PM-015,462,2.2125,0.7507,45.4933,1
PM-015,463,2.1836,0.7635,45.6986,1
PM-015,464,2.1815,0.7721,45.9159,1
PM-015,465,2.2036,0.7861,45.6908,1
PM-015,466,2.2146,0.8126,46.2241,1
PM-015,467,2.1784,0.783,45.5141,1
PM-015,468,2.1928,0.8166,46.1306,1
PM-015,469,2.1922,0.8204,46.7922,1
PM-015,470,2.2073,0.8171,46.2976,1
PM-015,471,2.2178,0.7866,46.7771,1
PM-015,472,2.2293,0.8083,46.7526,1
PM-015,473,2.2337,0.8104,47.0109,1
PM-015,474,2.2387,0.8253,46.5642,1
PM-015,475,2.2488,0.829,46.8658,1
PM-015,476,2.2686,0.8045,47.08,1
PM-015,477,2.2709,0.8721,46.926,1
PM-015,478,2.2731,0.8533,47.4659,1
PM-015,479,2.2533,0.8422,46.8255,1
PM-016,0,1.3703,0.3202,38.2467,0
PM-016,1,1.3469,0.2922,38.7289,0
PM-016,2,1.3223,0.3111,38.5383,0
PM-016,3,1.3304,0.2995,39.0116,0
PM-016,4,1.3384,0.3044,38.6052,0
PM-016,5,1.3422,0.3184,38.828,0
PM-016,6,1.3131,0.3083,39.0619,0
PM-016,7,1.3356,0.3129,37.7487,0
PM-016,8,1.3209,0.336,38.8073,0
PM-016,9,1.3446,0.3277,38.2451,0
PM-016,10,1.3657,0.2872,38.6067,0
PM-016,11,1.3078,0.2943,38.9754,0
PM-016,12,1.3301,0.3075,38.4323,0
PM-016,13,1.3489,0.3113,38.3749,0
PM-016,14,1.323,0.2941,38.4511,0
PM-016,15,1.2998,0.3051,38.6928,0
PM-016,16,1.3043,0.3127,38.4583,0
PM-016,17,1.3468,0.2964,38.6761,0
PM-016,18,1.3426,0.3133,38.5788,0
PM-016,19,1.3553,0.3215,38.5537,0
PM-016,20,1.335,0.3085,37.9601,0
PM-016,21,1.3228,0.2864,38.7439,0
PM-016,22,1.3433,0.3191,38.9407,0
PM-016,23,1.301,0.2748,38.5899,0
PM-016,24,1.3093,0.2705,38.3569,0
PM-016,25,1.2986,0.2847,38.7917,0
PM-016,26,1.3305,0.3226,38.4078,0
PM-016,27,1.3513,0.2921,38.5135,0
PM-016,28,1.3324,0.3084,38.7956,0
PM-016,29,1.3815,0.3003,38.7426,0
PM-016,30,1.3197,0.3104,38.5858,0
PM-016,31,1.287,0.2871,37.9562,0
PM-016,32,1.3255,0.3047,38.4887,0
PM-016,33,1.3526,0.2649,38.8658,0
PM-016,34,1.3452,0.2811,38.5708,0
PM-016,35,1.3841,0.3221,39.0815,0
PM-016,36,1.336,0.3171,38.9713,0
PM-016,37,1.3194,0.3194,38.8975,0
PM-016,38,1.3268,0.3015,38.9857,0
PM-016,39,1.3391,0.3133,38.4368,0
PM-016,40,1.3184,0.2821,38.4939,0
PM-016,41,1.349,0.2737,39.1562,0
PM-016,42,1.3616,0.3078,38.823,0
PM-016,43,1.3273,0.2779,38.7012,0
PM-016,44,1.3612,0.2927,38.295,0
PM-016,45,1.3294,0.3073,38.7589,0
PM-016,46,1.3765,0.3068,38.3284,0
PM-016,47,1.3343,0.2844,38.9103,0
PM-016,48,1.318,0.2916,38.7227,0
PM-016,49,1.3722,0.3429,38.1762,0
PM-016,50,1.353,0.2997,38.5035,0
PM-016,51,1.3346,0.2816,39.0783,0
PM-016,52,1.2986,0.2979,39.0275,0
PM-016,53,1.3448,0.29,38.3894,0
PM-016,54,1.3579,0.2955,38.5687,0
PM-016,55,1.3527,0.314,38.4108,0
PM-016,56,1.313,0.285,38.9926,0
PM-016,57,1.3416,0.2813,38.2983,0
PM-016,58,1.3636,0.3014,38.0759,0
PM-016,59,1.3182,0.3174,38.4079,0
PM-016,60,1.3822,0.3288,39.0251,0
PM-016,61,1.3502,0.3156,38.5615,0
PM-016,62,1.3397,0.2821,38.5649,0
PM-016,63,1.3149,0.3002,38.215,0
PM-016,64,1.3229,0.2618,38.3435,0
PM-016,65,1.3259,0.2954,38.9355,0
PM-016,66,1.3392,0.314,38.8689,0
PM-016,67,1.3685,0.2865,38.2237,0
PM-016,68,1.3379,0.2844,38.5094,0
PM-016,69,1.3213,0.2818,38.6849,0
PM-016,70,1.3776,0.2963,38.6615,0
PM-016,71,1.3416,0.2996,39.007,0
PM-016,72,1.3347,0.2515,38.3151,0
PM-016,73,1.3424,0.2985,38.5094,0
PM-016,74,1.3301,0.3014,39.1948,0
PM-016,75,1.3337,0.3325,38.7198,0
PM-016,76,1.3269,0.3131,37.8479,0
PM-016,77,1.34,0.3079,38.7376,0
PM-016,78,1.353,0.311,38.6675,0
PM-016,79,1.3547,0.2917,38.9312,0
PM-016,80,1.3311,0.3174,38.5723,0
PM-016,81,1.3446,0.3133,39.0302,0
PM-016,82,1.3411,0.3033,37.8034,0
PM-016,83,1.3229,0.2774,38.4567,0
PM-016,84,1.3269,0.2882,38.2682,0
PM-016,85,1.3508,0.2732,38.251,0
PM-016,86,1.3409,0.3146,38.2992,0
PM-016,87,1.3613,0.2591,38.5789,0
PM-016,88,1.3464,0.2853,38.1853,0
PM-016,89,1.3428,0.2995,38.3348,0
PM-016,90,1.3345,0.2911,38.9535,0
PM-016,91,1.3539,0.303,39.1444,0
PM-016,92,1.361,0.3187,39.0526,0
PM-016,93,1.3371,0.2818,38.0431,0
PM-016,94,1.3551,0.2856,39.5763,0
PM-016,95,1.3234,0.2849,38.8116,0
PM-016,96,1.3562,0.327,38.5034,0
PM-016,97,1.3635,0.2976,38.7421,0
PM-016,98,1.336,0.3288,39.2586,0
PM-016,99,1.3165,0.3192,38.2992,0
PM-016,100,1.3635,0.3247,38.2897,0
PM-016,101,1.3158,0.2927,38.9287,0
PM-016,102,1.3498,0.2964,38.7946,0
PM-016,103,1.3344,0.3021,38.7418,0
PM-016,104,1.3498,0.3254,38.2176,0
PM-016,105,1.3592,0.286,38.4568,0
PM-016,106,1.3371,0.2937,38.1748,0
PM-016,107,1.3313,0.3042,38.538,0
PM-016,108,1.3697,0.2985,38.5827,0
PM-016,109,1.3439,0.2981,38.7216,0
PM-016,110,1.3299,0.2826,38.5568,0
PM-016,111,1.348,0.3025,38.3117,0
PM-016,112,1.3435,0.3103,38.639,0
PM-016,113,1.3261,0.3012,39.0891,0
PM-016,114,1.3195,0.3165,37.9055,0
PM-016,115,1.3294,0.2936,38.9026,0
PM-016,116,1.3757,0.3168,38.7318,0
PM-016,117,1.3615,0.2798,38.8464,0
PM-016,118,1.3182,0.289,38.697,0
PM-016,119,1.3156,0.3185,38.5787,0
PM-016,120,1.3142,0.3227,38.4994,0
PM-016,121,1.337,0.2968,37.7031,0
PM-016,122,1.3654,0.3005,38.6242,0
PM-016,123,1.3539,0.2957,38.2419,0
PM-016,124,1.3217,0.3132,38.5747,0
PM-016,125,1.3604,0.3178,38.8444,0
PM-016,126,1.3654,0.2894,38.7589,0
PM-016,127,1.3309,0.2837,38.7165,0
PM-016,128,1.3554,0.2949,38.5926,0
PM-016,129,1.3543,0.2909,38.8215,0
PM-016,130,1.3221,0.3062,38.2156,0
PM-016,131,1.3672,0.3104,39.1815,0
PM-016,132,1.3216,0.3101,38.5725,0
PM-016,133,1.3109,0.3017,38.7489,0
PM-016,134,1.3797,0.2925,38.7206,0
PM-016,135,1.3464,0.2975,38.5482,0
PM-016,136,1.3552,0.2986,38.5077,0
PM-016,137,1.3301,0.2776,38.8584,0
PM-016,138,1.3299,0.3186,38.9566,0
PM-016,139,1.3882,0.3068,38.7464,0
PM-016,140,1.3525,0.304,38.9323,0
PM-016,141,1.3386,0.3084,38.5457,0
PM-016,142,1.314,0.3113,37.7533,0
PM-016,143,1.3513,0.3164,38.7547,0
PM-016,144,1.3245,0.3233,39.1227,0
PM-016,145,1.3536,0.3279,39.2143,0
PM-016,146,1.3274,0.2864,38.8012,0
PM-016,147,1.2775,0.2968,38.3806,0
PM-016,148,1.3365,0.2817,38.5325,0
PM-016,149,1.3524,0.326,38.7189,0
PM-016,150,1.3048,0.3011,39.004,0
PM-016,151,1.3361,0.3104,38.9421,0
PM-016,152,1.3437,0.3055,38.7552,0
PM-016,153,1.332,0.297,38.3149,0
PM-016,154,1.3306,0.3123,38.74,0
PM-016,155,1.3176,0.2858,38.4035,0
PM-016,156,1.3121,0.3039,38.3907,0
PM-016,157,1.3506,0.3153,38.0764,0
PM-016,158,1.3278,0.2769,38.027,0
PM-016,159,1.3512,0.3033,38.4085,0
PM-016,160,1.3213,0.2839,38.6312,0
PM-016,161,1.3356,0.2866,38.7035,0
PM-016,162,1.3459,0.2855,38.436,0
PM-016,163,1.3575,0.3113,38.3814,0
PM-016,164,1.3735,0.2975,38.8148,0
PM-016,165,1.3192,0.2978,38.3036,0
PM-016,166,1.3072,0.2994,38.4799,0
PM-016,167,1.3617,0.2914,38.6589,0
PM-016,168,1.3322,0.2855,38.8202,0
PM-016,169,1.328,0.2936,38.2221,0
PM-016,170,1.3065,0.3069,38.5485,0
PM-016,171,1.3586,0.3077,38.2048,0
PM-016,172,1.3403,0.2996,38.8816,0
PM-016,173,1.3649,0.2741,38.9079,0
PM-016,174,1.3596,0.2879,38.5646,0
PM-016,175,1.2982,0.2993,38.2633,0
PM-016,176,1.3507,0.3063,38.5501,0
PM-016,177,1.3442,0.2882,38.2397,0
PM-016,178,1.3826,0.3155,38.6175,0
PM-016,179,1.336,0.3361,39.0804,0
PM-016,180,1.3346,0.2855,38.594,0
PM-016,181,1.3327,0.2859,38.9899,0
PM-016,182,1.3508,0.294,38.452,0
PM-016,183,1.3405,0.2928,38.4065,0
PM-016,184,1.3813,0.2864,37.9148,0
PM-016,185,1.3534,0.3168,38.6245,0
PM-016,186,1.308,0.298,38.4257,0
PM-016,187,1.367,0.2874,38.6474,0
PM-016,188,1.3522,0.2872,38.3998,0
PM-016,189,1.3489,0.252,38.9869,0
PM-016,190,1.32,0.3007,38.1725,0
PM-016,191,1.3666,0.3001,38.6424,0
PM-016,192,1.3515,0.3164,38.2427,0
PM-016,193,1.3349,0.319,38.4465,0
PM-016,194,1.3676,0.3032,38.4511,0
PM-016,195,1.3541,0.2978,38.8333,0
PM-016,196,1.3307,0.3129,38.7095,0
PM-016,197,1.3335,0.2727,38.7218,0
PM-016,198,1.3618,0.303,37.9049,0
PM-016,199,1.3631,0.3061,38.7636,0
PM-016,200,1.3419,0.2711,38.7524,0
PM-016,201,1.3423,0.2891,39.1012,0
PM-016,202,1.3616,0.3034,38.3194,0
PM-016,203,1.3333,0.3076,37.9798,0
PM-016,204,1.3673,0.3093,38.9908,0
PM-016,205,1.3791,0.3172,38.399,0
PM-016,206,1.3334,0.3027,38.7113,0
PM-016,207,1.3861,0.3224,38.229,0
PM-016,208,1.3862,0.2664,38.6608,0
PM-016,209,1.3863,0.2772,38.7655,0
PM-016,210,1.3542,0.2942,38.8362,0
PM-016,211,1.3723,0.2951,38.6741,0
PM-016,212,1.3979,0.3001,39.0527,0
PM-016,213,1.3784,0.3186,38.7372,0
PM-016,214,1.4018,0.2827,38.9432,0
PM-016,215,1.3939,0.3348,38.6554,0
PM-016,216,1.3943,0.2924,38.5797,0
PM-016,217,1.4261,0.3118,38.6667,0
PM-016,218,1.4182,0.2934,38.4226,0
PM-016,219,1.3918,0.3149,38.9047,0
PM-016,220,1.3916,0.29,38.5375,0
PM-016,221,1.3903,0.3036,39.009,0
PM-016,222,1.4213,0.3155,38.1821,0
PM-016,223,1.4071,0.2716,38.5596,0
PM-016,224,1.464,0.3266,38.6942,0
PM-016,225,1.4252,0.3073,38.2247,0
PM-016,226,1.4316,0.2679,37.8113,0
PM-016,227,1.423,0.3357,39.0782,0
PM-016,228,1.456,0.3003,39.0461,0
PM-016,229,1.4261,0.2823,38.4072,0
PM-016,230,1.4074,0.3341,38.7412,0
PM-016,231,1.4253,0.2989,38.5452,0
PM-016,232,1.4747,0.3337,38.9038,0
PM-016,233,1.464,0.3049,38.613,0
PM-016,234,1.4542,0.3018,38.5189,0
PM-016,235,1.4466,0.2842,38.5079,0
PM-016,236,1.4325,0.2916,38.5453,0
PM-016,237,1.4672,0.3037,38.7266,0
PM-016,238,1.4734,0.327,39.0756,0
PM-016,239,1.4607,0.3139,38.5256,0
PM-016,240,1.4382,0.3101,38.42,0
PM-016,241,1.4612,0.2913,38.3519,0
PM-016,242,1.5146,0.2838,38.5322,0
PM-016,243,1.4474,0.2931,38.1842,0
PM-016,244,1.4947,0.2833,39.0076,0
PM-016,245,1.4613,0.2927,38.7806,0
PM-016,246,1.5284,0.3039,38.7566,0
PM-016,247,1.4731,0.3049,38.5457,0
PM-016,248,1.4807,0.3318,38.8189,0
PM-016,249,1.4898,0.2801,38.3605,0
PM-016,250,1.5288,0.3171,38.8853,0
PM-016,251,1.5398,0.3302,38.9173,0
PM-016,252,1.4986,0.3407,38.5148,0
PM-016,253,1.4979,0.3571,38.5723,0
PM-016,254,1.5022,0.3339,38.2525,0
PM-016,255,1.4945,0.3265,38.1462,0
PM-016,256,1.5133,0.3121,38.8724,0
PM-016,257,1.5597,0.3131,39.2178,0
PM-016,258,1.5444,0.3397,38.1214,0
PM-016,259,1.4996,0.3377,38.5265,0
PM-016,260,1.5297,0.3411,38.3639,0
PM-016,261,1.5344,0.3424,39.3496,0
PM-016,262,1.4967,0.3502,38.6036,0
PM-016,263,1.5457,0.3522,39.1732,0
PM-016,264,1.5554,0.3265,38.6861,0
PM-016,265,1.5485,0.3418,38.6344,0
PM-016,266,1.5525,0.3497,38.5477,0
PM-016,267,1.5346,0.366,38.537,0
PM-016,268,1.5666,0.3444,38.2425,0
PM-016,269,1.557,0.3591,38.455,0
PM-016,270,1.5694,0.3294,39.1794,0
PM-016,271,1.5556,0.3464,38.9213,0
PM-016,272,1.5508,0.369,38.2294,0
PM-016,273,1.5712,0.3637,38.3532,0
PM-016,274,1.598,0.3915,38.3487,0
PM-016,275,1.5863,0.3526,38.61,0
PM-016,276,1.6033,0.3762,38.4083,0
PM-016,277,1.585,0.3694,38.515,0
PM-016,278,1.5802,0.3814,38.2183,0
PM-016,279,1.5407,0.3969,38.5608,0
PM-016,280,1.6021,0.3718,38.4492,0
PM-016,281,1.5816,0.4028,38.4277,0
PM-016,282,1.5752,0.3974,38.9188,0
PM-016,283,1.6057,0.4121,38.6666,0
PM-016,284,1.61,0.3902,38.728,0
PM-016,285,1.6373,0.4015,38.6565,0
PM-016,286,1.6203,0.4064,38.3871,0
PM-016,287,1.5919,0.4008,38.2747,0
PM-016,288,1.5955,0.4244,37.5814,0
PM-016,289,1.641,0.3861,38.3375,0
PM-016,290,1.6404,0.4393,38.7886,0
PM-016,291,1.6145,0.4058,38.4917,0
PM-016,292,1.5967,0.4095,38.3764,0
PM-016,293,1.6561,0.4062,39.0422,0
PM-016,294,1.6516,0.4161,39.1679,0
PM-016,295,1.6537,0.4397,38.2391,0
PM-016,296,1.6106,0.4206,38.9384,0
PM-016,297,1.6312,0.4127,38.0754,0
PM-016,298,1.6567,0.4213,38.7958,0
PM-016,299,1.6505,0.4196,38.8548,0
PM-016,300,1.6681,0.4318,38.9755,0
PM-016,301,1.6816,0.4595,38.9066,0
PM-016,302,1.6791,0.4255,38.8453,0
PM-016,303,1.6477,0.4229,39.2184,0
PM-016,304,1.6456,0.4552,38.8432,0
PM-016,305,1.6616,0.4323,39.1638,0
PM-016,306,1.6847,0.4672,39.1706,0
PM-016,307,1.6964,0.4488,39.1349,0
PM-016,308,1.6845,0.4444,39.2155,0
PM-016,309,1.6915,0.4638,39.5461,0
PM-016,310,1.6721,0.4616,39.2478,0
PM-016,311,1.6929,0.4599,39.3924,0
PM-016,312,1.6843,0.4635,39.3345,0
PM-016,313,1.7212,0.4533,39.6549,0
PM-016,314,1.7275,0.4736,39.2839,0
PM-016,315,1.7483,0.4556,39.1613,0
PM-016,316,1.7187,0.4572,39.3988,0
PM-016,317,1.7192,0.4733,39.7278,0
PM-016,318,1.7481,0.4624,39.8082,0
PM-016,319,1.7296,0.4942,39.4295,0
PM-016,320,1.7165,0.4997,39.7208,0
PM-016,321,1.6996,0.5004,39.5494,0
PM-016,322,1.7362,0.4889,40.1644,0
PM-016,323,1.7199,0.5106,40.1056,0
PM-016,324,1.7398,0.462,40.1453,0
PM-016,325,1.7738,0.4749,39.5291,0
PM-016,326,1.7329,0.4763,39.6502,0
PM-016,327,1.7607,0.4944,39.9463,0
PM-016,328,1.7703,0.4718,39.815,0
PM-016,329,1.7355,0.4752,40.5044,0
PM-016,330,1.771,0.4761,40.1192,0
PM-016,331,1.7984,0.5042,39.9513,0
PM-016,332,1.7928,0.5279,40.4202,0
PM-016,333,1.7634,0.4898,40.3882,0
PM-016,334,1.788,0.4888,40.7643,0
PM-016,335,1.7759,0.4916,40.6955,0
PM-016,336,1.7747,0.493,40.6328,0
PM-016,337,1.782,0.4976,40.4503,0
PM-016,338,1.7873,0.51,40.8682,0
PM-016,339,1.796,0.5288,40.4753,0
PM-016,340,1.8236,0.4911,41.2293,1
PM-016,341,1.8051,0.5055,40.1822,1
PM-016,342,1.7684,0.5059,41.0955,1
PM-016,343,1.7908,0.517,40.8841,1
PM-016,344,1.8081,0.4989,40.9893,1
PM-016,345,1.8184,0.5597,41.3747,1
PM-016,346,1.8074,0.5144,41.3125,1
PM-016,347,1.7975,0.5283,41.3236,1
PM-016,348,1.8135,0.5428,41.2538,1
PM-016,349,1.8117,0.5227,40.948,1
PM-016,350,1.7955,0.5415,41.8323,1
PM-016,351,1.8701,0.5514,41.5983,1
PM-016,352,1.8365,0.5564,41.3849,1
PM-016,353,1.8695,0.5383,41.6267,1
PM-016,354,1.8372,0.5579,41.5988,1
PM-016,355,1.848,0.5249,41.5976,1
PM-016,356,1.8641,0.5326,41.701,1
PM-016,357,1.8455,0.5387,42.0679,1
PM-016,358,1.8594,0.5631,42.1313,1
PM-016,359,1.8533,0.5753,41.5043,1
PM-016,360,1.8529,0.5561,41.4008,1
PM-016,361,1.8874,0.543,41.9964,1
PM-016,362,1.8774,0.5929,41.5299,1
PM-016,363,1.8775,0.5561,42.2771,1
PM-016,364,1.8875,0.5687,42.1599,1
PM-016,365,1.8508,0.5497,42.4312,1
PM-016,366,1.858,0.573,42.6335,1
PM-016,367,1.8524,0.5884,42.6777,1
PM-016,368,1.8884,0.5617,42.5093,1
PM-016,369,1.8812,0.5625,42.4445,1
PM-016,370,1.8704,0.5575,42.2934,1
PM-016,371,1.8567,0.5953,42.6648,1
PM-016,372,1.8772,0.5718,42.7908,1
PM-016,373,1.923,0.5832,42.5391,1
PM-016,374,1.8681,0.5789,42.3285,1
PM-016,375,1.8806,0.6044,42.6882,1
PM-016,376,1.91,0.5941,42.7232,1
PM-016,377,1.9117,0.5904,42.7021,1
PM-016,378,1.9191,0.591,42.91,1
PM-016,379,1.9169,0.6238,43.2337,1
PM-016,380,1.9355,0.6036,43.118,1
PM-016,381,1.9175,0.6155,43.1424,1
PM-016,382,1.9381,0.5964,42.8357,1
PM-016,383,1.9523,0.6049,43.0066,1
PM-016,384,1.9397,0.6035,43.6687,1
PM-016,385,1.9289,0.6139,43.5832,1
PM-016,386,1.9523,0.6175,43.1584,1
PM-016,387,1.9447,0.6184,43.4147,1
PM-016,388,1.9752,0.6112,43.4273,1
PM-016,389,2.0005,0.6282,43.1802,1
PM-016,390,1.962,0.6298,43.2836,1
PM-016,391,1.9492,0.6022,43.6655,1
PM-016,392,1.926,0.6104,43.2158,1
PM-016,393,1.9682,0.6192,43.8033,1
PM-016,394,1.9281,0.6147,43.9745,1
PM-016,395,1.945,0.6439,43.7452,1
PM-016,396,1.9545,0.6191,43.9086,1
PM-016,397,2.0183,0.6736,43.4971,1
PM-016,398,1.9911,0.66,43.5775,1
PM-016,399,1.9683,0.6415,44.0167,1
PM-016,400,1.9564,0.6505,44.1882,1
PM-016,401,2.0061,0.6494,44.2695,1
PM-016,402,1.991,0.6617,43.7665,1
PM-016,403,1.9717,0.6621,44.1331,1
PM-016,404,1.9787,0.6605,44.474,1
PM-016,405,1.9603,0.6602,44.1354,1
PM-016,406,2.0131,0.6509,44.5623,1
PM-016,407,2.0062,0.6355,43.9486,1
PM-016,408,1.9827,0.6396,44.6164,1
PM-016,409,2.0321,0.6538,44.2694,1
PM-016,410,2.0167,0.631,44.7774,1
PM-016,411,2.0178,0.6639,44.484,1
PM-016,412,2.01,0.6401,44.9587,1
PM-016,413,2.0005,0.6562,44.4674,1
PM-016,414,2.0455,0.6604,45.0942,1
PM-016,415,2.0437,0.6571,44.8282,1
PM-016,416,2.0014,0.6794,44.7153,1
PM-016,417,2.0174,0.6715,44.8261,1
PM-016,418,2.0473,0.7062,45.4154,1
PM-016,419,2.021,0.7029,45.0861,1
PM-016,420,1.9972,0.6786,44.658,1
PM-016,421,2.0425,0.7127,44.7857,1
PM-016,422,2.0277,0.6848,44.9869,1
PM-016,423,2.0526,0.69,44.8414,1
PM-016,424,2.0655,0.6791,45.6606,1
PM-016,425,2.0466,0.682,45.113,1
PM-016,426,2.059,0.6732,45.6024,1
PM-016,427,2.06,0.7091,45.5167,1
PM-016,428,2.108,0.6952,45.4451,1
PM-016,429,2.0887,0.67,45.4619,1
PM-016,430,2.0784,0.7142,45.9384,1
PM-016,431,2.1057,0.701,45.4916,1
PM-016,432,2.0877,0.7036,45.2635,1
PM-016,433,2.093,0.696,45.751,1
PM-016,434,2.0872,0.744,46.1426,1
PM-016,435,2.109,0.7286,45.8223,1
PM-016,436,2.0745,0.6837,46.1418,1
PM-016,437,2.1136,0.7069,45.8418,1
PM-016,438,2.0897,0.7084,45.935,1
PM-016,439,2.1157,0.7385,46.1325,1
PM-016,440,2.1375,0.7602,46.3129,1
PM-016,441,2.1141,0.6919,46.4276,1
PM-016,442,2.1198,0.7303,46.233,1
PM-016,443,2.1131,0.7161,46.5955,1
PM-016,444,2.0708,0.7399,45.9518,1
PM-016,445,2.1538,0.7304,46.6278,1
PM-016,446,2.1352,0.7554,47.0668,1
PM-016,447,2.1578,0.7489,46.4816,1
PM-016,448,2.1475,0.7572,46.5043,1
PM-016,449,2.1423,0.7325,46.9336,1
PM-016,450,2.1542,0.727,46.8282,1
PM-016,451,2.1435,0.7501,46.5702,1
PM-016,452,2.1769,0.7405,47.4713,1
PM-016,453,2.1568,0.748,47.0217,1
PM-016,454,2.1632,0.7843,47.0798,1
PM-016,455,2.1231,0.7472,47.2369,1
PM-016,456,2.1599,0.7513,46.846,1
PM-016,457,2.1482,0.7648,46.901,1
PM-016,458,2.1967,0.7507,46.7632,1
PM-016,459,2.1726,0.7347,46.4854,1
PM-016,460,2.1887,0.7682,46.6348,1
PM-016,461,2.1812,0.7651,46.8571,1
PM-016,462,2.1972,0.7944,47.9449,1
PM-016,463,2.1924,0.7741,47.9531,1
PM-016,464,2.1941,0.7708,47.2774,1
PM-016,465,2.2033,0.7535,47.8754,1
PM-016,466,2.1676,0.7675,47.6737,1
PM-016,467,2.2335,0.7783,47.3191,1
PM-016,468,2.2232,0.7778,47.184,1
PM-016,469,2.2172,0.7833,47.6679,1
PM-016,470,2.223,0.8011,47.569,1
PM-016,471,2.2139,0.7675,47.7707,1
PM-016,472,2.1971,0.7898,47.7783,1
PM-016,473,2.2142,0.7701,47.5592,1
PM-016,474,2.2167,0.8197,48.2276,1
PM-016,475,2.2329,0.7905,47.778,1
PM-016,476,2.24,0.7841,48.6043,1
PM-016,477,2.2298,0.8339,48.6791,1
PM-016,478,2.2423,0.8115,48.028,1
PM-016,479,2.2635,0.8022,47.7684,1
PM-017,0,1.4687,0.2976,39.2778,0
PM-017,1,1.4638,0.2783,38.8222,0
PM-017,2,1.4759,0.2975,39.1202,0
PM-017,3,1.461,0.3017,39.4304,0
PM-017,4,1.4567,0.3104,39.0945,0
PM-017,5,1.4616,0.324,39.1348,0
PM-017,6,1.476,0.3067,39.5254,0
PM-017,7,1.4603,0.307,39.41,0
PM-017,8,1.482,0.311,39.4487,0
PM-017,9,1.4503,0.331,39.4972,0
PM-017,10,1.4593,0.3056,39.5985,0
PM-017,11,1.4456,0.2807,39.3268,0
PM-017,12,1.4815,0.3313,39.2729,0
PM-017,13,1.4586,0.3153,39.2258,0
PM-017,14,1.468,0.3062,39.6085,0
PM-017,15,1.4722,0.3196,39.2435,0
PM-017,16,1.4962,0.3147,39.3793,0
PM-017,17,1.4425,0.306,39.3394,0
PM-017,18,1.4419,0.3031,39.2554,0
PM-017,19,1.4588,0.281,39.2645,0
PM-017,20,1.4501,0.3071,39.6157,0
PM-017,21,1.4987,0.3176,38.9348,0
PM-017,22,1.4508,0.3164,39.4501,0
PM-017,23,1.4774,0.306,39.196,0
PM-017,24,1.4927,0.3083,39.0001,0
PM-017,25,1.4872,0.285,38.2566,0
PM-017,26,1.4731,0.3211,39.4293,0
PM-017,27,1.4316,0.3066,39.2216,0
PM-017,28,1.447,0.3286,38.9911,0
PM-017,29,1.464,0.3254,39.4195,0
PM-017,30,1.4825,0.3159,39.4339,0
PM-017,31,1.465,0.3167,39.1894,0
PM-017,32,1.4317,0.3218,39.6536,0
PM-017,33,1.4627,0.2992,38.8378,0
PM-017,34,1.4594,0.2872,38.8584,0
PM-017,35,1.4573,0.296,39.4087,0
PM-017,36,1.4545,0.2984,38.7936,0
PM-017,37,1.4406,0.2952,38.9375,0
PM-017,38,1.4511,0.2903,39.256,0
PM-017,39,1.4625,0.2951,39.4327,0
PM-017,40,1.4305,0.2908,39.2711,0
PM-017,41,1.4714,0.3205,39.7888,0
PM-017,42,1.4502,0.3055,38.9953,0
PM-017,43,1.4326,0.3109,39.0723,0
PM-017,44,1.4823,0.2855,39.451,0
PM-017,45,1.4376,0.2952,39.4668,0
PM-017,46,1.4442,0.2997,39.0614,0
PM-017,47,1.4934,0.2982,39.3206,0
PM-017,48,1.4537,0.3108,39.1207,0
PM-017,49,1.4537,0.3134,39.0462,0
PM-017,50,1.4795,0.3252,39.487,0
PM-017,51,1.4591,0.2626,39.4324,0
PM-017,52,1.4499,0.3038,38.7359,0
PM-017,53,1.4676,0.2857,39.3406,0
PM-017,54,1.4758,0.3004,39.6699,0
PM-017,55,1.4428,0.3165,38.9137,0
PM-017,56,1.4783,0.3206,39.4456,0
PM-017,57,1.4498,0.2864,39.1879,0
PM-017,58,1.4799,0.3094,38.8392,0
PM-017,59,1.4352,0.3263,39.4515,0
PM-017,60,1.433,0.281,39.1176,0
PM-017,61,1.4207,0.3051,40.0406,0
PM-017,62,1.4258,0.3047,39.6987,0
PM-017,63,1.4727,0.3052,39.2612,0
PM-017,64,1.4346,0.3034,39.3781,0
PM-017,65,1.4798,0.2982,39.2481,0
PM-017,66,1.4387,0.3108,39.5402,0
PM-017,67,1.4703,0.2899,39.3492,0
PM-017,68,1.4441,0.3226,39.2567,0
PM-017,69,1.4273,0.3042,39.4426,0
PM-017,70,1.4626,0.2998,39.1295,0
PM-017,71,1.4379,0.3015,39.0484,0
PM-017,72,1.4771,0.2939,39.3418,0
PM-017,73,1.4588,0.3216,39.6319,0
PM-017,74,1.4716,0.3128,38.9905,0
PM-017,75,1.4363,0.2948,39.5307,0
PM-017,76,1.4592,0.3205,39.6059,0
PM-017,77,1.4432,0.3079,39.3012,0
PM-017,78,1.4511,0.2994,39.6605,0
PM-017,79,1.4587,0.3077,39.0643,0
PM-017,80,1.4712,0.2924,39.4416,0
PM-017,81,1.4673,0.3013,39.4004,0
PM-017,82,1.4614,0.3069,39.309,0
PM-017,83,1.4589,0.3094,39.3232,0
PM-017,84,1.4356,0.3052,39.3846,0
PM-017,85,1.4596,0.3218,39.4911,0
PM-017,86,1.4403,0.305,39.2117,0
PM-017,87,1.4576,0.3074,39.4886,0
PM-017,88,1.4612,0.3259,39.3774,0
PM-017,89,1.4411,0.3005,39.4862,0
PM-017,90,1.4254,0.2873,39.3083,0
PM-017,91,1.4767,0.3271,39.24,0
PM-017,92,1.4789,0.3085,38.8457,0
PM-017,93,1.4575,0.2982,39.5806,0
PM-017,94,1.4572,0.2883,38.8552,0
PM-017,95,1.4573,0.2712,39.1496,0
PM-017,96,1.4623,0.2916,39.6033,0
PM-017,97,1.4815,0.2922,39.2157,0
PM-017,98,1.4776,0.3074,38.8868,0
PM-017,99,1.4548,0.2947,39.6376,0
PM-017,100,1.4698,0.3028,39.3477,0
PM-017,101,1.4315,0.2962,39.7711,0
PM-017,102,1.4588,0.3214,39.3747,0
PM-017,103,1.484,0.2775,39.2486,0
PM-017,104,1.4906,0.3218,39.7027,0
PM-017,105,1.4576,0.2994,38.9969,0
PM-017,106,1.4358,0.3196,39.4591,0
PM-017,107,1.4564,0.3151,39.3478,0
PM-017,108,1.4769,0.3218,38.9853,0
PM-017,109,1.4632,0.2824,39.345,0
PM-017,110,1.4698,0.2878,39.1802,0
PM-017,111,1.4579,0.311,39.2215,0
PM-017,112,1.4343,0.3066,38.8094,0
PM-017,113,1.453,0.3008,39.2648,0
PM-017,114,1.4465,0.2848,39.1952,0
PM-017,115,1.4763,0.3264,40.0369,0
PM-017,116,1.4915,0.2895,39.1826,0
PM-017,117,1.4572,0.3062,39.326,0
PM-017,118,1.5058,0.2912,39.091,0
PM-017,119,1.4906,0.2982,39.4232,0
PM-017,120,1.4784,0.3148,39.3626,0
PM-017,121,1.4765,0.2941,39.1562,0
PM-017,122,1.4684,0.2764,39.7301,0
PM-017,123,1.4638,0.3098,38.8159,0
PM-017,124,1.432,0.3015,39.5473,0
PM-017,125,1.4162,0.3193,39.1971,0
PM-017,126,1.4532,0.3113,39.3859,0
PM-017,127,1.4434,0.3168,38.6093,0
PM-017,128,1.4487,0.3098,39.2016,0
PM-017,129,1.4212,0.3188,38.9306,0
PM-017,130,1.4563,0.3098,39.311,0
PM-017,131,1.4811,0.3067,39.4333,0
PM-017,132,1.4566,0.3167,39.7231,0
PM-017,133,1.4604,0.3192,39.7417,0
PM-017,134,1.4848,0.3017,39.616,0
PM-017,135,1.4627,0.3242,39.4757,0
PM-017,136,1.4632,0.314,39.3817,0
PM-017,137,1.4636,0.3051,39.2296,0
PM-017,138,1.493,0.3146,39.1331,0
PM-017,139,1.4521,0.3233,39.0842,0
PM-017,140,1.4281,0.2863,38.7864,0
PM-017,141,1.4317,0.2897,39.7207,0
PM-017,142,1.4568,0.302,38.8721,0
PM-017,143,1.4548,0.2814,39.1943,0
PM-017,144,1.499,0.3174,39.2422,0
PM-017,145,1.4717,0.2996,39.0649,0
PM-017,146,1.4918,0.2903,39.1989,0
PM-017,147,1.4638,0.2934,39.5003,0
PM-017,148,1.4516,0.3174,39.4809,0
PM-017,149,1.4528,0.3331,39.1055,0
PM-017,150,1.4847,0.3251,39.8364,0
PM-017,151,1.4612,0.2956,39.9281,0
PM-017,152,1.451,0.2953,39.2482,0
PM-017,153,1.4381,0.3154,39.1234,0
PM-017,154,1.4519,0.322,39.4922,0
PM-017,155,1.458,0.31,39.3088,0
PM-017,156,1.4491,0.3074,39.4523,0
PM-017,157,1.4552,0.3138,39.0541,0
PM-017,158,1.4456,0.2964,39.1356,0
PM-017,159,1.4834,0.3184,38.982,0
PM-017,160,1.4664,0.3016,39.1004,0
PM-017,161,1.428,0.322,38.8959,0
PM-017,162,1.4567,0.2933,39.5378,0
PM-017,163,1.451,0.3054,39.2749,0
PM-017,164,1.4637,0.3077,39.2921,0
PM-017,165,1.4473,0.2838,38.9695,0
PM-017,166,1.4721,0.3029,39.1059,0
PM-017,167,1.4296,0.2817,39.0941,0
PM-017,168,1.4755,0.2991,39.4252,0
PM-017,169,1.4456,0.317,39.1996,0
PM-017,170,1.4331,0.3034,39.8553,0
PM-017,171,1.4935,0.3148,39.264,0
PM-017,172,1.4638,0.3122,39.2931,0
PM-017,173,1.4665,0.3106,39.2103,0
PM-017,174,1.4338,0.3006,39.545,0
PM-017,175,1.4571,0.312,39.2202,0
PM-017,176,1.4365,0.3039,38.9984,0
PM-017,177,1.436,0.3255,39.1791,0
PM-017,178,1.4429,0.3317,39.5496,0
PM-017,179,1.4503,0.3139,39.2344,0
PM-017,180,1.4438,0.3146,39.2078,0
PM-017,181,1.4592,0.3228,39.5785,0
PM-017,182,1.4467,0.3148,38.9667,0
PM-017,183,1.4667,0.3097,39.4188,0
PM-017,184,1.4517,0.3387,39.0347,0
PM-017,185,1.4771,0.292,39.4564,0
PM-017,186,1.4692,0.3083,39.1565,0
PM-017,187,1.4605,0.3115,39.8421,0
PM-017,188,1.4402,0.2991,39.3905,0
PM-017,189,1.4526,0.306,39.6262,0
PM-017,190,1.4013,0.2985,38.7824,0
PM-017,191,1.4338,0.3435,39.4845,0
PM-017,192,1.4767,0.3063,39.5327,0
PM-017,193,1.4224,0.323,39.0591,0
PM-017,194,1.4471,0.315,39.4,0
PM-017,195,1.4594,0.287,39.335,0
PM-017,196,1.4769,0.2995,39.6996,0
PM-017,197,1.4402,0.3076,39.7657,0
PM-017,198,1.4441,0.3233,39.8975,0
PM-017,199,1.4611,0.2996,39.0733,0
PM-017,200,1.4838,0.3266,39.7399,0
PM-017,201,1.457,0.323,39.2904,0
PM-017,202,1.44,0.3243,39.7953,0
PM-017,203,1.4373,0.2919,39.3171,0
PM-017,204,1.4768,0.2905,39.3732,0
PM-017,205,1.4459,0.318,39.0657,0
PM-017,206,1.4731,0.3051,39.024,0
PM-017,207,1.459,0.2784,39.1374,0
PM-017,208,1.4644,0.2809,38.5338,0
PM-017,209,1.4109,0.3274,39.2821,0
PM-017,210,1.447,0.3216,39.1838,0
PM-017,211,1.4631,0.3078,39.1638,0
PM-017,212,1.4636,0.3191,39.2496,0
PM-017,213,1.4485,0.3023,38.6157,0
PM-017,214,1.4634,0.2893,39.494,0
PM-017,215,1.4559,0.309,39.5152,0
PM-017,216,1.4392,0.313,39.3854,0
PM-017,217,1.454,0.2935,39.4837,0
PM-017,218,1.4718,0.3092,38.984,0
PM-017,219,1.4471,0.3066,39.5116,0
PM-017,220,1.426,0.299,39.1843,0
PM-017,221,1.456,0.2879,39.2398,0
PM-017,222,1.4515,0.2919,39.2697,0
PM-017,223,1.4469,0.3149,39.0395,0
PM-017,224,1.4595,0.2953,39.1252,0
PM-017,225,1.4636,0.311,39.18,0
PM-017,226,1.4523,0.2857,39.7259,0
PM-017,227,1.4714,0.3172,38.8266,0
PM-017,228,1.4458,0.3024,38.7258,0
PM-017,229,1.4755,0.3293,39.9237,0
PM-017,230,1.4368,0.3092,39.7019,0
PM-017,231,1.4526,0.299,38.7453,0
PM-017,232,1.4803,0.3072,39.0863,0
PM-017,233,1.4634,0.3098,39.3556,0
PM-017,234,1.4534,0.3318,39.265,0
PM-017,235,1.4937,0.3159,39.4104,0
PM-017,236,1.4627,0.3221,39.339,0
PM-017,237,1.45,0.293,39.4318,0
PM-017,238,1.4542,0.3065,39.6223,0
PM-017,239,1.4821,0.2966,39.7281,0
PM-017,240,1.4906,0.3227,38.6248,0
PM-017,241,1.4899,0.3201,39.8152,0
PM-017,242,1.4577,0.3256,39.7984,0
PM-017,243,1.4503,0.3146,39.4904,0
PM-017,244,1.4877,0.3001,39.5055,0
PM-017,245,1.4856,0.3042,39.5488,0
PM-017,246,1.5367,0.3155,39.3451,0
PM-017,247,1.4949,0.2923,39.638,0
PM-017,248,1.5058,0.3247,39.2062,0
PM-017,249,1.4996,0.3138,39.2821,0
PM-017,250,1.4921,0.3347,39.117,0
PM-017,251,1.5384,0.3201,38.9273,0
PM-017,252,1.5035,0.3029,39.0454,0
PM-017,253,1.5617,0.3045,39.572,0
PM-017,254,1.5411,0.3114,39.3172,0
PM-017,255,1.5593,0.2951,39.823,0
PM-017,256,1.5124,0.3192,38.8835,0
PM-017,257,1.5355,0.3089,39.1591,0
PM-017,258,1.5419,0.2867,39.0089,0
PM-017,259,1.5591,0.3079,39.0979,0
PM-017,260,1.5793,0.2892,39.1966,0
PM-017,261,1.5464,0.3167,39.3195,0
PM-017,262,1.558,0.2798,39.5646,0
PM-017,263,1.5594,0.3092,39.0805,0
PM-017,264,1.5493,0.3299,38.7731,0
PM-017,265,1.55,0.3297,39.4973,0
PM-017,266,1.5683,0.3262,39.4392,0
PM-017,267,1.5831,0.3108,39.4447,0
PM-017,268,1.5922,0.3404,39.2466,0
PM-017,269,1.5825,0.2889,39.2895,0
PM-017,270,1.6267,0.3222,39.142,0
PM-017,271,1.5937,0.2883,39.0144,0
PM-017,272,1.5997,0.3027,38.9917,0
PM-017,273,1.6102,0.3113,38.8348,0
PM-017,274,1.5625,0.3065,38.8286,0
PM-017,275,1.5703,0.3344,39.2758,0
PM-017,276,1.606,0.3171,38.9637,0
PM-017,277,1.6232,0.3204,39.0779,0
PM-017,278,1.6065,0.3064,39.1832,0
PM-017,279,1.6175,0.3207,39.3216,0
PM-017,280,1.6244,0.3331,39.588,0
PM-017,281,1.6415,0.3464,39.0508,0
PM-017,282,1.6231,0.3443,39.5065,0
PM-017,283,1.6234,0.3461,39.022,0
PM-017,284,1.6502,0.339,38.8898,0
PM-017,285,1.6356,0.3746,39.3659,0
PM-017,286,1.6939,0.3226,39.5303,0
PM-017,287,1.6009,0.3467,39.4945,0
PM-017,288,1.672,0.3372,39.6168,0
PM-017,289,1.6482,0.3491,39.1751,0
PM-017,290,1.6398,0.3776,39.3195,0
PM-017,291,1.688,0.3722,39.0147,0
PM-017,292,1.6942,0.3665,38.9928,0
PM-017,293,1.6825,0.346,39.787,0
PM-017,294,1.6935,0.3627,39.6845,0
PM-017,295,1.6492,0.355,39.2294,0
PM-017,296,1.7292,0.3526,38.7929,0
PM-017,297,1.6593,0.3847,39.1268,0
PM-017,298,1.6887,0.385,39.2577,0
PM-017,299,1.6996,0.384,39.1759,0
PM-017,300,1.6958,0.3821,39.5656,0
PM-017,301,1.687,0.3356,39.509,0
PM-017,302,1.725,0.3863,39.3856,0
PM-017,303,1.6988,0.3933,39.561,0
PM-017,304,1.7149,0.4256,38.836,0
PM-017,305,1.7207,0.373,39.5691,0
PM-017,306,1.6895,0.3731,39.1151,0
PM-017,307,1.7301,0.3866,39.1295,0
PM-017,308,1.7248,0.3943,39.7513,0
PM-017,309,1.7458,0.3955,39.9342,0
PM-017,310,1.7456,0.3883,39.3821,0
PM-017,311,1.7501,0.395,38.9893,0
PM-017,312,1.7448,0.4023,39.7488,0
PM-017,313,1.7615,0.4005,39.4329,0
PM-017,314,1.7757,0.3917,38.9983,0
PM-017,315,1.7538,0.4156,39.2894,0
PM-017,316,1.7515,0.4126,39.4204,0
PM-017,317,1.784,0.4127,40.0366,0
PM-017,318,1.8042,0.4423,39.4918,0
PM-017,319,1.8088,0.4204,39.0553,0
PM-017,320,1.7618,0.4122,39.3416,0
PM-017,321,1.782,0.4327,39.3562,0
PM-017,322,1.7823,0.4581,39.607,0
PM-017,323,1.8018,0.4374,38.9972,0
PM-017,324,1.7507,0.4682,39.3834,0
PM-017,325,1.7783,0.4431,39.769,0
PM-017,326,1.8078,0.4685,40.1151,0
PM-017,327,1.7817,0.4588,39.6106,0
PM-017,328,1.7988,0.4303,39.2789,0
PM-017,329,1.8046,0.4348,40.1261,0
PM-017,330,1.8033,0.4562,40.319,0
PM-017,331,1.7829,0.4432,40.024,0
PM-017,332,1.8225,0.473,40.2909,0
PM-017,333,1.8218,0.4635,40.191,0
PM-017,334,1.7942,0.459,40.2272,0
PM-017,335,1.8364,0.4499,39.833,0
PM-017,336,1.8262,0.4958,40.0288,0
PM-017,337,1.858,0.4925,40.3492,0
PM-017,338,1.8246,0.4788,40.4551,0
PM-017,339,1.8247,0.4637,40.5936,0
PM-017,340,1.8642,0.4712,40.4978,0
PM-017,341,1.8625,0.4758,40.4897,0
PM-017,342,1.8377,0.4693,41.4411,0
PM-017,343,1.8526,0.5038,41.2066,0
PM-017,344,1.8565,0.4913,40.7932,0
PM-017,345,1.8316,0.4649,40.838,0
PM-017,346,1.859,0.519,40.8134,0
PM-017,347,1.9101,0.4859,41.519,0
PM-017,348,1.8849,0.504,40.8528,0
PM-017,349,1.89,0.5233,41.0238,0
PM-017,350,1.8753,0.4967,41.6143,0
PM-017,351,1.9029,0.5245,41.2833,0
PM-017,352,1.8902,0.5116,41.5713,0
PM-017,353,1.8881,0.5282,41.4209,0
PM-017,354,1.8486,0.5234,40.9905,0
PM-017,355,1.9176,0.5261,41.5321,0
PM-017,356,1.9149,0.5315,41.3454,0
PM-017,357,1.9236,0.5349,42.0831,0
PM-017,358,1.8892,0.526,41.3276,1
PM-017,359,1.8949,0.5277,41.7003,1
PM-017,360,1.9416,0.5196,41.6978,1
PM-017,361,1.9266,0.5143,41.5821,1
PM-017,362,1.9483,0.5214,42.2147,1
PM-017,363,1.9418,0.5089,42.0801,1
PM-017,364,1.9438,0.5409,41.9394,1
PM-017,365,1.9182,0.5572,42.0124,1
PM-017,366,1.923,0.5463,41.881,1
PM-017,367,1.9253,0.5362,41.9652,1
PM-017,368,1.9297,0.5564,42.1917,1
PM-017,369,1.9766,0.5339,41.7685,1
PM-017,370,1.9582,0.577,42.5071,1
PM-017,371,2.0232,0.5566,42.4794,1
PM-017,372,1.9195,0.5605,42.5203,1
PM-017,373,1.9581,0.5544,42.5103,1
PM-017,374,1.9663,0.5903,42.4804,1
PM-017,375,1.9769,0.5553,42.8877,1
PM-017,376,1.9807,0.5596,42.1358,1
PM-017,377,1.9857,0.5616,42.7564,1
PM-017,378,1.9609,0.5902,43.0926,1
PM-017,379,2.0168,0.5883,43.0743,1
PM-017,380,1.969,0.6012,42.6792,1
PM-017,381,1.9901,0.5866,43.2455,1
PM-017,382,2.0106,0.5724,42.8974,1
PM-017,383,2.0535,0.5803,43.0919,1
PM-017,384,1.9922,0.587,43.2608,1
PM-017,385,2.0098,0.5915,43.7915,1
PM-017,386,2.0019,0.5888,43.129,1
PM-017,387,2.0233,0.5821,43.2267,1
PM-017,388,1.9919,0.5945,43.5743,1
PM-017,389,2.062,0.6026,43.3714,1
PM-017,390,2.0012,0.5796,43.1786,1
PM-017,391,2.0696,0.6047,43.4534,1
PM-017,392,2.0165,0.59,43.5065,1
PM-017,393,2.0657,0.6048,43.316,1
PM-017,394,2.0893,0.5906,43.6339,1
PM-017,395,2.0729,0.6164,43.7312,1
PM-017,396,2.0258,0.5981,43.6612,1
PM-017,397,2.0542,0.6179,43.9495,1
PM-017,398,2.0569,0.6017,44.143,1
PM-017,399,2.087,0.6175,44.0614,1
PM-017,400,2.0667,0.6391,43.9086,1
PM-017,401,2.0977,0.6311,44.2466,1
PM-017,402,2.0966,0.6095,44.4556,1
PM-017,403,2.0846,0.6156,44.4982,1
PM-017,404,2.0853,0.6294,44.6798,1
PM-017,405,2.0719,0.6386,44.4424,1
PM-017,406,2.0747,0.6445,44.4806,1
PM-017,407,2.0612,0.6124,44.8406,1
PM-017,408,2.0699,0.646,44.6813,1
PM-017,409,2.0906,0.6736,44.7797,1
PM-017,410,2.1167,0.651,44.7173,1
PM-017,411,2.1049,0.671,45.1742,1
PM-017,412,2.148,0.6549,44.6457,1
PM-017,413,2.1038,0.6362,45.1998,1
PM-017,414,2.1045,0.6107,45.7698,1
PM-017,415,2.1085,0.6503,45.5932,1
PM-017,416,2.0994,0.6784,44.9764,1
PM-017,417,2.1007,0.6894,45.4906,1
PM-017,418,2.1493,0.6718,45.4543,1
PM-017,419,2.1099,0.6704,45.057,1
PM-017,420,2.1104,0.6773,45.744,1
PM-017,421,2.1342,0.6704,45.1161,1
PM-017,422,2.1456,0.6874,45.756,1
PM-017,423,2.1601,0.6692,45.3844,1
PM-017,424,2.1687,0.6931,45.5889,1
PM-017,425,2.148,0.7008,45.5935,1
PM-017,426,2.1751,0.6837,45.4482,1
PM-017,427,2.196,0.69,45.6102,1
PM-017,428,2.1396,0.6713,45.7725,1
PM-017,429,2.2096,0.6843,46.3796,1
PM-017,430,2.1722,0.6778,45.8644,1
PM-017,431,2.1528,0.6851,45.8016,1
PM-017,432,2.144,0.7231,46.1916,1
PM-017,433,2.172,0.7062,45.9386,1
PM-017,434,2.136,0.7496,46.3071,1
PM-017,435,2.1813,0.6787,45.8629,1
PM-017,436,2.2298,0.7327,46.5981,1
PM-017,437,2.1781,0.7352,46.5681,1
PM-017,438,2.2171,0.7217,46.042,1
PM-017,439,2.1837,0.7098,46.7482,1
PM-017,440,2.1837,0.7173,46.5631,1
PM-017,441,2.2309,0.7325,46.374,1
PM-017,442,2.2476,0.7073,47.0657,1
PM-017,443,2.2113,0.7297,46.8668,1
PM-017,444,2.2299,0.7398,46.9774,1
PM-017,445,2.2453,0.7391,46.5416,1
PM-017,446,2.2387,0.7261,46.6491,1
PM-017,447,2.2312,0.7397,47.1178,1
PM-017,448,2.2617,0.759,47.2048,1
PM-017,449,2.2546,0.7433,47.395,1
PM-017,450,2.2577,0.7435,47.8714,1
PM-017,451,2.2407,0.7685,46.8805,1
PM-017,452,2.2715,0.7707,46.7756,1
PM-017,453,2.2617,0.7623,47.4843,1
PM-017,454,2.2701,0.7561,47.1415,1
PM-017,455,2.3136,0.7489,47.661,1
PM-017,456,2.257,0.7248,47.3143,1
PM-017,457,2.2446,0.7777,47.4706,1
PM-017,458,2.2669,0.7478,47.7418,1
PM-017,459,2.2665,0.7811,47.8652,1
PM-017,460,2.2731,0.7814,47.838,1
PM-017,461,2.2886,0.7492,47.8752,1
PM-017,462,2.2983,0.7936,47.732,1
PM-017,463,2.3411,0.7843,47.5627,1
PM-017,464,2.2823,0.7998,48.4525,1
PM-017,465,2.3032,0.7831,47.7911,1
PM-017,466,2.3329,0.7685,48.4549,1
PM-017,467,2.3372,0.7865,48.5527,1
PM-017,468,2.3507,0.7922,48.2708,1
PM-017,469,2.3161,0.7795,48.1547,1
PM-017,470,2.33,0.7906,48.5436,1
PM-017,471,2.295,0.7941,48.8154,1
PM-017,472,2.306,0.7982,48.0109,1
PM-017,473,2.306,0.8125,48.5355,1
PM-017,474,2.3722,0.8093,48.8484,1
PM-017,475,2.3179,0.7995,48.5304,1
PM-017,476,2.3218,0.8177,49.0705,1
PM-017,477,2.3547,0.7977,48.9714,1
PM-017,478,2.3121,0.8324,48.5437,1
PM-017,479,2.3316,0.8168,49.0554,1
PM-018,0,1.2737,0.2919,36.7988,0
PM-018,1,1.305,0.3053,36.5304,0
PM-018,2,1.2965,0.288,36.9409,0
PM-018,3,1.3287,0.2824,37.076,0
PM-018,4,1.3341,0.2794,36.9374,0
PM-018,5,1.3035,0.2727,37.067,0
PM-018,6,1.3232,0.2821,36.8064,0
PM-018,7,1.2658,0.3079,37.1529,0
PM-018,8,1.2816,0.2795,36.7739,0
PM-018,9,1.3265,0.2911,36.9388,0
PM-018,10,1.3037,0.3127,36.7813,0
PM-018,11,1.298,0.3098,37.2423,0
PM-018,12,1.2798,0.2629,36.8911,0
PM-018,13,1.3136,0.2969,36.7097,0
PM-018,14,1.338,0.2761,36.4841,0
PM-018,15,1.3238,0.2858,37.4028,0
PM-018,16,1.2957,0.2863,37.0423,0
PM-018,17,1.3178,0.3245,37.1519,0
PM-018,18,1.3221,0.2835,37.1809,0
PM-018,19,1.3132,0.2834,36.4806,0
PM-018,20,1.2826,0.2844,36.835,0
PM-018,21,1.3156,0.3063,37.4179,0
PM-018,22,1.3092,0.2703,36.623,0
PM-018,23,1.2961,0.3082,37.0798,0
PM-018,24,1.2855,0.2754,36.703,0
PM-018,25,1.276,0.2903,37.0268,0
PM-018,26,1.3066,0.285,36.9017,0
PM-018,27,1.2746,0.2818,36.9866,0
PM-018,28,1.3457,0.3123,36.5007,0
PM-018,29,1.3176,0.2948,36.9543,0
PM-018,30,1.3517,0.2849,37.0516,0
PM-018,31,1.3161,0.2817,36.2654,0
PM-018,32,1.2741,0.296,37.1622,0
PM-018,33,1.3115,0.3001,36.9936,0
PM-018,34,1.2842,0.2917,37.0817,0
PM-018,35,1.3101,0.3167,36.7186,0
PM-018,36,1.2894,0.2816,36.0734,0
PM-018,37,1.313,0.2922,36.8202,0
PM-018,38,1.2844,0.3004,36.8985,0
PM-018,39,1.3316,0.2925,37.019,0
PM-018,40,1.3321,0.2872,36.7632,0
PM-018,41,1.3292,0.2687,36.8154,0
PM-018,42,1.295,0.2795,37.0518,0
PM-018,43,1.2893,0.2937,36.6135,0
PM-018,44,1.3064,0.3233,36.8776,0
PM-018,45,1.3005,0.2743,37.146,0
PM-018,46,1.299,0.298,37.178,0
PM-018,47,1.2971,0.3074,37.2192,0
PM-018,48,1.3075,0.2951,36.9016,0
PM-018,49,1.3119,0.2999,36.4642,0
PM-018,50,1.2873,0.3065,36.9677,0
PM-018,51,1.2964,0.3186,37.1369,0
PM-018,52,1.3223,0.2888,37.0089,0
PM-018,53,1.2991,0.2766,36.9524,0
PM-018,54,1.2995,0.291,37.1905,0
PM-018,55,1.2985,0.2932,36.9289,0
PM-018,56,1.3108,0.2966,37.0994,0
PM-018,57,1.275,0.2943,36.8596,0
PM-018,58,1.2744,0.2705,36.7049,0
PM-018,59,1.2877,0.2885,36.9317,0
PM-018,60,1.3106,0.2736,36.6223,0
PM-018,61,1.2833,0.2904,36.9017,0
PM-018,62,1.3207,0.2784,37.1259,0
PM-018,63,1.2711,0.2924,37.0588,0
PM-018,64,1.3134,0.3175,37.6066,0
PM-018,65,1.3088,0.2724,38.036,0
PM-018,66,1.3235,0.3076,36.7651,0
PM-018,67,1.2983,0.2798,37.095,0
PM-018,68,1.2914,0.3029,36.6713,0
PM-018,69,1.3197,0.2964,37.2747,0
PM-018,70,1.3429,0.2964,37.3028,0
PM-018,71,1.3281,0.2918,36.9713,0
PM-018,72,1.3061,0.2856,36.7652,0
PM-018,73,1.3252,0.2815,36.8485,0
PM-018,74,1.2942,0.299,37.5834,0
PM-018,75,1.2969,0.2705,36.9251,0
PM-018,76,1.2812,0.296,36.6647,0
PM-018,77,1.304,0.2742,36.8135,0
PM-018,78,1.2808,0.3109,36.676,0
PM-018,79,1.3118,0.2948,36.9529,0
PM-018,80,1.3082,0.3012,37.2851,0
PM-018,81,1.3194,0.315,36.5741,0
PM-018,82,1.2739,0.317,37.062,0
PM-018,83,1.2794,0.2879,37.0544,0
PM-018,84,1.2998,0.3013,36.5409,0
PM-018,85,1.3001,0.2939,36.6813,0
PM-018,86,1.295,0.2852,36.5605,0
PM-018,87,1.2884,0.295,36.6009,0
PM-018,88,1.2872,0.2666,37.3254,0
PM-018,89,1.3192,0.3102,37.0016,0
PM-018,90,1.3066,0.289,37.2834,0
PM-018,91,1.3012,0.2627,36.3134,0
PM-018,92,1.308,0.2777,36.9225,0
PM-018,93,1.3159,0.2797,36.8034,0
PM-018,94,1.2954,0.2791,36.4645,0
PM-018,95,1.2789,0.2697,36.84,0
PM-018,96,1.2969,0.2842,36.4672,0
PM-018,97,1.3228,0.2828,37.6633,0
PM-018,98,1.318,0.2612,37.2636,0
PM-018,99,1.2867,0.2782,36.8117,0
PM-018,100,1.3234,0.3,36.948,0
PM-018,101,1.2843,0.3063,36.5981,0
PM-018,102,1.3216,0.2971,36.7146,0
PM-018,103,1.3432,0.3058,37.0609,0
PM-018,104,1.3028,0.275,36.9046,0
PM-018,105,1.3328,0.2715,37.0635,0
PM-018,106,1.3286,0.3138,36.6232,0
PM-018,107,1.2898,0.2936,37.0294,0
PM-018,108,1.3263,0.2891,37.177,0
PM-018,109,1.2494,0.2881,37.1767,0
PM-018,110,1.3174,0.2778,37.2012,0
PM-018,111,1.2723,0.3101,36.832,0
PM-018,112,1.2917,0.2877,37.007,0
PM-018,113,1.3423,0.3104,36.5491,0
PM-018,114,1.2799,0.2635,36.9859,0
PM-018,115,1.2973,0.3015,36.743,0
PM-018,116,1.2928,0.2704,37.2243,0
PM-018,117,1.2887,0.2796,37.1832,0
PM-018,118,1.2712,0.3004,36.6628,0
PM-018,119,1.2984,0.2631,37.0665,0
PM-018,120,1.3417,0.2732,37.2398,0
PM-018,121,1.2998,0.3002,36.5393,0
PM-018,122,1.2801,0.2934,36.8283,0
PM-018,123,1.3037,0.2702,37.0764,0
PM-018,124,1.3085,0.3087,36.9882,0
PM-018,125,1.3458,0.3222,36.8984,0
PM-018,126,1.3003,0.2797,36.4865,0
PM-018,127,1.2961,0.2825,36.6576,0
PM-018,128,1.3077,0.2685,36.5385,0
PM-018,129,1.2613,0.2718,36.7121,0
PM-018,130,1.3169,0.3211,36.375,0
PM-018,131,1.3182,0.2777,36.9423,0
PM-018,132,1.3122,0.3132,37.6121,0
PM-018,133,1.3216,0.285,36.4317,0
PM-018,134,1.3053,0.3018,36.5468,0
PM-018,135,1.3162,0.2857,36.5541,0
PM-018,136,1.3034,0.2786,36.5464,0
PM-018,137,1.3064,0.2984,36.7837,0
PM-018,138,1.3062,0.3093,37.1429,0
PM-018,139,1.2842,0.2926,36.6836,0
PM-018,140,1.2727,0.3018,37.1941,0
PM-018,141,1.2912,0.2957,37.3574,0
PM-018,142,1.3212,0.2833,36.8694,0
PM-018,143,1.2865,0.2956,36.9054,0
PM-018,144,1.2776,0.2853,36.2738,0
PM-018,145,1.2799,0.2983,36.9363,0
PM-018,146,1.3196,0.2929,36.8344,0
PM-018,147,1.3379,0.287,36.7777,0
PM-018,148,1.3017,0.2805,36.9704,0
PM-018,149,1.2862,0.2857,36.6697,0
PM-018,150,1.2651,0.2559,36.4661,0
PM-018,151,1.3235,0.2933,36.7492,0
PM-018,152,1.2799,0.3111,36.7008,0
PM-018,153,1.2838,0.2638,36.224,0
PM-018,154,1.3099,0.3174,36.9822,0
PM-018,155,1.3064,0.3191,37.0435,0
PM-018,156,1.3005,0.3005,37.1641,0
PM-018,157,1.3109,0.2849,37.0152,0
PM-018,158,1.2868,0.2917,37.0125,0
PM-018,159,1.3375,0.2987,36.8982,0
PM-018,160,1.2927,0.2834,36.7772,0
PM-018,161,1.3015,0.3059,36.511,0
PM-018,162,1.316,0.2837,36.683,0
PM-018,163,1.3109,0.2865,37.0362,0
PM-018,164,1.3085,0.3042,37.2888,0
PM-018,165,1.2663,0.2952,36.6713,0
PM-018,166,1.3091,0.2711,36.9086,0
PM-018,167,1.2631,0.2928,36.8949,0
PM-018,168,1.2873,0.2862,36.7823,0
PM-018,169,1.2697,0.2727,36.9497,0
PM-018,170,1.3221,0.3039,36.2846,0
PM-018,171,1.3255,0.3117,36.6692,0
PM-018,172,1.2861,0.2844,36.9928,0
PM-018,173,1.2946,0.298,36.5026,0
PM-018,174,1.2793,0.279,36.6482,0
PM-018,175,1.3092,0.2958,37.0908,0
PM-018,176,1.3223,0.2981,36.3586,0
PM-018,177,1.2923,0.2879,36.9706,0
PM-018,178,1.2818,0.3143,36.7729,0
PM-018,179,1.2941,0.2892,36.7386,0
PM-018,180,1.266,0.3108,36.7029,0
PM-018,181,1.3133,0.2858,36.7045,0
PM-018,182,1.2758,0.2654,36.7597,0
PM-018,183,1.2909,0.3137,36.9148,0
PM-018,184,1.3235,0.2696,36.9088,0
PM-018,185,1.3117,0.2938,36.9383,0
PM-018,186,1.2957,0.2742,36.4833,0
PM-018,187,1.3148,0.2822,36.7654,0
PM-018,188,1.2875,0.2787,36.4545,0
PM-018,189,1.3314,0.2616,37.0996,0
PM-018,190,1.3225,0.2943,36.8408,0
PM-018,191,1.3054,0.2861,37.1881,0
PM-018,192,1.3231,0.3003,36.398,0
PM-018,193,1.3142,0.3114,37.0757,0
PM-018,194,1.3204,0.2812,36.751,0
PM-018,195,1.3269,0.3021,36.8191,0
PM-018,196,1.2953,0.2924,36.8038,0
PM-018,197,1.3008,0.3393,36.6821,0
PM-018,198,1.2648,0.2822,37.0596,0
PM-018,199,1.3127,0.276,36.7803,0
PM-018,200,1.318,0.2905,36.5861,0
PM-018,201,1.2844,0.3133,36.7572,0
PM-018,202,1.3018,0.2682,36.8222,0
PM-018,203,1.3572,0.319,36.9695,0
PM-018,204,1.333,0.3012,37.591,0
PM-018,205,1.314,0.3122,36.2594,0
PM-018,206,1.3084,0.2829,37.0616,0
PM-018,207,1.3112,0.3129,37.2067,0
PM-018,208,1.2725,0.2644,36.8317,0
PM-018,209,1.3157,0.3016,36.9134,0
PM-018,210,1.313,0.3045,36.9137,0
PM-018,211,1.3131,0.3028,36.8828,0
PM-018,212,1.3303,0.2742,37.3884,0
PM-018,213,1.3216,0.3245,36.4375,0
PM-018,214,1.2937,0.2994,36.9707,0
PM-018,215,1.2921,0.2967,37.267,0
PM-018,216,1.3035,0.2717,37.5097,0
PM-018,217,1.2815,0.2739,36.6756,0
PM-018,218,1.2884,0.2963,37.6763,0
PM-018,219,1.2828,0.3085,37.4786,0
PM-018,220,1.2922,0.2906,36.9849,0
PM-018,221,1.2916,0.2649,37.299,0
PM-018,222,1.3039,0.2837,36.8802,0
PM-018,223,1.2944,0.301,36.6235,0
PM-018,224,1.2932,0.2943,36.303,0
PM-018,225,1.2958,0.2818,37.0758,0
PM-018,226,1.3056,0.3112,36.2888,0
PM-018,227,1.2884,0.2951,37.2809,0
PM-018,228,1.2786,0.2801,37.2877,0
PM-018,229,1.3468,0.3177,37.408,0
PM-018,230,1.3093,0.2941,37.4638,0
PM-018,231,1.2942,0.277,36.9783,0
PM-018,232,1.2935,0.2806,37.1485,0
PM-018,233,1.2957,0.2949,37.0556,0
PM-018,234,1.2654,0.3107,37.5836,0
PM-018,235,1.3263,0.2382,36.9609,0
PM-018,236,1.2635,0.31,37.2525,0
PM-018,237,1.3082,0.2525,36.8964,0
PM-018,238,1.2783,0.2942,36.8889,0
PM-018,239,1.3216,0.2898,37.3951,0
PM-018,240,1.3087,0.2843,36.8671,0
PM-018,241,1.3265,0.3134,36.0907,0
PM-018,242,1.2768,0.2827,37.3152,0
PM-018,243,1.3259,0.3072,37.2339,0
PM-018,244,1.335,0.3005,37.22,0
PM-018,245,1.3093,0.308,36.7479,0
PM-018,246,1.2834,0.2822,36.8107,0
PM-018,247,1.317,0.3169,36.7117,0
PM-018,248,1.3513,0.2888,36.8991,0
PM-018,249,1.3064,0.2827,36.7432,0
PM-018,250,1.2946,0.2745,36.6474,0
PM-018,251,1.2992,0.286,36.6987,0
PM-018,252,1.3212,0.2659,37.0688,0
PM-018,253,1.3037,0.2964,36.5249,0
PM-018,254,1.2896,0.298,36.7311,0
PM-018,255,1.27,0.2881,36.836,0
PM-018,256,1.3153,0.3092,36.9347,0
PM-018,257,1.3094,0.308,36.8369,0
PM-018,258,1.3115,0.2708,36.7245,0
PM-018,259,1.335,0.3075,37.144,0
PM-018,260,1.283,0.2693,36.6057,0
PM-018,261,1.3028,0.3001,37.3685,0
PM-018,262,1.2766,0.2836,37.3831,0
PM-018,263,1.2689,0.2954,36.316,0
PM-018,264,1.2938,0.3216,37.058,0
PM-018,265,1.3272,0.3003,37.0519,0
PM-018,266,1.2681,0.3231,37.3824,0
PM-018,267,1.2858,0.3151,37.2125,0
PM-018,268,1.3138,0.2953,36.8631,0
PM-018,269,1.3355,0.2942,37.0349,0
PM-018,270,1.3338,0.3096,36.5228,0
PM-018,271,1.289,0.2798,37.0268,0
PM-018,272,1.2911,0.2864,36.8229,0
PM-018,273,1.3081,0.2882,37.1838,0
PM-018,274,1.2789,0.2699,36.6975,0
PM-018,275,1.2804,0.293,36.7734,0
PM-018,276,1.2747,0.2724,36.9481,0
PM-018,277,1.3187,0.2815,36.8671,0
PM-018,278,1.2879,0.2899,37.4219,0
PM-018,279,1.3507,0.2854,36.7399,0
PM-018,280,1.3093,0.2939,37.0976,0
PM-018,281,1.2982,0.2894,37.0257,0
PM-018,282,1.3055,0.2849,36.9304,0
PM-018,283,1.3032,0.2507,36.8761,0
PM-018,284,1.3188,0.2856,36.6701,0
PM-018,285,1.2859,0.2971,36.5973,0
PM-018,286,1.3055,0.2945,36.4931,0
PM-018,287,1.3196,0.3109,36.9687,0
PM-018,288,1.3015,0.2846,36.7546,0
PM-018,289,1.292,0.3033,37.0651,0
PM-018,290,1.2613,0.2699,36.6448,0
PM-018,291,1.2914,0.2986,36.7315,0
PM-018,292,1.3091,0.3161,36.7185,0
PM-018,293,1.2824,0.2752,36.5829,0
PM-018,294,1.3118,0.3035,37.0813,0
PM-018,295,1.2797,0.2864,36.7792,0
PM-018,296,1.335,0.2966,36.9264,0
PM-018,297,1.3063,0.2857,37.0142,0
PM-018,298,1.2911,0.3136,36.6319,0
PM-018,299,1.3045,0.3022,36.8693,0
PM-018,300,1.3032,0.2891,36.6193,0
PM-018,301,1.3354,0.2868,36.5016,0
PM-018,302,1.2862,0.3121,37.5764,0
PM-018,303,1.3081,0.304,37.4472,0
PM-018,304,1.2815,0.298,37.4413,0
PM-018,305,1.3175,0.2881,37.0018,0
PM-018,306,1.338,0.2944,36.6162,0
PM-018,307,1.3129,0.2786,36.673,0
PM-018,308,1.2914,0.2919,36.6396,0
PM-018,309,1.3089,0.2869,37.1389,0
PM-018,310,1.3015,0.2898,36.859,0
PM-018,311,1.3299,0.3054,36.4646,0
PM-018,312,1.2907,0.2936,36.2404,0
PM-018,313,1.3093,0.2794,36.6728,0
PM-018,314,1.2867,0.311,37.076,0
PM-018,315,1.2917,0.2837,36.9427,0
PM-018,316,1.3326,0.2883,36.3344,0
PM-018,317,1.3041,0.2962,37.004,0
PM-018,318,1.2999,0.2942,36.5992,0
PM-018,319,1.3225,0.2843,36.8159,0
PM-018,320,1.3086,0.2953,37.3662,0
PM-018,321,1.3269,0.2847,37.4867,0
PM-018,322,1.3197,0.2941,36.6944,0
PM-018,323,1.2994,0.2634,37.0562,0
PM-018,324,1.2743,0.2995,36.7496,0
PM-018,325,1.3033,0.2829,36.6767,0
PM-018,326,1.3154,0.2828,36.6227,0
PM-018,327,1.2797,0.305,36.5575,0
PM-018,328,1.3008,0.3253,36.6868,0
PM-018,329,1.2851,0.3084,36.5372,0
PM-018,330,1.3224,0.2864,37.1641,0
PM-018,331,1.3095,0.3008,36.7604,0
PM-018,332,1.2929,0.2843,37.292,0
PM-018,333,1.3008,0.3214,36.9627,0
PM-018,334,1.297,0.2889,36.6841,0
PM-018,335,1.3052,0.2908,36.709,0
PM-018,336,1.2995,0.2846,36.9794,0
PM-018,337,1.315,0.2827,36.7562,0
PM-018,338,1.2826,0.3091,36.3608,0
PM-018,339,1.2875,0.3028,36.7039,0
PM-018,340,1.2873,0.3022,36.213,0
PM-018,341,1.3013,0.2839,36.7343,0
PM-018,342,1.322,0.2918,36.547,0
PM-018,343,1.2711,0.2912,36.4801,0
PM-018,344,1.3248,0.2756,36.8896,0
PM-018,345,1.2618,0.2637,36.8304,0
PM-018,346,1.3647,0.2837,37.1004,0
PM-018,347,1.2908,0.3074,36.8658,0
PM-018,348,1.2758,0.2884,36.3589,0
PM-018,349,1.2829,0.2979,36.6969,0
PM-018,350,1.292,0.3062,36.7428,0
PM-018,351,1.3109,0.2832,37.1682,0
PM-018,352,1.3269,0.2626,36.5978,0
PM-018,353,1.296,0.2819,37.1506,0
PM-018,354,1.3051,0.2779,37.3185,0
PM-018,355,1.3358,0.2722,36.7116,0
PM-018,356,1.3317,0.3061,37.3144,0
PM-018,357,1.3716,0.2984,37.2763,0
PM-018,358,1.3827,0.2919,36.658,0
PM-018,359,1.3415,0.316,37.4372,0
PM-018,360,1.3465,0.2897,36.511,0
PM-018,361,1.3523,0.2745,36.6017,0
PM-018,362,1.3626,0.273,36.9999,0
PM-018,363,1.384,0.2763,36.7166,0
PM-018,364,1.3432,0.301,36.447,0
PM-018,365,1.3933,0.2965,37.5409,0
PM-018,366,1.4199,0.2743,37.4408,0
PM-018,367,1.3829,0.28,36.7409,0
PM-018,368,1.3949,0.3245,36.0487,0
PM-018,369,1.4449,0.3046,36.9436,0
PM-018,370,1.403,0.2907,37.1487,0
PM-018,371,1.4414,0.2797,37.1253,0
PM-018,372,1.4175,0.2895,37.287,0
PM-018,373,1.4523,0.2683,36.9338,0
PM-018,374,1.4519,0.2996,36.1382,0
PM-018,375,1.4236,0.2755,36.703,0
PM-018,376,1.4606,0.2991,36.707,0
PM-018,377,1.4302,0.2929,36.6066,0
PM-018,378,1.4898,0.3229,37.1285,0
PM-018,379,1.4885,0.3335,36.4835,0
PM-018,380,1.5131,0.3417,36.7811,0
PM-018,381,1.513,0.3489,36.8774,0
PM-018,382,1.5114,0.3277,37.2893,0
PM-018,383,1.4988,0.3449,36.8804,0
PM-018,384,1.5033,0.3194,37.1591,0
PM-018,385,1.5214,0.3772,37.2583,0
PM-018,386,1.5533,0.3655,37.1195,0
PM-018,387,1.5395,0.3716,36.7589,0
PM-018,388,1.4947,0.3747,37.1123,0
PM-018,389,1.5243,0.3765,37.0427,0
PM-018,390,1.5794,0.372,36.4367,0
PM-018,391,1.5553,0.371,36.8581,0
PM-018,392,1.5746,0.3795,37.0121,0
PM-018,393,1.5573,0.3932,36.6656,0
PM-018,394,1.5824,0.3652,37.1764,0
PM-018,395,1.5874,0.4025,36.6469,0
PM-018,396,1.5895,0.3876,36.9409,0
PM-018,397,1.6193,0.3919,36.9352,0
PM-018,398,1.6101,0.4146,36.6237,0
PM-018,399,1.6314,0.4122,36.9589,0
PM-018,400,1.6761,0.3948,37.2815,0
PM-018,401,1.6451,0.4354,37.4142,0
PM-018,402,1.6474,0.4368,38.1633,0
PM-018,403,1.6473,0.4327,37.1565,0
PM-018,404,1.6413,0.4436,37.7063,0
PM-018,405,1.6627,0.4548,37.5944,0
PM-018,406,1.7218,0.452,38.0359,0
PM-018,407,1.6825,0.4455,37.8006,0
PM-018,408,1.6635,0.4334,38.3568,0
PM-018,409,1.6814,0.4631,38.6507,0
PM-018,410,1.7241,0.4711,38.2467,0
PM-018,411,1.7048,0.5066,38.4807,0
PM-018,412,1.7748,0.4588,38.5621,0
PM-018,413,1.7454,0.4993,38.8566,0
PM-018,414,1.7171,0.4682,38.7325,0
PM-018,415,1.7573,0.5181,38.9384,0
PM-018,416,1.7416,0.5005,39.0903,0
PM-018,417,1.7744,0.4966,39.1078,0
PM-018,418,1.7671,0.4974,38.9865,1
PM-018,419,1.7931,0.5113,39.6486,1
PM-018,420,1.7859,0.4958,39.3047,1
PM-018,421,1.7805,0.5176,39.6929,1
PM-018,422,1.7901,0.5377,39.7254,1
PM-018,423,1.7949,0.5091,39.6772,1
PM-018,424,1.7897,0.5288,39.8653,1
PM-018,425,1.8198,0.5668,39.6907,1
PM-018,426,1.811,0.532,39.8132,1
PM-018,427,1.8116,0.534,40.4035,1
PM-018,428,1.826,0.55,40.5452,1
PM-018,429,1.8078,0.5441,40.6784,1
PM-018,430,1.8231,0.5334,41.1716,1
PM-018,431,1.8575,0.584,40.5923,1
PM-018,432,1.8302,0.5779,40.5985,1
PM-018,433,1.8854,0.5819,41.1066,1
PM-018,434,1.8763,0.6136,41.3636,1
PM-018,435,1.8752,0.5899,41.0252,1
PM-018,436,1.8759,0.6114,41.4179,1
PM-018,437,1.9088,0.584,41.7782,1
PM-018,438,1.8967,0.6055,41.6614,1
PM-018,439,1.9115,0.6053,42.1476,1
PM-018,440,1.8849,0.6197,41.6808,1
PM-018,441,1.903,0.6485,41.7151,1
PM-018,442,1.8929,0.6355,41.9715,1
PM-018,443,1.9619,0.5922,42.7946,1
PM-018,444,1.9624,0.6276,41.8378,1
PM-018,445,1.9241,0.6251,42.6907,1
PM-018,446,1.9406,0.6095,42.664,1
PM-018,447,1.9849,0.6779,42.407,1
PM-018,448,1.9537,0.6048,42.3695,1
PM-018,449,1.9579,0.6411,42.7927,1
PM-018,450,1.9983,0.667,42.9177,1
PM-018,451,1.9939,0.6437,43.0212,1
PM-018,452,1.9749,0.6577,43.8666,1
PM-018,453,2.0108,0.6647,43.5723,1
PM-018,454,2.0071,0.7036,43.6538,1
PM-018,455,1.9989,0.7029,43.8529,1
PM-018,456,2.0386,0.7002,44.0048,1
PM-018,457,2.0467,0.6902,44.1771,1
PM-018,458,2.0401,0.7173,44.1736,1
PM-018,459,2.0544,0.7116,44.1907,1
PM-018,460,2.0833,0.7211,44.2842,1
PM-018,461,1.9998,0.7246,44.5064,1
PM-018,462,2.1207,0.6969,44.4349,1
PM-018,463,2.0483,0.7103,45.0869,1
PM-018,464,2.0531,0.7051,44.9125,1
PM-018,465,2.0974,0.7258,44.0878,1
PM-018,466,2.126,0.7319,44.6705,1
PM-018,467,2.1143,0.7591,45.0158,1
PM-018,468,2.102,0.7455,45.3295,1
PM-018,469,2.1317,0.7461,45.7029,1
PM-018,470,2.1117,0.7519,45.3996,1
PM-018,471,2.1056,0.7647,45.5999,1
PM-018,472,2.1397,0.7716,45.6324,1
PM-018,473,2.1789,0.7759,45.9224,1
PM-018,474,2.1444,0.7452,46.1698,1
PM-018,475,2.1272,0.7743,46.3122,1
PM-018,476,2.1548,0.7762,45.7488,1
PM-018,477,2.1608,0.7759,46.1474,1
PM-018,478,2.189,0.7961,46.8389,1
PM-018,479,2.1838,0.8057,46.3336,1
PM-019,0,1.4684,0.3401,38.6755,0
PM-019,1,1.453,0.3099,38.5706,0
PM-019,2,1.4769,0.3233,38.3712,0
PM-019,3,1.4741,0.319,38.7211,0
PM-019,4,1.4682,0.3614,38.6749,0
PM-019,5,1.4719,0.3079,39.0105,0
PM-019,6,1.4467,0.2977,38.7716,0
PM-019,7,1.4931,0.323,39.3905,0
PM-019,8,1.4734,0.3198,38.7695,0
PM-019,9,1.4846,0.3225,38.7296,0
PM-019,10,1.4577,0.3347,39.0754,0
PM-019,11,1.4744,0.3237,39.2482,0
PM-019,12,1.4687,0.3274,38.8115,0
PM-019,13,1.5159,0.3522,39.0205,0
PM-019,14,1.5546,0.3248,37.442,0
PM-019,15,1.4736,0.3176,39.2468,0
PM-019,16,1.4801,0.3442,39.023,0
PM-019,17,1.4897,0.3304,38.867,0
PM-019,18,1.5065,0.3206,38.6671,0
PM-019,19,1.492,0.3273,38.7191,0
PM-019,20,1.5275,0.3351,38.614,0
PM-019,21,1.4958,0.3102,38.4379,0
PM-019,22,1.4998,0.3115,38.7941,0
PM-019,23,1.463,0.32,38.6521,0
PM-019,24,1.4819,0.359,39.1663,0
PM-019,25,1.4815,0.3213,38.5701,0
PM-019,26,1.463,0.3221,39.1815,0
PM-019,27,1.4206,0.3397,39.126,0
PM-019,28,1.4411,0.3249,38.6508,0
PM-019,29,1.4805,0.3276,38.8771,0
PM-019,30,1.4564,0.3488,38.639,0
PM-019,31,1.5364,0.3102,38.4644,0
PM-019,32,1.4903,0.3378,39.1638,0
PM-019,33,1.464,0.3193,39.3415,0
PM-019,34,1.4764,0.3377,38.2135,0
PM-019,35,1.4515,0.3388,38.7372,0
PM-019,36,1.4989,0.3149,38.2848,0
PM-019,37,1.4856,0.3034,38.8192,0
PM-019,38,1.4645,0.3341,38.7007,0
PM-019,39,1.4778,0.3295,39.0604,0
PM-019,40,1.4874,0.3511,39.304,0
PM-019,41,1.4698,0.3076,38.415,0
PM-019,42,1.5198,0.3061,38.6651,0
PM-019,43,1.484,0.3509,38.3885,0
PM-019,44,1.5055,0.3246,38.7434,0
PM-019,45,1.4833,0.3138,38.657,0
PM-019,46,1.4693,0.3047,38.4285,0
PM-019,47,1.5074,0.3191,38.983,0
PM-019,48,1.4802,0.3214,38.7589,0
PM-019,49,1.4984,0.3141,38.7354,0
PM-019,50,1.5019,0.3406,39.2273,0
PM-019,51,1.4645,0.3148,38.7221,0
PM-019,52,1.4575,0.3374,38.8682,0
PM-019,53,1.4807,0.3398,38.5551,0
PM-019,54,1.5064,0.3505,38.874,0
PM-019,55,1.4837,0.3269,38.3649,0
PM-019,56,1.4799,0.3552,39.4191,0
PM-019,57,1.4856,0.3162,39.0903,0
PM-019,58,1.4831,0.3385,38.5588,0
PM-019,59,1.4899,0.3189,38.78,0
PM-019,60,1.4724,0.3223,38.8725,0
PM-019,61,1.4977,0.3219,39.2167,0
PM-019,62,1.4581,0.3019,38.6036,0
PM-019,63,1.484,0.3487,38.7259,0
PM-019,64,1.4649,0.3147,38.806,0
PM-019,65,1.4623,0.3533,38.0792,0
PM-019,66,1.4685,0.3159,38.4892,0
PM-019,67,1.4973,0.3145,38.9678,0
PM-019,68,1.5154,0.3429,38.8296,0
PM-019,69,1.4838,0.3376,38.6958,0
PM-019,70,1.474,0.3095,38.8742,0
PM-019,71,1.4627,0.3137,39.4129,0
PM-019,72,1.4973,0.3304,38.5655,0
PM-019,73,1.4992,0.3091,38.3241,0
PM-019,74,1.4727,0.3067,38.9212,0
PM-019,75,1.4911,0.3278,38.9568,0
PM-019,76,1.4946,0.3142,38.9257,0
PM-019,77,1.4901,0.3151,38.6744,0
PM-019,78,1.5008,0.3046,38.8817,0
PM-019,79,1.4816,0.3239,38.6965,0
PM-019,80,1.4922,0.3007,38.8573,0
PM-019,81,1.4628,0.3398,38.3938,0
PM-019,82,1.4359,0.2989,38.7647,0
PM-019,83,1.4527,0.3048,38.5724,0
PM-019,84,1.4944,0.3128,38.7187,0
PM-019,85,1.4793,0.3027,38.9037,0
PM-019,86,1.5288,0.2984,38.5169,0
PM-019,87,1.4583,0.3214,38.3464,0
PM-019,88,1.5089,0.3456,38.9893,0
PM-019,89,1.5025,0.3261,39.1056,0
PM-019,90,1.4777,0.3163,38.9809,0
PM-019,91,1.4761,0.3564,39.0979,0
PM-019,92,1.4726,0.3218,38.7395,0
PM-019,93,1.4688,0.3377,38.5199,0
PM-019,94,1.4819,0.3128,38.6176,0
PM-019,95,1.4992,0.3345,38.6768,0
PM-019,96,1.5065,0.3329,38.8168,0
PM-019,97,1.502,0.3456,38.9137,0
PM-019,98,1.4893,0.2955,38.8604,0
PM-019,99,1.4931,0.3291,38.5114,0
PM-019,100,1.4701,0.3352,38.6653,0
PM-019,101,1.4873,0.2928,38.777,0
PM-019,102,1.4999,0.3289,38.7399,0
PM-019,103,1.4628,0.2975,38.5473,0
PM-019,104,1.5046,0.3235,38.9889,0
PM-019,105,1.5125,0.3262,39.0354,0
PM-019,106,1.5065,0.3034,38.5531,0
PM-019,107,1.4501,0.2971,38.6321,0
PM-019,108,1.4787,0.2963,38.9181,0
PM-019,109,1.4741,0.3459,38.8368,0
PM-019,110,1.4873,0.3213,38.7459,0
PM-019,111,1.4912,0.3379,38.3818,0
PM-019,112,1.467,0.3288,38.77,0
PM-019,113,1.4996,0.3143,39.1609,0
PM-019,114,1.4735,0.3196,39.1101,0
PM-019,115,1.4952,0.3541,39.0663,0
PM-019,116,1.5096,0.3199,39.1727,0
PM-019,117,1.4852,0.2911,38.924,0
PM-019,118,1.495,0.308,38.8896,0
PM-019,119,1.4861,0.3425,38.9132,0
PM-019,120,1.4838,0.3044,38.1918,0
PM-019,121,1.5091,0.3303,38.7096,0
PM-019,122,1.4949,0.3208,38.1814,0
PM-019,123,1.5041,0.3415,38.6831,0
PM-019,124,1.483,0.3152,39.3351,0
PM-019,125,1.5079,0.3122,38.9632,0
PM-019,126,1.4663,0.3122,38.6488,0
PM-019,127,1.4716,0.301,39.1796,0
PM-019,128,1.488,0.3477,38.7318,0
PM-019,129,1.4544,0.3397,38.8601,0
PM-019,130,1.4785,0.3424,38.3787,0
PM-019,131,1.5034,0.3351,38.8511,0
PM-019,132,1.4542,0.3384,39.0049,0
PM-019,133,1.4891,0.3235,38.4431,0
PM-019,134,1.4614,0.3127,38.3091,0
PM-019,135,1.453,0.3177,38.3817,0
PM-019,136,1.4791,0.3253,38.347,0
PM-019,137,1.5003,0.3395,38.1259,0
PM-019,138,1.5108,0.3327,38.8098,0
PM-019,139,1.513,0.3259,38.5476,0
PM-019,140,1.4539,0.3226,38.7454,0
PM-019,141,1.4497,0.319,39.2423,0
PM-019,142,1.4939,0.3041,38.873,0
PM-019,143,1.4978,0.3398,38.9569,0
PM-019,144,1.507,0.3357,38.7085,0
PM-019,145,1.4904,0.3209,38.9027,0
PM-019,146,1.4985,0.3232,38.8727,0
PM-019,147,1.4741,0.3198,38.761,0
PM-019,148,1.4726,0.3443,38.9606,0
PM-019,149,1.4986,0.3328,38.8326,0
PM-019,150,1.4594,0.3412,39.4061,0
PM-019,151,1.497,0.3125,38.9599,0
PM-019,152,1.4678,0.3172,38.0557,0
PM-019,153,1.5112,0.3291,38.9536,0
PM-019,154,1.4996,0.3315,39.0747,0
PM-019,155,1.5111,0.3238,38.2833,0
PM-019,156,1.4669,0.3336,38.4735,0
PM-019,157,1.4825,0.3619,39.0951,0
PM-019,158,1.4436,0.3593,39.1918,0
PM-019,159,1.4971,0.3264,38.3679,0
PM-019,160,1.4763,0.2946,39.0671,0
PM-019,161,1.4875,0.3132,39.0847,0
PM-019,162,1.4904,0.3489,38.6485,0
PM-019,163,1.5117,0.3277,38.5493,0
PM-019,164,1.4957,0.3255,38.9184,0
PM-019,165,1.4641,0.2897,38.6333,0
PM-019,166,1.4952,0.3325,38.6455,0
PM-019,167,1.4885,0.3185,38.7415,0
PM-019,168,1.509,0.3043,39.3477,0
PM-019,169,1.4873,0.3546,39.3401,0
PM-019,170,1.4383,0.3271,38.4873,0
PM-019,171,1.4811,0.3312,39.2188,0
PM-019,172,1.4621,0.3623,38.6074,0
PM-019,173,1.4569,0.3408,38.8199,0
PM-019,174,1.528,0.3096,38.837,0
PM-019,175,1.5092,0.3117,39.1662,0
PM-019,176,1.4917,0.3093,39.1607,0
PM-019,177,1.4799,0.3422,38.5708,0
PM-019,178,1.4548,0.3178,38.745,0
PM-019,179,1.4877,0.3324,39.3696,0
PM-019,180,1.4817,0.3511,39.0891,0
PM-019,181,1.4822,0.329,38.9004,0
PM-019,182,1.5043,0.342,38.3616,0
PM-019,183,1.5034,0.3305,38.8995,0
PM-019,184,1.4811,0.3349,39.0482,0
PM-019,185,1.486,0.3397,38.5924,0
PM-019,186,1.484,0.3298,38.6888,0
PM-019,187,1.4772,0.3104,38.9112,0
PM-019,188,1.5227,0.3334,38.7314,0
PM-019,189,1.5101,0.3238,39.0067,0
PM-019,190,1.495,0.302,38.8118,0
PM-019,191,1.5267,0.3162,39.2597,0
PM-019,192,1.504,0.3176,38.8133,0
PM-019,193,1.4646,0.3386,38.4981,0
PM-019,194,1.4939,0.3533,38.6176,0
PM-019,195,1.4927,0.3034,38.8243,0
PM-019,196,1.4655,0.3295,38.651,0
PM-019,197,1.466,0.3238,38.0161,0
PM-019,198,1.4647,0.3614,38.7428,0
PM-019,199,1.4763,0.3314,39.1294,0
PM-019,200,1.5188,0.3251,38.7548,0
PM-019,201,1.4938,0.327,38.767,0
PM-019,202,1.4982,0.3349,38.8349,0
PM-019,203,1.5344,0.3547,38.9837,0
PM-019,204,1.5093,0.316,38.826,0
PM-019,205,1.5008,0.347,38.5067,0
PM-019,206,1.473,0.3273,39.2747,0
PM-019,207,1.4877,0.3434,38.7693,0
PM-019,208,1.5008,0.3098,38.5909,0
PM-019,209,1.4811,0.3082,38.4404,0
PM-019,210,1.4771,0.3034,38.7621,0
PM-019,211,1.4905,0.3125,38.6903,0
PM-019,212,1.4771,0.3482,38.8298,0
PM-019,213,1.5289,0.3182,38.6572,0
PM-019,214,1.5068,0.2865,39.0158,0
PM-019,215,1.4819,0.3261,38.681,0
PM-019,216,1.4956,0.2967,38.5586,0
PM-019,217,1.523,0.3253,38.4269,0
PM-019,218,1.485,0.3356,38.8107,0
PM-019,219,1.4815,0.3155,38.402,0
PM-019,220,1.4464,0.3119,39.1757,0
PM-019,221,1.4753,0.3219,38.3249,0
PM-019,222,1.4839,0.3183,38.6817,0
PM-019,223,1.4719,0.3156,38.7087,0
PM-019,224,1.4832,0.2905,38.2774,0
PM-019,225,1.4732,0.3382,38.3568,0
PM-019,226,1.4954,0.3492,38.7017,0
PM-019,227,1.4748,0.3324,38.8144,0
PM-019,228,1.4713,0.3284,38.5759,0
PM-019,229,1.5113,0.3211,38.9087,0
PM-019,230,1.5171,0.3216,38.5563,0
PM-019,231,1.4723,0.3243,38.7387,0
PM-019,232,1.4802,0.3296,38.8183,0
PM-019,233,1.4746,0.3245,38.5747,0
PM-019,234,1.4741,0.2894,38.5317,0
PM-019,235,1.5001,0.3338,39.001,0
PM-019,236,1.4923,0.3171,38.4021,0
PM-019,237,1.4775,0.2779,39.1244,0
PM-019,238,1.4879,0.3372,38.6276,0
PM-019,239,1.4517,0.3271,38.8333,0
PM-019,240,1.481,0.3286,38.6384,0
PM-019,241,1.4878,0.3314,39.2844,0
PM-019,242,1.4991,0.3058,38.6648,0
PM-019,243,1.4667,0.3449,38.6346,0
PM-019,244,1.4785,0.3227,38.9025,0
PM-019,245,1.46,0.3242,39.0633,0
PM-019,246,1.4772,0.3518,38.5164,0
PM-019,247,1.4737,0.336,38.7915,0
PM-019,248,1.4792,0.3076,38.6067,0
PM-019,249,1.5204,0.3291,38.9546,0
PM-019,250,1.4713,0.3273,38.6989,0
PM-019,251,1.4589,0.3133,38.6257,0
PM-019,252,1.5257,0.3524,38.2796,0
PM-019,253,1.4673,0.3216,38.7896,0
PM-019,254,1.4812,0.3521,38.64,0
PM-019,255,1.5201,0.3388,38.7629,0
PM-019,256,1.4709,0.3145,39.3645,0
PM-019,257,1.4982,0.3288,38.123,0
PM-019,258,1.4739,0.3188,38.847,0
PM-019,259,1.4811,0.3186,38.8783,0
PM-019,260,1.5018,0.3154,38.4847,0
PM-019,261,1.4725,0.3099,38.7019,0
PM-019,262,1.5239,0.3193,38.4515,0
PM-019,263,1.475,0.3478,38.6982,0
PM-019,264,1.4676,0.2984,38.6815,0
PM-019,265,1.4548,0.3276,38.6553,0
PM-019,266,1.4419,0.3493,39.423,0
PM-019,267,1.4889,0.3474,38.8504,0
PM-019,268,1.4449,0.3205,38.592,0
PM-019,269,1.4539,0.3244,38.5581,0
PM-019,270,1.4876,0.3354,39.2912,0
PM-019,271,1.4831,0.3075,38.6205,0
PM-019,272,1.4754,0.3588,38.7496,0
PM-019,273,1.494,0.3407,39.1945,0
PM-019,274,1.4879,0.3191,38.6343,0
PM-019,275,1.4581,0.3377,39.6036,0
PM-019,276,1.5108,0.3247,38.3962,0
PM-019,277,1.4727,0.3304,38.6795,0
PM-019,278,1.4813,0.3301,38.8455,0
PM-019,279,1.5303,0.3585,38.6889,0
PM-019,280,1.5044,0.3035,39.0639,0
PM-019,281,1.4935,0.3108,39.1277,0
PM-019,282,1.4633,0.3224,38.8254,0
PM-019,283,1.45,0.3267,38.5112,0
PM-019,284,1.4755,0.3229,38.273,0
PM-019,285,1.4736,0.3217,38.6717,0
PM-019,286,1.4647,0.304,38.476,0
PM-019,287,1.445,0.3117,39.1502,0
PM-019,288,1.4529,0.338,38.379,0
PM-019,289,1.4939,0.3638,38.9587,0
PM-019,290,1.48,0.3219,39.0481,0
PM-019,291,1.4917,0.3283,38.641,0
PM-019,292,1.4904,0.2975,38.6023,0
PM-019,293,1.5196,0.3374,38.7429,0
PM-019,294,1.462,0.3546,38.5949,0
PM-019,295,1.4646,0.327,38.6196,0
PM-019,296,1.4435,0.3027,38.7223,0
PM-019,297,1.4612,0.3011,38.3421,0
PM-019,298,1.4801,0.3224,39.0338,0
PM-019,299,1.4597,0.3216,38.5804,0
PM-019,300,1.4948,0.3246,38.8846,0
PM-019,301,1.5084,0.3273,39.1105,0
PM-019,302,1.4576,0.3025,39.1789,0
PM-019,303,1.4894,0.3333,39.1325,0
PM-019,304,1.4686,0.3151,39.028,0
PM-019,305,1.4769,0.316,38.4007,0
PM-019,306,1.5017,0.3162,39.0459,0
PM-019,307,1.4937,0.3453,38.2746,0
PM-019,308,1.4264,0.3507,39.0852,0
PM-019,309,1.4633,0.312,38.7957,0
PM-019,310,1.4798,0.3144,38.5275,0
PM-019,311,1.4742,0.3318,38.7865,0
PM-019,312,1.474,0.3143,39.4248,0
PM-019,313,1.4723,0.3322,39.5207,0
PM-019,314,1.4976,0.3315,39.1523,0
PM-019,315,1.5116,0.3239,38.3831,0
PM-019,316,1.4807,0.3331,38.6783,0
PM-019,317,1.4792,0.3486,39.0174,0
PM-019,318,1.4956,0.3088,38.708,0
PM-019,319,1.4914,0.3341,39.2581,0
PM-019,320,1.4972,0.3163,39.346,0
PM-019,321,1.4782,0.3381,38.6088,0
PM-019,322,1.4683,0.304,38.3965,0
PM-019,323,1.48,0.344,38.8605,0
PM-019,324,1.4596,0.3368,38.7804,0
PM-019,325,1.5312,0.317,38.5102,0
PM-019,326,1.5412,0.3394,38.2687,0
PM-019,327,1.5195,0.2987,39.0683,0
PM-019,328,1.4957,0.3055,39.1979,0
PM-019,329,1.5319,0.3354,38.6365,0
PM-019,330,1.5277,0.3479,38.8779,0
PM-019,331,1.5817,0.3214,39.0696,0
PM-019,332,1.5629,0.3273,39.1904,0
PM-019,333,1.5357,0.3373,38.4699,0
PM-019,334,1.5269,0.3249,38.7431,0
PM-019,335,1.5357,0.3358,39.2501,0
PM-019,336,1.5571,0.34,38.5912,0
PM-019,337,1.5652,0.3236,39.0318,0
PM-019,338,1.5733,0.2944,39.1416,0
PM-019,339,1.5829,0.2899,39.2079,0
PM-019,340,1.6158,0.3082,38.3563,0
PM-019,341,1.6149,0.3415,38.9263,0
PM-019,342,1.5888,0.3125,38.9617,0
PM-019,343,1.5906,0.3148,39.0168,0
PM-019,344,1.6288,0.3469,38.2358,0
PM-019,345,1.6048,0.3192,38.7763,0
PM-019,346,1.5951,0.334,39.3485,0
PM-019,347,1.6024,0.3321,39.1582,0
PM-019,348,1.6271,0.3221,38.8351,0
PM-019,349,1.6523,0.3179,39.0926,0
PM-019,350,1.639,0.3307,38.3217,0
PM-019,351,1.6359,0.3354,38.4232,0
PM-019,352,1.6642,0.3505,39.0759,0
PM-019,353,1.6747,0.3425,38.6875,0
PM-019,354,1.6512,0.3319,38.8968,0
PM-019,355,1.6751,0.3505,39.0233,0
PM-019,356,1.6707,0.382,38.7353,0
PM-019,357,1.6573,0.3901,38.8913,0
PM-019,358,1.6699,0.365,38.5328,0
PM-019,359,1.7144,0.3436,38.8652,0
PM-019,360,1.6659,0.3504,38.9048,0
PM-019,361,1.6817,0.3929,39.0709,0
PM-019,362,1.7027,0.3936,39.2238,0
PM-019,363,1.6982,0.403,38.5483,0
PM-019,364,1.7231,0.3845,38.606,0
PM-019,365,1.7215,0.3887,38.7423,0
PM-019,366,1.7578,0.3808,38.9103,0
PM-019,367,1.7186,0.39,38.2251,0
PM-019,368,1.7673,0.4054,38.512,0
PM-019,369,1.7541,0.4076,39.1121,0
PM-019,370,1.7369,0.4145,39.0368,0
PM-019,371,1.7416,0.4135,38.3984,0
PM-019,372,1.7512,0.4009,38.4635,0
PM-019,373,1.7481,0.418,39.0733,0
PM-019,374,1.7856,0.4513,38.6655,0
PM-019,375,1.7678,0.4337,38.5994,0
PM-019,376,1.7996,0.4168,38.76,0
PM-019,377,1.8272,0.4294,38.6493,0
PM-019,378,1.7682,0.4637,38.8187,0
PM-019,379,1.7981,0.4515,38.9218,0
PM-019,380,1.8002,0.4335,39.0842,0
PM-019,381,1.8202,0.4526,39.0413,0
PM-019,382,1.8472,0.4666,38.8301,0
PM-019,383,1.8571,0.4762,39.5056,0
PM-019,384,1.8211,0.4826,39.4719,0
PM-019,385,1.8194,0.4779,39.7983,0
PM-019,386,1.8597,0.4504,39.7275,0
PM-019,387,1.8468,0.4529,39.8974,0
PM-019,388,1.8734,0.4845,39.4916,0
PM-019,389,1.8933,0.497,40.0737,0
PM-019,390,1.8896,0.5108,40.0842,0
PM-019,391,1.8541,0.4861,39.9264,0
PM-019,392,1.9068,0.5034,39.972,0
PM-019,393,1.8842,0.5238,40.4565,0
PM-019,394,1.9148,0.491,40.3043,0
PM-019,395,1.8868,0.5341,40.4207,0
PM-019,396,1.8938,0.4853,40.9802,0
PM-019,397,1.9402,0.4884,40.7157,0
PM-019,398,1.9356,0.5301,40.6161,0
PM-019,399,1.9035,0.5443,41.073,0
PM-019,400,1.9409,0.5481,41.5926,0
PM-019,401,1.9273,0.5295,40.9103,0
PM-019,402,1.921,0.5561,41.5299,1
PM-019,403,1.9665,0.567,41.252,1
PM-019,404,1.9584,0.5555,41.1905,1
PM-019,405,1.9352,0.5517,41.2715,1
PM-019,406,2.0057,0.531,41.4887,1
PM-019,407,1.9738,0.5447,41.4636,1
PM-019,408,1.9749,0.5435,41.8187,1
PM-019,409,2.0109,0.559,42.0216,1
PM-019,410,2.0192,0.5836,41.668,1
PM-019,411,1.96,0.5677,41.9988,1
PM-019,412,1.9551,0.5765,41.828,1
PM-019,413,1.9998,0.5752,42.1089,1
PM-019,414,2.0229,0.5687,41.717,1
PM-019,415,2.0301,0.5972,42.5222,1
PM-019,416,2.0015,0.6005,42.0717,1
PM-019,417,2.0189,0.6179,42.73,1
PM-019,418,2.0292,0.5967,42.3151,1
PM-019,419,2.0687,0.6179,42.98,1
PM-019,420,2.0402,0.601,42.6077,1
PM-019,421,2.0763,0.5831,43.1004,1
PM-019,422,2.0219,0.6111,43.0179,1
PM-019,423,2.0335,0.6051,43.3389,1
PM-019,424,2.0944,0.6264,43.009,1
PM-019,425,2.0511,0.6144,43.3035,1
PM-019,426,2.0814,0.6477,43.3831,1
PM-019,427,2.0686,0.6162,43.4374,1
PM-019,428,2.0546,0.6278,43.217,1
PM-019,429,2.0881,0.6475,43.804,1
PM-019,430,2.1127,0.6306,44.2102,1
PM-019,431,2.118,0.6577,44.2176,1
PM-019,432,2.1139,0.6503,44.3792,1
PM-019,433,2.0994,0.6527,44.4168,1
PM-019,434,2.1176,0.6509,43.8813,1
PM-019,435,2.1322,0.657,44.4062,1
PM-019,436,2.166,0.6834,43.6573,1
PM-019,437,2.1532,0.6829,44.36,1
PM-019,438,2.1694,0.6793,43.9613,1
PM-019,439,2.1531,0.6746,44.4507,1
PM-019,440,2.1632,0.6922,44.935,1
PM-019,441,2.1756,0.6689,44.5107,1
PM-019,442,2.1727,0.7062,45.0301,1
PM-019,443,2.1309,0.7021,44.5518,1
PM-019,444,2.1924,0.6893,45.2047,1
PM-019,445,2.2265,0.6961,44.9825,1
PM-019,446,2.1814,0.6827,45.0026,1
PM-019,447,2.2171,0.6794,45.2105,1
PM-019,448,2.2063,0.7067,45.8986,1
PM-019,449,2.2039,0.7115,45.6334,1
PM-019,450,2.2183,0.7204,45.6621,1
PM-019,451,2.1795,0.7073,45.9516,1
PM-019,452,2.2445,0.7472,45.4404,1
PM-019,453,2.2132,0.7543,45.8541,1
PM-019,454,2.248,0.7861,46.3783,1
PM-019,455,2.2371,0.7373,46.3162,1
PM-019,456,2.2087,0.7498,46.1702,1
PM-019,457,2.2512,0.7486,46.8179,1
PM-019,458,2.2636,0.7543,46.6576,1
PM-019,459,2.2656,0.7645,46.504,1
PM-019,460,2.2931,0.7776,46.8347,1
PM-019,461,2.2297,0.7648,46.1506,1
PM-019,462,2.2889,0.79,47.1656,1
PM-019,463,2.2816,0.7674,46.3661,1
PM-019,464,2.2929,0.7705,46.6358,1
PM-019,465,2.2787,0.7594,47.752,1
PM-019,466,2.3064,0.7925,47.4774,1
PM-019,467,2.342,0.8087,47.5807,1
PM-019,468,2.285,0.8031,47.2726,1
PM-019,469,2.2959,0.787,47.5333,1
PM-019,470,2.2755,0.8024,47.9234,1
PM-019,471,2.3343,0.7839,47.8602,1
PM-019,472,2.3377,0.8301,47.0828,1
PM-019,473,2.2924,0.8063,47.7289,1
PM-019,474,2.355,0.8178,48.4179,1
PM-019,475,2.3505,0.8221,47.6624,1
PM-019,476,2.4103,0.8358,48.4167,1
PM-019,477,2.3506,0.8434,48.5509,1
PM-019,478,2.3852,0.8252,48.0264,1
PM-019,479,2.377,0.8187,48.5517,1
PM-020,0,1.4021,0.2623,36.9084,0
PM-020,1,1.4382,0.2601,36.73,0
PM-020,2,1.4086,0.2398,36.8705,0
PM-020,3,1.425,0.2689,37.0774,0
PM-020,4,1.396,0.2598,37.2281,0
PM-020,5,1.3715,0.2558,36.954,0
PM-020,6,1.43,0.2598,37.1563,0
PM-020,7,1.4013,0.2541,37.2941,0
PM-020,8,1.4097,0.2567,36.5503,0
PM-020,9,1.4096,0.2239,36.8562,0
PM-020,10,1.4122,0.2655,36.7113,0
PM-020,11,1.4184,0.2761,36.8188,0
PM-020,12,1.38,0.2584,36.6534,0
PM-020,13,1.3946,0.2679,37.5741,0
PM-020,14,1.391,0.243,36.8791,0
PM-020,15,1.4,0.283,36.8519,0
PM-020,16,1.4032,0.2783,37.184,0
PM-020,17,1.4307,0.2405,36.852,0
PM-020,18,1.3902,0.2661,37.3786,0
PM-020,19,1.399,0.2486,36.9149,0
PM-020,20,1.38,0.2439,37.243,0
PM-020,21,1.3935,0.2554,36.6186,0
PM-020,22,1.4081,0.2456,36.6445,0
PM-020,23,1.4268,0.2667,36.7202,0
PM-020,24,1.4066,0.2547,36.4666,0
PM-020,25,1.383,0.2733,36.6915,0
PM-020,26,1.4361,0.2339,37.2087,0
PM-020,27,1.4047,0.2515,37.5678,0
PM-020,28,1.3859,0.263,37.1771,0
PM-020,29,1.4781,0.2379,36.8232,0
PM-020,30,1.4273,0.251,36.8721,0
PM-020,31,1.4301,0.25,36.7435,0
PM-020,32,1.4255,0.2597,36.9172,0
PM-020,33,1.4038,0.2403,37.2286,0
PM-020,34,1.4038,0.2425,36.6254,0
PM-020,35,1.4188,0.2464,36.4072,0
PM-020,36,1.3869,0.2505,36.9494,0
PM-020,37,1.4061,0.2483,36.5683,0
PM-020,38,1.3935,0.2718,37.3219,0
PM-020,39,1.4225,0.2614,37.2825,0
PM-020,40,1.3885,0.2545,36.675,0
PM-020,41,1.3889,0.2596,37.2951,0
PM-020,42,1.4071,0.2788,37.0746,0
PM-020,43,1.3954,0.2377,37.3165,0
PM-020,44,1.4135,0.2642,36.2137,0
PM-020,45,1.4159,0.2464,36.5929,0
PM-020,46,1.4097,0.2704,37.6909,0
PM-020,47,1.4158,0.2434,36.7802,0
PM-020,48,1.4302,0.2391,37.1978,0
PM-020,49,1.4168,0.2568,36.5406,0
PM-020,50,1.4038,0.2322,36.8346,0
PM-020,51,1.4293,0.2725,37.0752,0
PM-020,52,1.3996,0.2779,36.836,0
PM-020,53,1.3883,0.2645,37.1484,0
PM-020,54,1.4001,0.2555,37.1437,0
PM-020,55,1.415,0.2609,36.8593,0
PM-020,56,1.4215,0.2543,36.8695,0
PM-020,57,1.406,0.2526,36.5774,0
PM-020,58,1.3982,0.255,36.6057,0
PM-020,59,1.3986,0.2898,36.6723,0
PM-020,60,1.4033,0.2415,36.976,0
PM-020,61,1.3947,0.2504,36.7955,0
PM-020,62,1.4321,0.2553,36.7101,0
PM-020,63,1.4278,0.2397,36.5418,0
PM-020,64,1.4109,0.2827,36.4627,0
PM-020,65,1.3843,0.2653,36.8183,0
PM-020,66,1.4232,0.2415,37.0536,0
PM-020,67,1.4459,0.2361,37.3182,0
PM-020,68,1.4246,0.2317,37.1787,0
PM-020,69,1.4124,0.2554,37.112,0
PM-020,70,1.404,0.2551,37.0835,0
PM-020,71,1.4259,0.2311,37.3983,0
PM-020,72,1.3879,0.2655,37.0349,0
PM-020,73,1.3853,0.262,36.7274,0
PM-020,74,1.4323,0.2434,36.5625,0
PM-020,75,1.4416,0.2568,37.2712,0
PM-020,76,1.3939,0.2257,37.5136,0
PM-020,77,1.4108,0.2614,37.208,0
PM-020,78,1.4043,0.2574,37.4892,0
PM-020,79,1.4103,0.2682,36.4137,0
PM-020,80,1.4334,0.2312,37.3139,0
PM-020,81,1.4188,0.2526,36.9812,0
PM-020,82,1.4059,0.2417,36.9492,0
PM-020,83,1.4551,0.2736,36.7497,0
PM-020,84,1.4163,0.2555,36.9684,0
PM-020,85,1.3909,0.2607,37.2649,0
PM-020,86,1.3943,0.2834,37.4676,0
PM-020,87,1.4219,0.2356,37.1315,0
PM-020,88,1.4166,0.2617,37.4882,0
PM-020,89,1.4074,0.2848,37.133,0
PM-020,90,1.4052,0.29,37.26,0
PM-020,91,1.4019,0.2553,37.2016,0
PM-020,92,1.4079,0.2561,36.7659,0
PM-020,93,1.3773,0.2556,37.053,0
PM-020,94,1.4215,0.2454,36.6089,0
PM-020,95,1.3917,0.2699,36.8111,0
PM-020,96,1.4021,0.2494,36.8253,0
PM-020,97,1.3971,0.241,37.4312,0
PM-020,98,1.4246,0.2728,37.4458,0
PM-020,99,1.364,0.2592,36.8352,0
PM-020,100,1.4333,0.2429,36.6948,0
PM-020,101,1.3823,0.2495,37.2855,0
PM-020,102,1.4161,0.236,37.6568,0
PM-020,103,1.424,0.2657,37.3965,0
PM-020,104,1.3782,0.2404,37.2579,0
PM-020,105,1.3947,0.2499,36.9877,0
PM-020,106,1.3854,0.2486,37.2854,0
PM-020,107,1.4256,0.2707,37.314,0
PM-020,108,1.4191,0.2589,37.087,0
PM-020,109,1.3984,0.2386,36.8042,0
PM-020,110,1.4044,0.2442,37.1352,0
PM-020,111,1.415,0.2587,37.1165,0
PM-020,112,1.4349,0.2539,37.3136,0
PM-020,113,1.4213,0.271,37.4954,0
PM-020,114,1.4225,0.2556,37.0402,0
PM-020,115,1.4016,0.2465,37.2817,0
PM-020,116,1.3917,0.2783,36.9655,0
PM-020,117,1.4682,0.2436,37.0861,0
PM-020,118,1.4039,0.2421,37.3302,0
PM-020,119,1.3889,0.2439,37.1869,0
PM-020,120,1.4259,0.2332,37.1855,0
PM-020,121,1.4135,0.2403,36.7744,0
PM-020,122,1.3703,0.2798,37.3157,0
PM-020,123,1.3852,0.266,36.8388,0
PM-020,124,1.4293,0.2466,36.902,0
PM-020,125,1.4052,0.2442,37.4308,0
PM-020,126,1.4289,0.2557,37.3184,0
PM-020,127,1.3784,0.2356,37.1534,0
PM-020,128,1.4257,0.2582,36.4462,0
PM-020,129,1.3897,0.2603,37.739,0
PM-020,130,1.4353,0.2777,37.113,0
PM-020,131,1.4176,0.2385,37.2966,0
PM-020,132,1.4095,0.2644,37.0202,0
PM-020,133,1.4165,0.2527,37.0784,0
PM-020,134,1.431,0.2351,36.5632,0
PM-020,135,1.4195,0.2757,37.5189,0
PM-020,136,1.3865,0.248,36.5673,0
PM-020,137,1.4,0.2709,37.0072,0
PM-020,138,1.4035,0.2622,36.7725,0
PM-020,139,1.4428,0.2542,36.8905,0
PM-020,140,1.4227,0.2681,37.4898,0
PM-020,141,1.4068,0.2703,37.0414,0
PM-020,142,1.3987,0.2424,36.6819,0
PM-020,143,1.3961,0.2708,37.2231,0
PM-020,144,1.3861,0.2278,36.6774,0
PM-020,145,1.3954,0.2495,37.3629,0
PM-020,146,1.4,0.2793,36.507,0
PM-020,147,1.404,0.2658,37.2652,0
PM-020,148,1.4042,0.2691,37.2547,0
PM-020,149,1.3973,0.2588,37.2221,0
PM-020,150,1.3988,0.2795,36.7604,0
PM-020,151,1.4138,0.2353,37.042,0
PM-020,152,1.3896,0.2496,36.5351,0
PM-020,153,1.427,0.2594,37.3373,0
PM-020,154,1.404,0.2711,37.0228,0
PM-020,155,1.4132,0.2858,36.8656,0
PM-020,156,1.4355,0.2612,36.8395,0
PM-020,157,1.3847,0.2385,37.3502,0
PM-020,158,1.4457,0.2554,37.0542,0
PM-020,159,1.4265,0.2551,37.341,0
PM-020,160,1.4168,0.2561,36.8013,0
PM-020,161,1.3921,0.2067,37.3813,0
PM-020,162,1.408,0.248,36.4255,0
PM-020,163,1.3982,0.2425,36.7726,0
PM-020,164,1.4176,0.2559,36.6027,0
PM-020,165,1.385,0.2345,37.5542,0
PM-020,166,1.4408,0.2413,36.4181,0
PM-020,167,1.4135,0.2547,37.1061,0
PM-020,168,1.4258,0.2608,36.6761,0
PM-020,169,1.4168,0.2669,36.7938,0
PM-020,170,1.417,0.2458,37.6099,0
PM-020,171,1.3844,0.2714,36.5098,0
PM-020,172,1.4468,0.2369,37.0679,0
PM-020,173,1.3784,0.2338,37.2804,0
PM-020,174,1.4315,0.2576,37.2334,0
PM-020,175,1.4319,0.2438,36.5914,0
PM-020,176,1.4107,0.2454,37.1276,0
PM-020,177,1.4219,0.2438,37.2223,0
PM-020,178,1.424,0.2649,36.8887,0
PM-020,179,1.4266,0.2618,37.2031,0
PM-020,180,1.4445,0.259,36.829,0
PM-020,181,1.3888,0.271,37.1182,0
PM-020,182,1.4444,0.2236,37.2842,0
PM-020,183,1.4057,0.2487,36.7816,0
PM-020,184,1.429,0.2632,36.6683,0
PM-020,185,1.4143,0.2646,37.0644,0
PM-020,186,1.4331,0.2497,36.3347,0
PM-020,187,1.4147,0.2568,37.1044,0
PM-020,188,1.4331,0.2248,36.9395,0
PM-020,189,1.3925,0.2359,36.9894,0
PM-020,190,1.425,0.2586,36.8048,0
PM-020,191,1.4081,0.268,37.216,0
PM-020,192,1.3999,0.2448,36.4961,0
PM-020,193,1.4024,0.228,37.6312,0
PM-020,194,1.3939,0.2707,37.5565,0
PM-020,195,1.4153,0.2525,36.6143,0
PM-020,196,1.4009,0.2781,37.1164,0
PM-020,197,1.4115,0.2737,37.2199,0
PM-020,198,1.408,0.2573,36.7806,0
PM-020,199,1.3997,0.2509,37.1783,0
PM-020,200,1.386,0.2552,36.8941,0
PM-020,201,1.3929,0.2483,36.3146,0
PM-020,202,1.3958,0.2376,36.9271,0
PM-020,203,1.3654,0.2569,37.2839,0
PM-020,204,1.4086,0.2615,36.8572,0
PM-020,205,1.3799,0.2541,37.2152,0
PM-020,206,1.3845,0.2471,36.9369,0
PM-020,207,1.468,0.2574,36.4394,0
PM-020,208,1.3679,0.265,37.7565,0
PM-020,209,1.4053,0.2489,37.1403,0
PM-020,210,1.395,0.2159,37.3222,0
PM-020,211,1.3987,0.2698,36.7827,0
PM-020,212,1.4134,0.2669,37.3321,0
PM-020,213,1.4156,0.2568,37.197,0
PM-020,214,1.4202,0.2347,36.6294,0
PM-020,215,1.3688,0.2655,36.8923,0
PM-020,216,1.4274,0.2601,36.7103,0
PM-020,217,1.4086,0.2472,36.8283,0
PM-020,218,1.4293,0.2917,37.3459,0
PM-020,219,1.4104,0.2729,37.5249,0
PM-020,220,1.3831,0.2724,37.2419,0
PM-020,221,1.4347,0.2662,36.9427,0
PM-020,222,1.4516,0.2591,36.8807,0
PM-020,223,1.4211,0.2686,37.0395,0
PM-020,224,1.4188,0.2554,36.813,0
PM-020,225,1.3945,0.233,37.4664,0
PM-020,226,1.4065,0.2026,37.13,0
PM-020,227,1.4185,0.226,36.7613,0
PM-020,228,1.3934,0.2429,37.3749,0
PM-020,229,1.408,0.2476,37.3478,0
PM-020,230,1.4209,0.2279,36.8261,0
PM-020,231,1.4174,0.24,37.6199,0
PM-020,232,1.4132,0.2427,36.6742,0
PM-020,233,1.4295,0.2443,37.125,0
PM-020,234,1.3879,0.2551,36.8203,0
PM-020,235,1.4047,0.2421,37.3187,0
PM-020,236,1.4011,0.2519,36.9825,0
PM-020,237,1.4432,0.2674,37.2482,0
PM-020,238,1.3794,0.2442,37.3676,0
PM-020,239,1.3875,0.2553,36.6915,0
PM-020,240,1.3917,0.2793,37.2268,0
PM-020,241,1.4306,0.2658,36.9693,0
PM-020,242,1.3971,0.248,36.9535,0
PM-020,243,1.4465,0.234,36.8449,0
PM-020,244,1.3927,0.2699,37.5672,0
PM-020,245,1.4171,0.2599,37.0384,0
PM-020,246,1.4197,0.2656,37.1387,0
PM-020,247,1.4209,0.2657,36.4776,0
PM-020,248,1.411,0.2586,37.1359,0
PM-020,249,1.4075,0.2565,36.7951,0
PM-020,250,1.3755,0.2688,36.6707,0
PM-020,251,1.4078,0.2428,37.4871,0
PM-020,252,1.4094,0.2494,37.2354,0
PM-020,253,1.4541,0.2601,36.8978,0
PM-020,254,1.4249,0.2305,37.025,0
PM-020,255,1.4508,0.2564,37.0434,0
PM-020,256,1.4114,0.2481,37.1054,0
PM-020,257,1.4265,0.2491,36.2638,0
PM-020,258,1.4203,0.286,36.8982,0
PM-020,259,1.3815,0.2642,37.5342,0
PM-020,260,1.4216,0.2799,37.2491,0
PM-020,261,1.4251,0.2463,37.0967,0
PM-020,262,1.4104,0.2531,36.9349,0
PM-020,263,1.4155,0.2346,37.2546,0
PM-020,264,1.3934,0.2503,37.1102,0
PM-020,265,1.3924,0.2245,36.8961,0
PM-020,266,1.3823,0.2647,36.665,0
PM-020,267,1.4407,0.254,37.0288,0
PM-020,268,1.3714,0.2562,36.987,0
PM-020,269,1.385,0.2554,36.8917,0
PM-020,270,1.4066,0.2544,36.8696,0
PM-020,271,1.4159,0.2527,37.1529,0
PM-020,272,1.4004,0.2381,36.7984,0
PM-020,273,1.4398,0.2684,37.3751,0
PM-020,274,1.4366,0.247,37.0998,0
PM-020,275,1.4125,0.2639,36.9243,0
PM-020,276,1.4128,0.2551,37.1707,0
PM-020,277,1.4241,0.2554,37.0482,0
PM-020,278,1.4155,0.2787,36.492,0
PM-020,279,1.3916,0.2641,37.092,0
PM-020,280,1.4162,0.2641,37.0752,0
PM-020,281,1.3998,0.2635,37.0173,0
PM-020,282,1.402,0.2644,37.2064,0
PM-020,283,1.4153,0.2798,37.4091,0
PM-020,284,1.431,0.2925,36.9671,0
PM-020,285,1.4017,0.2669,36.9352,0
PM-020,286,1.4112,0.2393,37.193,0
PM-020,287,1.3815,0.2526,37.0064,0
PM-020,288,1.4022,0.2277,36.4817,0
PM-020,289,1.396,0.2621,37.0977,0
PM-020,290,1.4106,0.2408,37.1134,0
PM-020,291,1.375,0.2181,36.9381,0
PM-020,292,1.4,0.2692,37.0584,0
PM-020,293,1.444,0.2458,37.1571,0
PM-020,294,1.4107,0.2748,36.9498,0
PM-020,295,1.4377,0.2379,36.8865,0
PM-020,296,1.4237,0.273,36.3519,0
PM-020,297,1.4236,0.2485,36.3879,0
PM-020,298,1.4257,0.2309,36.3118,0
PM-020,299,1.4346,0.2496,36.9376,0
PM-020,300,1.4497,0.2409,37.5483,0
PM-020,301,1.4488,0.2733,36.5071,0
PM-020,302,1.4376,0.2643,36.9431,0
PM-020,303,1.4376,0.2265,37.231,0
PM-020,304,1.4769,0.2577,36.8623,0
PM-020,305,1.4465,0.2532,36.6164,0
PM-020,306,1.4585,0.273,36.4558,0
PM-020,307,1.4919,0.2765,37.2559,0
PM-020,308,1.4911,0.2471,36.8173,0
PM-020,309,1.443,0.2546,36.8904,0
PM-020,310,1.4788,0.2537,37.0298,0
PM-020,311,1.4849,0.2782,37.2302,0
PM-020,312,1.5203,0.2525,37.1644,0
PM-020,313,1.4893,0.264,36.9497,0
PM-020,314,1.4916,0.2537,36.9234,0
PM-020,315,1.5633,0.2606,37.485,0
PM-020,316,1.5443,0.2546,36.8779,0
PM-020,317,1.4917,0.241,37.2099,0
PM-020,318,1.5252,0.2597,36.402,0
PM-020,319,1.5452,0.2705,36.4783,0
PM-020,320,1.5483,0.2742,37.5151,0
PM-020,321,1.5357,0.2657,37.44,0
PM-020,322,1.5586,0.2764,37.0003,0
PM-020,323,1.5632,0.251,36.9617,0
PM-020,324,1.5688,0.2531,36.944,0
PM-020,325,1.5802,0.2975,36.3962,0
PM-020,326,1.6093,0.266,37.3005,0
PM-020,327,1.5978,0.2966,36.7927,0
PM-020,328,1.5749,0.2755,36.9038,0
PM-020,329,1.6106,0.2784,36.5255,0
PM-020,330,1.5764,0.2591,36.9425,0
PM-020,331,1.6073,0.2762,36.8901,0
PM-020,332,1.5932,0.2913,37.1659,0
PM-020,333,1.6196,0.3262,37.0481,0
PM-020,334,1.623,0.2718,36.8973,0
PM-020,335,1.6077,0.2835,36.8502,0
PM-020,336,1.6158,0.2944,37.7916,0
PM-020,337,1.633,0.3352,37.4588,0
PM-020,338,1.6148,0.309,36.8806,0
PM-020,339,1.6291,0.297,36.8786,0
PM-020,340,1.6444,0.3198,37.0871,0
PM-020,341,1.6408,0.331,36.9339,0
PM-020,342,1.6746,0.2935,37.2081,0
PM-020,343,1.6614,0.3144,36.9045,0
PM-020,344,1.6657,0.3414,36.4862,0
PM-020,345,1.6738,0.324,37.3486,0
PM-020,346,1.6293,0.3708,36.7452,0
PM-020,347,1.6995,0.3363,36.7654,0
PM-020,348,1.681,0.356,36.5452,0
PM-020,349,1.6945,0.3435,37.1842,0
PM-020,350,1.6855,0.3384,36.6771,0
PM-020,351,1.7036,0.3601,37.2097,0
PM-020,352,1.7035,0.3675,37.4329,0
PM-020,353,1.6622,0.3214,37.5264,0
PM-020,354,1.6777,0.3435,36.9248,0
PM-020,355,1.6763,0.3573,36.7266,0
PM-020,356,1.7095,0.3704,36.908,0
PM-020,357,1.7111,0.3733,37.3243,0
PM-020,358,1.7559,0.3693,37.5585,0
PM-020,359,1.7461,0.3573,36.6768,0
PM-020,360,1.7219,0.4007,36.985,0
PM-020,361,1.7004,0.3788,36.6214,0
PM-020,362,1.7219,0.3766,37.3407,0
PM-020,363,1.7683,0.3991,37.0222,0
PM-020,364,1.7452,0.393,37.3776,0
PM-020,365,1.7521,0.3692,37.1906,0
PM-020,366,1.7542,0.3519,37.8088,0
PM-020,367,1.7397,0.4118,37.8765,0
PM-020,368,1.7611,0.4197,38.0,0
PM-020,369,1.7706,0.4016,38.1865,0
PM-020,370,1.7862,0.4268,37.2208,0
PM-020,371,1.7883,0.3906,38.01,0
PM-020,372,1.8055,0.4436,37.8165,0
PM-020,373,1.7855,0.4193,37.8858,0
PM-020,374,1.8204,0.4229,38.295,0
PM-020,375,1.818,0.4261,38.0933,0
PM-020,376,1.8092,0.4175,38.4512,0
PM-020,377,1.8352,0.4159,38.0393,0
PM-020,378,1.821,0.4253,38.5887,0
PM-020,379,1.8313,0.4078,38.8664,0
PM-020,380,1.8063,0.4429,38.5418,0
PM-020,381,1.8235,0.4718,38.9156,0
PM-020,382,1.8574,0.4519,39.0861,0
PM-020,383,1.8525,0.4566,39.3124,0
PM-020,384,1.8521,0.4903,39.3487,0
PM-020,385,1.831,0.4566,39.2598,0
PM-020,386,1.8594,0.4727,39.46,0
PM-020,387,1.8362,0.4849,39.1521,1
PM-020,388,1.8563,0.4599,39.6239,1
PM-020,389,1.8677,0.4621,39.3344,1
PM-020,390,1.8419,0.4626,39.1699,1
PM-020,391,1.8772,0.4884,39.7882,1
PM-020,392,1.9126,0.4972,39.5436,1
PM-020,393,1.8926,0.4844,39.1371,1
PM-020,394,1.8727,0.4856,39.8108,1
PM-020,395,1.9121,0.4983,39.4117,1
PM-020,396,1.9171,0.4972,40.2101,1
PM-020,397,1.9328,0.4956,40.477,1
PM-020,398,1.8985,0.4868,40.3121,1
PM-020,399,1.9137,0.5081,40.8616,1
PM-020,400,1.9338,0.5105,40.0832,1
PM-020,401,1.8968,0.5095,40.7442,1
PM-020,402,1.9291,0.5198,40.9323,1
PM-020,403,1.9684,0.5234,40.6356,1
PM-020,404,1.9148,0.5107,40.5806,1
PM-020,405,1.933,0.5271,41.3185,1
PM-020,406,1.9852,0.5303,41.059,1
PM-020,407,1.9451,0.5518,40.4368,1
PM-020,408,1.9827,0.5405,40.7589,1
PM-020,409,1.9651,0.5192,40.7384,1
PM-020,410,1.9422,0.551,41.5077,1
PM-020,411,1.9356,0.5702,41.2227,1
PM-020,412,1.9895,0.5238,41.7027,1
PM-020,413,1.9925,0.5662,41.753,1
PM-020,414,2.02,0.5426,41.4045,1
PM-020,415,1.9859,0.5689,41.647,1
PM-020,416,2.0243,0.5754,41.1092,1
PM-020,417,2.0348,0.5762,41.5968,1
PM-020,418,2.0196,0.5633,41.9726,1
PM-020,419,2.01,0.5755,41.8882,1
PM-020,420,2.0136,0.5744,42.7601,1
PM-020,421,2.0133,0.571,41.828,1
PM-020,422,2.0206,0.5902,42.3234,1
PM-020,423,2.0365,0.5966,42.4269,1
PM-020,424,2.0382,0.5614,42.518,1
PM-020,425,2.0497,0.5879,42.2095,1
PM-020,426,2.066,0.596,42.3584,1
PM-020,427,2.0314,0.61,42.6912,1
PM-020,428,2.0658,0.5573,42.5785,1
PM-020,429,2.0607,0.5911,42.8964,1
PM-020,430,2.0846,0.6102,43.0617,1
PM-020,431,2.0547,0.6,42.853,1
PM-020,432,2.0675,0.6209,42.7541,1
PM-020,433,2.1107,0.5993,43.6306,1
PM-020,434,2.1302,0.615,43.4151,1
PM-020,435,2.0864,0.6349,43.0986,1
PM-020,436,2.0735,0.5699,43.151,1
PM-020,437,2.1096,0.646,43.3228,1
PM-020,438,2.1289,0.6225,43.2909,1
PM-020,439,2.1347,0.5955,43.4762,1
PM-020,440,2.1105,0.6561,43.394,1
PM-020,441,2.1336,0.6527,43.1849,1
PM-020,442,2.1253,0.6356,43.9968,1
PM-020,443,2.1464,0.6418,43.4789,1
PM-020,444,2.1585,0.6475,43.3878,1
PM-020,445,2.1119,0.6583,43.5708,1
PM-020,446,2.1845,0.6409,44.0337,1
PM-020,447,2.1553,0.6472,43.442,1
PM-020,448,2.1608,0.6501,44.2292,1
PM-020,449,2.1593,0.6685,44.743,1
PM-020,450,2.1557,0.6608,43.8549,1
PM-020,451,2.1675,0.6771,44.2898,1
PM-020,452,2.1845,0.6715,44.1244,1
PM-020,453,2.1873,0.6743,44.6321,1
PM-020,454,2.1745,0.6708,44.7227,1
PM-020,455,2.186,0.7097,44.9953,1
PM-020,456,2.2064,0.6844,44.2281,1
PM-020,457,2.1841,0.6805,44.8336,1
PM-020,458,2.2044,0.7033,45.0783,1
PM-020,459,2.2331,0.692,45.1537,1
PM-020,460,2.2216,0.7036,45.5413,1
PM-020,461,2.2356,0.6833,45.2027,1
PM-020,462,2.2241,0.7386,45.2183,1
PM-020,463,2.2095,0.7161,45.5465,1
PM-020,464,2.2325,0.7094,45.7623,1
PM-020,465,2.2217,0.7108,45.4012,1
PM-020,466,2.2655,0.7234,45.3185,1
PM-020,467,2.2291,0.7504,46.0432,1
PM-020,468,2.27,0.7257,46.251,1
PM-020,469,2.236,0.74,45.7457,1
PM-020,470,2.2579,0.7428,45.9158,1
PM-020,471,2.259,0.7277,45.4432,1
PM-020,472,2.2877,0.7233,46.6769,1
PM-020,473,2.2715,0.7612,45.6568,1
PM-020,474,2.2967,0.7596,46.6708,1
PM-020,475,2.2563,0.7375,46.5329,1
PM-020,476,2.2947,0.7556,46.3321,1
PM-020,477,2.3275,0.7935,46.5516,1
PM-020,478,2.3104,0.7585,46.9858,1
PM-020,479,2.3227,0.7448,46.497,1
PM-021,0,1.3645,0.2485,38.5313,0
PM-021,1,1.3595,0.2574,38.4382,0
PM-021,2,1.3576,0.2734,38.5874,0
PM-021,3,1.3287,0.2492,38.7531,0
PM-021,4,1.3672,0.2698,38.5485,0
PM-021,5,1.3723,0.2622,38.1964,0
PM-021,6,1.3608,0.2598,38.7749,0
PM-021,7,1.3802,0.2736,37.9271,0
PM-021,8,1.3276,0.2405,38.3661,0
PM-021,9,1.368,0.2556,38.1163,0
PM-021,10,1.3516,0.2485,38.3899,0
PM-021,11,1.3447,0.2504,38.3447,0
PM-021,12,1.3673,0.2374,38.3606,0
PM-021,13,1.3076,0.2564,38.5187,0
PM-021,14,1.37,0.2523,38.1495,0
PM-021,15,1.3449,0.2437,38.3589,0
PM-021,16,1.3295,0.2686,38.0951,0
PM-021,17,1.3431,0.2677,38.5008,0
PM-021,18,1.3613,0.2642,37.9842,0
PM-021,19,1.3489,0.2576,38.1839,0
PM-021,20,1.351,0.2473,38.2997,0
PM-021,21,1.3435,0.2534,37.9752,0
PM-021,22,1.3267,0.2803,38.3446,0
PM-021,23,1.3858,0.2881,38.679,0
PM-021,24,1.3239,0.2814,38.2722,0
PM-021,25,1.344,0.2539,38.205,0
PM-021,26,1.3575,0.2947,37.8184,0
PM-021,27,1.3884,0.2828,38.2568,0
PM-021,28,1.3396,0.24,38.0377,0
PM-021,29,1.3374,0.2587,38.3013,0
PM-021,30,1.3648,0.27,38.3818,0
PM-021,31,1.3487,0.2774,38.562,0
PM-021,32,1.3584,0.2541,38.6418,0
PM-021,33,1.3662,0.2565,37.7349,0
PM-021,34,1.3514,0.2498,38.5253,0
PM-021,35,1.3539,0.2351,38.3986,0
PM-021,36,1.3838,0.2579,38.3076,0
PM-021,37,1.3427,0.2613,38.7722,0
PM-021,38,1.3706,0.2516,38.2883,0
PM-021,39,1.3494,0.2664,38.4392,0
PM-021,40,1.3476,0.2415,38.2758,0
PM-021,41,1.3423,0.2468,38.5467,0
PM-021,42,1.3499,0.2447,38.9041,0
PM-021,43,1.3579,0.2721,38.6246,0
PM-021,44,1.3408,0.2684,37.7312,0
PM-021,45,1.3688,0.2592,38.4682,0
PM-021,46,1.3481,0.2875,38.6774,0
PM-021,47,1.2973,0.2685,38.2256,0
PM-021,48,1.3614,0.2689,38.0873,0
PM-021,49,1.3472,0.2449,38.756,0
PM-021,50,1.3561,0.2667,38.4013,0
PM-021,51,1.3283,0.2697,38.8457,0
PM-021,52,1.3184,0.2614,38.538,0
PM-021,53,1.3346,0.2712,38.3237,0
PM-021,54,1.3353,0.2226,38.2804,0
PM-021,55,1.3481,0.2799,38.4118,0
PM-021,56,1.3389,0.2366,38.5725,0
PM-021,57,1.3519,0.2543,38.1478,0
PM-021,58,1.3744,0.2811,38.1221,0
PM-021,59,1.3036,0.257,38.378,0
PM-021,60,1.351,0.2366,38.7701,0
PM-021,61,1.3123,0.249,38.0036,0
PM-021,62,1.328,0.2275,38.3283,0
PM-021,63,1.3778,0.2577,38.0079,0
PM-021,64,1.3777,0.2728,38.0568,0
PM-021,65,1.356,0.2764,38.039,0
PM-021,66,1.352,0.2544,37.9524,0
PM-021,67,1.3529,0.2667,38.3234,0
PM-021,68,1.3332,0.2917,38.1633,0
PM-021,69,1.3607,0.2723,37.5629,0
PM-021,70,1.3661,0.2603,38.2312,0
PM-021,71,1.3471,0.269,37.6254,0
PM-021,72,1.3502,0.2667,38.9585,0
PM-021,73,1.3225,0.2669,38.165,0
PM-021,74,1.3592,0.2732,38.0896,0
PM-021,75,1.3886,0.28,38.5466,0
PM-021,76,1.3424,0.2519,38.442,0
PM-021,77,1.3417,0.2524,38.8847,0
PM-021,78,1.3605,0.2726,38.8731,0
PM-021,79,1.3512,0.2507,37.9891,0
PM-021,80,1.3766,0.2546,37.4239,0
PM-021,81,1.2963,0.2381,38.1974,0
PM-021,82,1.345,0.2681,37.9691,0
PM-021,83,1.3539,0.2735,38.267,0
PM-021,84,1.3402,0.2472,38.6539,0
PM-021,85,1.3221,0.2839,38.3034,0
PM-021,86,1.3288,0.2728,38.4626,0
PM-021,87,1.3578,0.2708,38.3587,0
PM-021,88,1.3587,0.2806,38.3709,0
PM-021,89,1.3659,0.2272,38.4074,0
PM-021,90,1.4,0.2334,38.9103,0
PM-021,91,1.364,0.2348,38.3223,0
PM-021,92,1.3576,0.2739,38.1796,0
PM-021,93,1.3635,0.281,38.5761,0
PM-021,94,1.3734,0.2535,38.5158,0
PM-021,95,1.3955,0.244,38.4368,0
PM-021,96,1.3272,0.279,37.7171,0
PM-021,97,1.3382,0.2948,38.1618,0
PM-021,98,1.3483,0.2789,38.2686,0
PM-021,99,1.3089,0.2442,38.7056,0
PM-021,100,1.379,0.2301,38.0253,0
PM-021,101,1.3361,0.2545,38.0315,0
PM-021,102,1.3517,0.2516,38.1816,0
PM-021,103,1.3269,0.272,37.894,0
PM-021,104,1.3572,0.2753,38.9074,0
PM-021,105,1.3595,0.2636,37.803,0
PM-021,106,1.379,0.2624,38.403,0
PM-021,107,1.3574,0.2619,38.3125,0
PM-021,108,1.3422,0.2711,37.8601,0
PM-021,109,1.3191,0.2475,38.6848,0
PM-021,110,1.3584,0.2507,38.07,0
PM-021,111,1.3479,0.2662,38.7184,0
PM-021,112,1.3906,0.2583,38.9708,0
PM-021,113,1.3511,0.2647,38.6038,0
PM-021,114,1.372,0.2838,37.9244,0
PM-021,115,1.352,0.279,37.9897,0
PM-021,116,1.3121,0.2379,38.2737,0
PM-021,117,1.39,0.2376,37.9604,0
PM-021,118,1.3395,0.2453,37.9578,0
PM-021,119,1.3088,0.2523,38.8982,0
PM-021,120,1.3606,0.2779,38.1287,0
PM-021,121,1.3327,0.268,38.3353,0
PM-021,122,1.3484,0.2854,38.0686,0
PM-021,123,1.3307,0.273,38.5253,0
PM-021,124,1.3287,0.2614,37.7721,0
PM-021,125,1.3555,0.2532,38.2364,0
PM-021,126,1.3267,0.2781,38.3889,0
PM-021,127,1.3694,0.2586,38.6671,0
PM-021,128,1.3122,0.2603,38.6687,0
PM-021,129,1.3099,0.2622,38.4833,0
PM-021,130,1.3418,0.2751,38.6116,0
PM-021,131,1.3372,0.2544,37.9617,0
PM-021,132,1.3559,0.2632,38.3109,0
PM-021,133,1.3515,0.2474,37.8815,0
PM-021,134,1.3584,0.2572,38.0008,0
PM-021,135,1.335,0.274,38.5686,0
PM-021,136,1.3628,0.2596,38.1055,0
PM-021,137,1.376,0.2554,38.3913,0
PM-021,138,1.3325,0.2566,37.5102,0
PM-021,139,1.337,0.2374,38.3753,0
PM-021,140,1.3376,0.2557,38.9493,0
PM-021,141,1.3291,0.262,38.376,0
PM-021,142,1.3305,0.2768,38.8041,0
PM-021,143,1.3735,0.2459,38.0993,0
PM-021,144,1.309,0.2575,38.2771,0
PM-021,145,1.3651,0.2867,37.9325,0
PM-021,146,1.3523,0.2568,38.2647,0
PM-021,147,1.3808,0.2616,38.4751,0
PM-021,148,1.359,0.2635,38.08,0
PM-021,149,1.387,0.2597,38.4695,0
PM-021,150,1.3546,0.2285,37.9975,0
PM-021,151,1.3518,0.2475,38.4311,0
PM-021,152,1.3313,0.2605,37.7979,0
PM-021,153,1.3663,0.267,38.4595,0
PM-021,154,1.3477,0.2498,38.7835,0
PM-021,155,1.3829,0.2591,38.1387,0
PM-021,156,1.315,0.2636,38.1096,0
PM-021,157,1.3399,0.2747,38.0214,0
PM-021,158,1.3879,0.245,37.6961,0
PM-021,159,1.3364,0.2656,38.3511,0
PM-021,160,1.3532,0.2561,38.1598,0
PM-021,161,1.3247,0.2622,38.6272,0
PM-021,162,1.3498,0.2488,38.3539,0
PM-021,163,1.3788,0.2572,37.9392,0
PM-021,164,1.3539,0.2691,38.5703,0
PM-021,165,1.3635,0.2627,38.06,0
PM-021,166,1.3299,0.2551,38.4947,0
PM-021,167,1.3365,0.2529,38.0445,0
PM-021,168,1.3808,0.2569,38.5116,0
PM-021,169,1.3811,0.2459,38.5378,0
PM-021,170,1.3477,0.2813,38.0725,0
PM-021,171,1.3538,0.2697,38.1048,0
PM-021,172,1.3454,0.2581,38.6383,0
PM-021,173,1.3939,0.2839,38.7416,0
PM-021,174,1.2658,0.2622,38.3293,0
PM-021,175,1.3655,0.2386,38.5277,0
PM-021,176,1.3078,0.2756,37.8156,0
PM-021,177,1.374,0.2778,38.21,0
PM-021,178,1.3583,0.2602,37.8666,0
PM-021,179,1.3608,0.278,38.2134,0
PM-021,180,1.3623,0.2471,38.5856,0
PM-021,181,1.3497,0.26,38.4509,0
PM-021,182,1.3801,0.2681,37.9855,0
PM-021,183,1.3352,0.2591,38.459,0
PM-021,184,1.3263,0.2655,38.5769,0
PM-021,185,1.3395,0.2898,38.0874,0
PM-021,186,1.3536,0.2289,38.2151,0
PM-021,187,1.3466,0.2538,38.089,0
PM-021,188,1.3392,0.2697,37.7347,0
PM-021,189,1.3123,0.2528,38.2735,0
PM-021,190,1.3339,0.2612,38.4962,0
PM-021,191,1.3691,0.2801,37.9128,0
PM-021,192,1.3341,0.2471,38.6135,0
PM-021,193,1.3369,0.2648,37.8857,0
PM-021,194,1.3367,0.2468,38.5152,0
PM-021,195,1.3246,0.287,38.3748,0
PM-021,196,1.335,0.2653,38.066,0
PM-021,197,1.3283,0.2707,38.7208,0
PM-021,198,1.3572,0.2418,38.0653,0
PM-021,199,1.3801,0.2721,37.9719,0
PM-021,200,1.3353,0.263,38.267,0
PM-021,201,1.3913,0.2492,38.49,0
PM-021,202,1.3555,0.2353,37.5922,0
PM-021,203,1.3418,0.2665,38.7871,0
PM-021,204,1.3339,0.2673,38.2231,0
PM-021,205,1.3841,0.2596,38.1782,0
PM-021,206,1.3529,0.2631,38.7291,0
PM-021,207,1.3496,0.2667,37.8139,0
PM-021,208,1.3264,0.2546,38.3413,0
PM-021,209,1.3343,0.2645,38.1532,0
PM-021,210,1.3835,0.2571,38.4394,0
PM-021,211,1.3452,0.2588,38.4741,0
PM-021,212,1.3523,0.2524,38.4107,0
PM-021,213,1.3464,0.269,38.6544,0
PM-021,214,1.3694,0.2443,37.4015,0
PM-021,215,1.3947,0.2681,38.4234,0
PM-021,216,1.3353,0.2295,37.7093,0
PM-021,217,1.3428,0.2625,38.8157,0
PM-021,218,1.3544,0.2703,38.1504,0
PM-021,219,1.3404,0.2381,37.9417,0
PM-021,220,1.3248,0.2548,37.811,0
PM-021,221,1.3333,0.2596,37.5893,0
PM-021,222,1.3792,0.2869,38.62,0
PM-021,223,1.3574,0.2651,38.4696,0
PM-021,224,1.3513,0.2629,37.8118,0
PM-021,225,1.3519,0.2677,38.4116,0
PM-021,226,1.3725,0.2823,38.1525,0
PM-021,227,1.3269,0.279,38.5097,0
PM-021,228,1.3381,0.2569,38.219,0
PM-021,229,1.355,0.2818,38.0415,0
PM-021,230,1.3554,0.2641,37.7141,0
PM-021,231,1.3996,0.2634,38.6571,0
PM-021,232,1.3172,0.2891,38.2044,0
PM-021,233,1.3035,0.2389,37.9416,0
PM-021,234,1.3341,0.2409,38.5533,0
PM-021,235,1.3531,0.2679,38.4392,0
PM-021,236,1.3446,0.2368,37.8568,0
PM-021,237,1.3202,0.2438,38.8182,0
PM-021,238,1.3196,0.2824,37.9939,0
PM-021,239,1.3224,0.2665,38.6903,0
PM-021,240,1.317,0.2589,38.6663,0
PM-021,241,1.3678,0.237,38.2487,0
PM-021,242,1.3174,0.2658,38.3598,0
PM-021,243,1.3608,0.2459,38.1004,0
PM-021,244,1.3693,0.2757,38.8118,0
PM-021,245,1.378,0.2355,38.6774,0
PM-021,246,1.3488,0.2711,38.2087,0
PM-021,247,1.3312,0.2559,38.3295,0
PM-021,248,1.3553,0.2748,37.9988,0
PM-021,249,1.327,0.2358,38.2435,0
PM-021,250,1.332,0.2552,38.3175,0
PM-021,251,1.3139,0.2519,38.419,0
PM-021,252,1.3509,0.2546,38.2995,0
PM-021,253,1.3441,0.2453,37.9606,0
PM-021,254,1.4033,0.2696,38.6345,0
PM-021,255,1.3616,0.2811,38.4821,0
PM-021,256,1.3074,0.2476,38.381,0
PM-021,257,1.3537,0.2622,37.9754,0
PM-021,258,1.3383,0.2639,38.321,0
PM-021,259,1.365,0.2441,38.4559,0
PM-021,260,1.3381,0.2549,38.2934,0
PM-021,261,1.3149,0.2621,38.6875,0
PM-021,262,1.3252,0.2881,38.1159,0
PM-021,263,1.3613,0.2404,38.9579,0
PM-021,264,1.3283,0.2633,38.1494,0
PM-021,265,1.3485,0.2619,38.2123,0
PM-021,266,1.3359,0.2595,38.2895,0
PM-021,267,1.356,0.2675,38.5535,0
PM-021,268,1.3608,0.2622,38.2332,0
PM-021,269,1.3189,0.2625,38.6385,0
PM-021,270,1.3342,0.2502,38.7018,0
PM-021,271,1.3822,0.2477,39.0756,0
PM-021,272,1.3579,0.2741,38.2045,0
PM-021,273,1.3547,0.2666,38.0403,0
PM-021,274,1.3826,0.2596,38.1601,0
PM-021,275,1.3264,0.2686,38.3869,0
PM-021,276,1.33,0.2623,38.4565,0
PM-021,277,1.3416,0.2658,38.3116,0
PM-021,278,1.3451,0.2458,38.3699,0
PM-021,279,1.3081,0.2818,38.6663,0
PM-021,280,1.329,0.2386,38.6609,0
PM-021,281,1.3462,0.2611,38.3173,0
PM-021,282,1.3233,0.272,38.4448,0
PM-021,283,1.3499,0.2262,38.4612,0
PM-021,284,1.3571,0.2588,38.5997,0
PM-021,285,1.3721,0.2652,37.8565,0
PM-021,286,1.3242,0.2497,38.2356,0
PM-021,287,1.3664,0.2652,38.2604,0
PM-021,288,1.3621,0.2486,38.4982,0
PM-021,289,1.3541,0.2681,38.564,0
PM-021,290,1.3486,0.2303,38.1124,0
PM-021,291,1.3652,0.2517,38.1108,0
PM-021,292,1.3508,0.2766,38.4476,0
PM-021,293,1.3844,0.2662,38.419,0
PM-021,294,1.3449,0.2369,38.3543,0
PM-021,295,1.3504,0.2702,38.4016,0
PM-021,296,1.3549,0.2772,38.2318,0
PM-021,297,1.3663,0.2795,38.1441,0
PM-021,298,1.3414,0.2487,37.9029,0
PM-021,299,1.3864,0.308,38.3733,0
PM-021,300,1.3429,0.2863,38.4905,0
PM-021,301,1.3345,0.247,38.5558,0
PM-021,302,1.3572,0.277,38.5213,0
PM-021,303,1.3251,0.2486,38.0468,0
PM-021,304,1.3539,0.2584,38.1735,0
PM-021,305,1.3433,0.2703,38.2559,0
PM-021,306,1.3359,0.2406,38.0393,0
PM-021,307,1.3709,0.2502,38.8543,0
PM-021,308,1.3621,0.248,38.1264,0
PM-021,309,1.3074,0.2536,38.8947,0
PM-021,310,1.3822,0.2843,38.4929,0
PM-021,311,1.346,0.2617,38.4736,0
PM-021,312,1.3492,0.2484,38.2886,0
PM-021,313,1.3225,0.2691,38.0375,0
PM-021,314,1.3609,0.244,38.2603,0
PM-021,315,1.355,0.2578,38.5021,0
PM-021,316,1.3585,0.2539,38.1332,0
PM-021,317,1.3363,0.2481,38.9393,0
PM-021,318,1.3369,0.2766,38.3593,0
PM-021,319,1.3424,0.2631,38.3865,0
PM-021,320,1.3144,0.259,38.3121,0
PM-021,321,1.343,0.2284,38.2105,0
PM-021,322,1.3818,0.2685,37.9944,0
PM-021,323,1.3674,0.2436,38.3908,0
PM-021,324,1.3551,0.2547,38.6228,0
PM-021,325,1.3646,0.2486,38.2231,0
PM-021,326,1.3324,0.2516,38.5052,0
PM-021,327,1.3493,0.2757,37.8359,0
PM-021,328,1.3551,0.2727,38.3406,0
PM-021,329,1.3223,0.2445,38.5827,0
PM-021,330,1.3389,0.2485,38.2085,0
PM-021,331,1.3445,0.278,37.7866,0
PM-021,332,1.3611,0.2821,38.5938,0
PM-021,333,1.396,0.2534,38.5778,0
PM-021,334,1.3478,0.2524,37.6441,0
PM-021,335,1.3402,0.2762,37.7955,0
PM-021,336,1.3915,0.2664,37.9785,0
PM-021,337,1.3541,0.2705,38.1635,0
PM-021,338,1.3371,0.2898,38.2082,0
PM-021,339,1.3467,0.2801,38.2883,0
PM-021,340,1.3648,0.2531,38.1008,0
PM-021,341,1.3572,0.2455,38.4323,0
PM-021,342,1.3312,0.2662,38.6807,0
PM-021,343,1.3097,0.254,37.7222,0
PM-021,344,1.3437,0.2653,38.2082,0
PM-021,345,1.3067,0.2737,37.8722,0
PM-021,346,1.3662,0.249,38.0491,0
PM-021,347,1.3498,0.2762,38.8968,0
PM-021,348,1.3413,0.2407,38.4139,0
PM-021,349,1.3228,0.2714,38.4432,0
PM-021,350,1.3766,0.276,38.352,0
PM-021,351,1.3502,0.2469,38.038,0
PM-021,352,1.3487,0.2441,38.2298,0
PM-021,353,1.3401,0.2691,38.3034,0
PM-021,354,1.3694,0.2557,37.9594,0
PM-021,355,1.3605,0.2584,38.2291,0
PM-021,356,1.3411,0.26,38.229,0
PM-021,357,1.3599,0.2713,38.199,0
PM-021,358,1.3895,0.2517,38.3156,0
PM-021,359,1.3171,0.2586,38.2491,0
PM-021,360,1.3485,0.2749,38.814,0
PM-021,361,1.3717,0.2587,38.3692,0
PM-021,362,1.38,0.2452,38.5456,0
PM-021,363,1.3318,0.2774,38.27,0
PM-021,364,1.3319,0.2503,38.1605,0
PM-021,365,1.3686,0.2803,38.1896,0
PM-021,366,1.3321,0.2907,38.5559,0
PM-021,367,1.334,0.2656,38.1865,0
PM-021,368,1.3238,0.2556,37.899,0
PM-021,369,1.3399,0.2544,38.1482,0
PM-021,370,1.3678,0.2663,38.1184,0
PM-021,371,1.356,0.2798,38.0612,0
PM-021,372,1.3233,0.2439,38.4231,0
PM-021,373,1.3793,0.2729,38.6956,0
PM-021,374,1.3055,0.2477,37.9748,0
PM-021,375,1.3607,0.2572,37.4103,0
PM-021,376,1.3647,0.2777,38.913,0
PM-021,377,1.3528,0.2695,37.9678,0
PM-021,378,1.3167,0.2789,38.4743,0
PM-021,379,1.3745,0.2564,39.0212,0
PM-021,380,1.3558,0.2489,38.2148,0
PM-021,381,1.3175,0.2461,38.194,0
PM-021,382,1.3805,0.2592,38.6355,0
PM-021,383,1.3475,0.2448,38.4738,0
PM-021,384,1.3326,0.2543,38.9196,0
PM-021,385,1.3616,0.2479,38.5298,0
PM-021,386,1.3308,0.2339,38.6379,0
PM-021,387,1.3554,0.2573,37.8105,0
PM-021,388,1.3432,0.2631,37.9605,0
PM-021,389,1.3504,0.2835,38.3781,0
PM-021,390,1.3612,0.2536,37.9948,0
PM-021,391,1.3383,0.276,38.281,0
PM-021,392,1.3455,0.2526,37.9287,0
PM-021,393,1.3769,0.2571,38.1507,0
PM-021,394,1.3511,0.2523,38.404,0
PM-021,395,1.3358,0.2621,38.2944,0
PM-021,396,1.3866,0.2889,38.5464,0
PM-021,397,1.3478,0.2723,38.5415,0
PM-021,398,1.3401,0.2355,37.7392,0
PM-021,399,1.3472,0.2526,38.1469,0
PM-021,400,1.3334,0.2475,38.5066,0
PM-021,401,1.289,0.269,38.2273,0
PM-021,402,1.3784,0.2642,37.7902,0
PM-021,403,1.3121,0.2431,38.3895,0
PM-021,404,1.3153,0.2619,38.5209,0
PM-021,405,1.339,0.2469,37.6649,0
PM-021,406,1.3797,0.2876,38.6761,0
PM-021,407,1.344,0.2594,38.5158,0
PM-021,408,1.3525,0.2135,38.5856,0
PM-021,409,1.3739,0.2763,38.4458,0
PM-021,410,1.3687,0.239,38.2821,0
PM-021,411,1.3362,0.282,38.3653,0
PM-021,412,1.3464,0.2449,37.9924,0
PM-021,413,1.327,0.2714,38.4895,0
PM-021,414,1.3545,0.2721,38.0685,0
PM-021,415,1.3127,0.2705,38.2933,0
PM-021,416,1.3662,0.2666,38.2881,0
PM-021,417,1.3536,0.2813,38.2231,0
PM-021,418,1.3643,0.2648,37.8078,0
PM-021,419,1.3233,0.2596,38.1608,0
PM-021,420,1.3305,0.2763,37.8615,0
PM-021,421,1.3456,0.2471,38.755,0
PM-021,422,1.3999,0.2555,38.5647,0
PM-021,423,1.3749,0.2737,38.5475,0
PM-021,424,1.3141,0.2779,38.4179,0
PM-021,425,1.345,0.259,38.3875,0
PM-021,426,1.3445,0.2549,38.0168,0
PM-021,427,1.3597,0.2578,38.0723,0
PM-021,428,1.3515,0.2609,38.4619,0
PM-021,429,1.3489,0.2695,38.2282,0
PM-021,430,1.3455,0.2644,38.4263,0
PM-021,431,1.3738,0.2759,38.2971,0
PM-021,432,1.3213,0.2705,38.4685,0
PM-021,433,1.3539,0.2718,38.1996,0
PM-021,434,1.3176,0.2471,37.4411,0
PM-021,435,1.3584,0.2592,38.5684,0
PM-021,436,1.3646,0.2529,38.0628,0
PM-021,437,1.3338,0.2889,38.2648,0
PM-021,438,1.3441,0.2646,37.8342,0
PM-021,439,1.3416,0.2474,37.9903,0
PM-021,440,1.3443,0.2609,37.9337,0
PM-021,441,1.3422,0.2614,38.4456,0
PM-021,442,1.3441,0.2652,38.2045,0
PM-021,443,1.3752,0.2684,38.1088,0
PM-021,444,1.3396,0.2661,38.1526,0
PM-021,445,1.3109,0.2646,38.1952,0
PM-021,446,1.3631,0.2608,38.5039,0
PM-021,447,1.3999,0.2794,38.2049,0
PM-021,448,1.358,0.262,38.3907,0
PM-021,449,1.3182,0.276,37.6186,0
PM-021,450,1.3492,0.2339,38.0991,0
PM-021,451,1.3537,0.2732,38.6168,0
PM-021,452,1.3457,0.2751,38.2914,0
PM-021,453,1.3353,0.2658,38.0349,0
PM-021,454,1.3469,0.253,37.8451,0
PM-021,455,1.3561,0.2624,38.6553,0
PM-021,456,1.3122,0.2495,38.6486,0
PM-021,457,1.3601,0.2711,38.7457,0
PM-021,458,1.3342,0.2472,38.5669,0
PM-021,459,1.3622,0.2583,38.264,0
PM-021,460,1.3301,0.2839,38.9181,0
PM-021,461,1.3719,0.27,38.4871,0
PM-021,462,1.3562,0.2338,38.1674,0
PM-021,463,1.3659,0.2475,38.3568,0
PM-021,464,1.3727,0.2778,38.5913,0
PM-021,465,1.3552,0.2722,38.2377,0
PM-021,466,1.3836,0.2364,38.3305,0
PM-021,467,1.3401,0.2704,38.2083,0
PM-021,468,1.3979,0.2739,38.0106,0
PM-021,469,1.2962,0.2431,38.4786,0
PM-021,470,1.3443,0.2516,38.0931,0
PM-021,471,1.3661,0.2552,38.1796,0
PM-021,472,1.3694,0.2836,37.976,0
PM-021,473,1.3731,0.2586,38.5856,0
PM-021,474,1.3626,0.2605,38.3289,0
PM-021,475,1.3629,0.2438,37.9673,0
PM-021,476,1.3912,0.2777,38.6079,0
PM-021,477,1.3464,0.2356,38.1511,0
PM-021,478,1.3577,0.2775,38.4387,0
PM-021,479,1.3587,0.2576,38.5051,0
PM-022,0,1.3776,0.1976,36.2663,0
PM-022,1,1.3881,0.2096,36.3063,0
PM-022,2,1.3951,0.1932,36.0365,0
PM-022,3,1.3877,0.2073,35.9293,0
PM-022,4,1.4101,0.2185,35.996,0
PM-022,5,1.3843,0.2377,36.3021,0
PM-022,6,1.3964,0.1984,36.16,0
PM-022,7,1.4187,0.2093,36.2326,0
PM-022,8,1.3886,0.2458,36.2658,0
PM-022,9,1.3719,0.1978,36.4881,0
PM-022,10,1.3599,0.2143,36.0368,0
PM-022,11,1.3513,0.1929,36.2622,0
PM-022,12,1.4164,0.2213,36.1658,0
PM-022,13,1.4079,0.2022,35.814,0
PM-022,14,1.3889,0.185,36.4913,0
PM-022,15,1.4046,0.1944,36.2976,0
PM-022,16,1.3912,0.2207,35.8804,0
PM-022,17,1.4005,0.1878,36.4871,0
PM-022,18,1.4097,0.1975,36.6196,0
PM-022,19,1.357,0.2241,36.6854,0
PM-022,20,1.3954,0.2046,36.3476,0
PM-022,21,1.3764,0.247,36.0779,0
PM-022,22,1.4148,0.1965,36.7329,0
PM-022,23,1.4287,0.2134,36.3399,0
PM-022,24,1.3693,0.1914,36.3433,0
PM-022,25,1.4176,0.1994,36.9163,0
PM-022,26,1.3763,0.211,36.3235,0
PM-022,27,1.3864,0.1769,36.0682,0
PM-022,28,1.3925,0.2061,36.4448,0
PM-022,29,1.4036,0.204,35.9652,0
PM-022,30,1.4194,0.1873,36.0753,0
PM-022,31,1.3715,0.2188,36.649,0
PM-022,32,1.385,0.211,36.3825,0
PM-022,33,1.4246,0.181,36.4772,0
PM-022,34,1.396,0.202,36.3518,0
PM-022,35,1.4033,0.2163,36.9015,0
PM-022,36,1.391,0.208,36.1995,0
PM-022,37,1.3995,0.2071,36.2579,0
PM-022,38,1.3888,0.2056,36.0713,0
PM-022,39,1.3968,0.2033,36.438,0
PM-022,40,1.3907,0.2018,36.7234,0
PM-022,41,1.3864,0.2169,36.0439,0
PM-022,42,1.348,0.1991,35.6127,0
PM-022,43,1.3837,0.2296,35.9823,0
PM-022,44,1.3464,0.2301,36.1113,0
PM-022,45,1.3882,0.2194,36.4109,0
PM-022,46,1.4035,0.2211,35.7301,0
PM-022,47,1.3602,0.2251,36.0194,0
PM-022,48,1.375,0.1886,36.1324,0
PM-022,49,1.3815,0.1935,35.938,0
PM-022,50,1.3948,0.1955,36.072,0
PM-022,51,1.3447,0.2367,36.5365,0
PM-022,52,1.3786,0.1941,36.2572,0
PM-022,53,1.3881,0.1884,35.4887,0
PM-022,54,1.378,0.1841,36.3053,0
PM-022,55,1.392,0.193,36.0935,0
PM-022,56,1.4237,0.2192,36.1182,0
PM-022,57,1.4343,0.1896,36.0101,0
PM-022,58,1.3863,0.1846,36.791,0
PM-022,59,1.3921,0.1957,36.3882,0
PM-022,60,1.3914,0.203,35.8914,0
PM-022,61,1.3597,0.2404,35.8481,0
PM-022,62,1.4224,0.1949,36.4909,0
PM-022,63,1.3978,0.2176,36.4735,0
PM-022,64,1.3562,0.1974,35.8435,0
PM-022,65,1.3923,0.1877,35.6596,0
PM-022,66,1.3837,0.1744,36.3315,0
PM-022,67,1.3633,0.195,35.5698,0
PM-022,68,1.4215,0.1856,36.1447,0
PM-022,69,1.3526,0.195,36.7795,0
PM-022,70,1.3944,0.1967,36.2437,0
PM-022,71,1.3773,0.2062,36.4771,0
PM-022,72,1.3819,0.2109,36.3249,0
PM-022,73,1.382,0.1965,36.0964,0
PM-022,74,1.4025,0.2193,35.9126,0
PM-022,75,1.3833,0.1963,36.4939,0
PM-022,76,1.379,0.2406,36.3193,0
PM-022,77,1.4121,0.1924,36.2574,0
PM-022,78,1.4008,0.1921,36.26,0
PM-022,79,1.4095,0.2027,35.9984,0
PM-022,80,1.4245,0.19,36.3007,0
PM-022,81,1.3743,0.1935,36.4764,0
PM-022,82,1.3844,0.2137,35.5774,0
PM-022,83,1.3985,0.1968,35.6903,0
PM-022,84,1.4262,0.2166,36.3221,0
PM-022,85,1.4135,0.2113,36.0143,0
PM-022,86,1.385,0.1974,36.1038,0
PM-022,87,1.3633,0.193,36.5223,0
PM-022,88,1.3951,0.2,35.9455,0
PM-022,89,1.3804,0.1823,36.2919,0
PM-022,90,1.4074,0.2431,35.9229,0
PM-022,91,1.4065,0.197,35.9154,0
PM-022,92,1.3659,0.2097,35.9747,0
PM-022,93,1.3763,0.201,36.0319,0
PM-022,94,1.3722,0.1711,36.28,0
PM-022,95,1.3898,0.1956,36.362,0
PM-022,96,1.4164,0.2079,36.653,0
PM-022,97,1.4332,0.2455,35.8974,0
PM-022,98,1.3648,0.2009,36.2925,0
PM-022,99,1.4202,0.217,35.8929,0
PM-022,100,1.3762,0.207,35.8072,0
PM-022,101,1.3887,0.1898,35.7587,0
PM-022,102,1.3695,0.2137,36.3751,0
PM-022,103,1.3904,0.2225,36.5196,0
PM-022,104,1.3926,0.2086,36.2928,0
PM-022,105,1.3855,0.175,36.5946,0
PM-022,106,1.3964,0.1893,36.6823,0
PM-022,107,1.3767,0.206,36.561,0
PM-022,108,1.3929,0.2276,36.1483,0
PM-022,109,1.4223,0.1959,36.6492,0
PM-022,110,1.3432,0.1911,36.3433,0
PM-022,111,1.3805,0.2065,36.2664,0
PM-022,112,1.3647,0.1908,36.3235,0
PM-022,113,1.3751,0.2277,36.1963,0
PM-022,114,1.4028,0.2142,36.0736,0
PM-022,115,1.3489,0.2254,35.9602,0
PM-022,116,1.3804,0.2053,36.2386,0
PM-022,117,1.4077,0.2077,36.2157,0
PM-022,118,1.4088,0.2166,36.0332,0
PM-022,119,1.3655,0.1952,36.2391,0
PM-022,120,1.3636,0.2089,36.2151,0
PM-022,121,1.3376,0.1865,35.3882,0
PM-022,122,1.3816,0.2237,35.6867,0
PM-022,123,1.362,0.2051,35.9348,0
PM-022,124,1.3671,0.2157,36.1054,0
PM-022,125,1.3587,0.1763,36.9164,0
PM-022,126,1.411,0.2008,36.2803,0
PM-022,127,1.3787,0.2152,35.9976,0
PM-022,128,1.3776,0.2144,36.6901,0
PM-022,129,1.4033,0.2261,36.1602,0
PM-022,130,1.376,0.1785,36.2756,0
PM-022,131,1.3961,0.2031,36.0209,0
PM-022,132,1.4133,0.2171,36.6478,0
PM-022,133,1.3694,0.197,36.6149,0
PM-022,134,1.3875,0.199,36.1041,0
PM-022,135,1.3883,0.2226,36.2058,0
PM-022,136,1.4043,0.2146,35.9904,0
PM-022,137,1.3709,0.2008,35.8529,0
PM-022,138,1.3782,0.2303,36.2445,0
PM-022,139,1.3731,0.2363,35.9747,0
PM-022,140,1.3692,0.226,36.4523,0
PM-022,141,1.3859,0.2201,36.3441,0
PM-022,142,1.3647,0.1716,36.0837,0
PM-022,143,1.4102,0.2012,36.3919,0
PM-022,144,1.3922,0.1822,36.132,0
PM-022,145,1.3957,0.1958,36.1451,0
PM-022,146,1.3963,0.2087,36.568,0
PM-022,147,1.3961,0.1932,36.1106,0
PM-022,148,1.3889,0.2277,36.1118,0
PM-022,149,1.3538,0.2142,36.0272,0
PM-022,150,1.3628,0.2079,36.5458,0
PM-022,151,1.377,0.215,36.4585,0
PM-022,152,1.4043,0.1966,35.9176,0
PM-022,153,1.3688,0.2194,36.4541,0
PM-022,154,1.3693,0.2396,35.931,0
PM-022,155,1.4085,0.2304,36.2868,0
PM-022,156,1.3731,0.1964,36.1753,0
PM-022,157,1.4101,0.1896,35.7023,0
PM-022,158,1.3957,0.2163,36.8443,0
PM-022,159,1.3608,0.2056,36.6025,0
PM-022,160,1.3909,0.2047,36.4909,0
PM-022,161,1.3765,0.2204,35.8778,0
PM-022,162,1.3581,0.2035,35.4849,0
PM-022,163,1.3902,0.1816,36.3386,0
PM-022,164,1.3922,0.2066,36.3848,0
PM-022,165,1.3926,0.2032,36.8032,0
PM-022,166,1.3963,0.2192,36.5758,0
PM-022,167,1.4018,0.2385,36.3037,0
PM-022,168,1.3883,0.1978,36.177,0
PM-022,169,1.3738,0.2177,35.9802,0
PM-022,170,1.3899,0.216,36.299,0
PM-022,171,1.3706,0.2181,36.2283,0
PM-022,172,1.331,0.1928,36.6742,0
PM-022,173,1.4182,0.2155,36.4891,0
PM-022,174,1.3729,0.2037,36.6245,0
PM-022,175,1.397,0.2086,36.1979,0
PM-022,176,1.412,0.2244,36.4488,0
PM-022,177,1.3898,0.2022,36.4618,0
PM-022,178,1.3664,0.1942,35.8186,0
PM-022,179,1.4132,0.1968,36.3751,0
PM-022,180,1.386,0.251,36.3865,0
PM-022,181,1.3512,0.2252,36.1378,0
PM-022,182,1.3845,0.1975,36.3126,0
PM-022,183,1.3921,0.1979,36.1015,0
PM-022,184,1.3905,0.1724,35.8215,0
PM-022,185,1.4219,0.2125,36.0964,0
PM-022,186,1.3546,0.2067,36.5495,0
PM-022,187,1.4413,0.236,35.9878,0
PM-022,188,1.3786,0.1855,36.0014,0
PM-022,189,1.3842,0.2021,36.8703,0
PM-022,190,1.3622,0.2069,35.6349,0
PM-022,191,1.3951,0.1875,36.5847,0
PM-022,192,1.3827,0.1866,35.6231,0
PM-022,193,1.3689,0.2112,36.3804,0
PM-022,194,1.3785,0.2215,35.9132,0
PM-022,195,1.3299,0.2118,36.6409,0
PM-022,196,1.4145,0.1881,36.0905,0
PM-022,197,1.4029,0.1982,36.2855,0
PM-022,198,1.3741,0.1912,35.985,0
PM-022,199,1.4076,0.2078,36.6355,0
PM-022,200,1.3989,0.2317,36.4993,0
PM-022,201,1.4037,0.2058,37.1567,0
PM-022,202,1.3907,0.178,36.3343,0
PM-022,203,1.3688,0.2228,36.4717,0
PM-022,204,1.3846,0.1943,36.2978,0
PM-022,205,1.3756,0.2194,36.4207,0
PM-022,206,1.4472,0.2009,36.1629,0
PM-022,207,1.3854,0.2059,36.562,0
PM-022,208,1.3829,0.2372,36.4286,0
PM-022,209,1.3788,0.1965,36.5662,0
PM-022,210,1.389,0.2077,36.0744,0
PM-022,211,1.3872,0.198,36.6624,0
PM-022,212,1.4028,0.205,36.1971,0
PM-022,213,1.3903,0.2075,35.9668,0
PM-022,214,1.3505,0.1956,36.2154,0
PM-022,215,1.3737,0.2199,36.1852,0
PM-022,216,1.4259,0.1992,36.2961,0
PM-022,217,1.3827,0.2142,36.5736,0
PM-022,218,1.4006,0.1771,36.4039,0
PM-022,219,1.3683,0.2029,36.4607,0
PM-022,220,1.3661,0.2249,36.1479,0
PM-022,221,1.4319,0.2086,36.7655,0
PM-022,222,1.4124,0.1984,35.8634,0
PM-022,223,1.3907,0.1988,36.7278,0
PM-022,224,1.3835,0.2031,35.8351,0
PM-022,225,1.3969,0.19,36.3866,0
PM-022,226,1.4001,0.1963,36.5409,0
PM-022,227,1.383,0.1855,36.7175,0
PM-022,228,1.37,0.2152,36.3816,0
PM-022,229,1.3963,0.2132,35.9629,0
PM-022,230,1.4223,0.2219,36.3964,0
PM-022,231,1.3618,0.1929,36.4511,0
PM-022,232,1.3484,0.2127,35.8546,0
PM-022,233,1.3711,0.1864,36.3277,0
PM-022,234,1.4108,0.2128,36.3913,0
PM-022,235,1.3918,0.2178,36.394,0
PM-022,236,1.3342,0.2212,36.4943,0
PM-022,237,1.3812,0.178,36.3266,0
PM-022,238,1.395,0.201,36.3099,0
PM-022,239,1.4099,0.2435,36.298,0
PM-022,240,1.3952,0.1952,36.1035,0
PM-022,241,1.3858,0.2252,36.4996,0
PM-022,242,1.4271,0.1852,35.8568,0
PM-022,243,1.4105,0.2293,36.2638,0
PM-022,244,1.2992,0.1964,36.3546,0
PM-022,245,1.3705,0.2104,36.8235,0
PM-022,246,1.417,0.2197,36.2346,0
PM-022,247,1.3786,0.2189,36.2615,0
PM-022,248,1.3897,0.1843,36.0395,0
PM-022,249,1.4035,0.1911,36.3336,0
PM-022,250,1.3967,0.2146,36.422,0
PM-022,251,1.401,0.1982,35.8136,0
PM-022,252,1.371,0.2185,35.8937,0
PM-022,253,1.3677,0.1919,35.7001,0
PM-022,254,1.3655,0.2226,36.0389,0
PM-022,255,1.3535,0.1999,36.4071,0
PM-022,256,1.3519,0.2219,35.8216,0
PM-022,257,1.3806,0.2015,36.0855,0
PM-022,258,1.3872,0.2193,36.2417,0
PM-022,259,1.3764,0.2144,36.3161,0
PM-022,260,1.3751,0.2082,36.0282,0
PM-022,261,1.3712,0.2197,36.388,0
PM-022,262,1.4039,0.2171,35.9877,0
PM-022,263,1.4085,0.2031,36.5327,0
PM-022,264,1.386,0.2123,36.3569,0
PM-022,265,1.4047,0.1831,35.781,0
PM-022,266,1.4019,0.2129,36.0212,0
PM-022,267,1.3958,0.1865,37.2332,0
PM-022,268,1.4147,0.2169,36.2766,0
PM-022,269,1.3761,0.1879,36.2198,0
PM-022,270,1.3713,0.1956,35.8289,0
PM-022,271,1.3935,0.2019,36.4144,0
PM-022,272,1.3976,0.211,37.0517,0
PM-022,273,1.4049,0.1887,36.3915,0
PM-022,274,1.3874,0.1875,35.8274,0
PM-022,275,1.3975,0.218,35.94,0
PM-022,276,1.4079,0.2119,36.6127,0
PM-022,277,1.4103,0.2052,36.7446,0
PM-022,278,1.366,0.2434,35.9903,0
PM-022,279,1.3875,0.1991,36.1409,0
PM-022,280,1.4469,0.2006,36.5092,0
PM-022,281,1.3838,0.2216,36.0907,0
PM-022,282,1.3936,0.217,36.0374,0
PM-022,283,1.4436,0.2178,36.1861,0
PM-022,284,1.3745,0.209,35.8891,0
PM-022,285,1.4241,0.2141,36.2275,0
PM-022,286,1.4094,0.1968,35.9071,0
PM-022,287,1.3859,0.2095,36.4131,0
PM-022,288,1.3589,0.2007,35.3289,0
PM-022,289,1.3648,0.2183,36.5422,0
PM-022,290,1.3656,0.2027,36.2616,0
PM-022,291,1.41,0.2305,36.2998,0
PM-022,292,1.3833,0.1859,36.2863,0
PM-022,293,1.43,0.2269,36.3064,0
PM-022,294,1.3945,0.1973,36.1468,0
PM-022,295,1.3914,0.2098,36.5571,0
PM-022,296,1.4077,0.2154,35.9542,0
PM-022,297,1.3692,0.1943,36.3246,0
PM-022,298,1.3479,0.2075,36.6765,0
PM-022,299,1.4018,0.2023,36.0444,0
PM-022,300,1.4046,0.2122,36.18,0
PM-022,301,1.3767,0.2087,36.163,0
PM-022,302,1.4042,0.2262,35.8437,0
PM-022,303,1.364,0.2278,36.3037,0
PM-022,304,1.3658,0.2223,36.3564,0
PM-022,305,1.4325,0.2041,36.5865,0
PM-022,306,1.3595,0.2285,36.5372,0
PM-022,307,1.4206,0.2242,36.2242,0
PM-022,308,1.3651,0.1986,35.7256,0
PM-022,309,1.3701,0.214,36.2396,0
PM-022,310,1.384,0.1957,35.7222,0
PM-022,311,1.3921,0.2133,35.9564,0
PM-022,312,1.3778,0.2307,36.6018,0
PM-022,313,1.3588,0.2063,36.6904,0
PM-022,314,1.3841,0.2035,36.5817,0
PM-022,315,1.4082,0.2216,36.1753,0
PM-022,316,1.4017,0.23,36.2389,0
PM-022,317,1.3804,0.226,36.8675,0
PM-022,318,1.4308,0.202,36.1717,0
PM-022,319,1.3679,0.2094,35.9317,0
PM-022,320,1.3779,0.2181,36.3709,0
PM-022,321,1.3523,0.2311,35.9278,0
PM-022,322,1.3693,0.189,36.0555,0
PM-022,323,1.3705,0.1945,35.5146,0
PM-022,324,1.3911,0.2111,36.9272,0
PM-022,325,1.3982,0.2001,35.8937,0
PM-022,326,1.3865,0.2143,36.1029,0
PM-022,327,1.3897,0.236,36.1387,0
PM-022,328,1.3507,0.2207,36.3482,0
PM-022,329,1.3543,0.214,35.9545,0
PM-022,330,1.3973,0.2362,36.2008,0
PM-022,331,1.4101,0.1892,35.7981,0
PM-022,332,1.4288,0.2122,36.4449,0
PM-022,333,1.4115,0.1997,36.5014,0
PM-022,334,1.4019,0.1882,36.7078,0
PM-022,335,1.4146,0.1883,36.314,0
PM-022,336,1.3839,0.2289,35.8307,0
PM-022,337,1.4605,0.205,36.4754,0
PM-022,338,1.4162,0.2046,36.2194,0
PM-022,339,1.3784,0.1943,36.3355,0
PM-022,340,1.3858,0.1999,36.1186,0
PM-022,341,1.4,0.1956,36.1798,0
PM-022,342,1.4064,0.2113,35.939,0
PM-022,343,1.388,0.2141,36.5507,0
PM-022,344,1.3734,0.1992,36.0454,0
PM-022,345,1.3756,0.2137,36.4323,0
PM-022,346,1.4095,0.2062,35.8323,0
PM-022,347,1.4019,0.21,36.2719,0
PM-022,348,1.3628,0.2046,35.8958,0
PM-022,349,1.3981,0.2011,36.098,0
PM-022,350,1.3577,0.223,36.1763,0
PM-022,351,1.3902,0.1965,35.7587,0
PM-022,352,1.3778,0.202,36.3417,0
PM-022,353,1.3814,0.1968,35.8029,0
PM-022,354,1.3894,0.1956,36.6501,0
PM-022,355,1.3915,0.216,36.1793,0
PM-022,356,1.3925,0.1942,35.9004,0
PM-022,357,1.3888,0.2161,35.6702,0
PM-022,358,1.3785,0.2352,36.3977,0
PM-022,359,1.4192,0.1981,36.1165,0
PM-022,360,1.4078,0.2169,36.2256,0
PM-022,361,1.3632,0.2249,37.007,0
PM-022,362,1.357,0.2286,36.1134,0
PM-022,363,1.3818,0.2116,35.8922,0
PM-022,364,1.3877,0.1834,36.3967,0
PM-022,365,1.4331,0.198,36.2033,0
PM-022,366,1.3861,0.2224,36.3756,0
PM-022,367,1.4069,0.2,36.384,0
PM-022,368,1.3211,0.2176,35.8886,0
PM-022,369,1.3819,0.2188,35.7931,0
PM-022,370,1.4103,0.2057,36.6898,0
PM-022,371,1.3704,0.1804,36.2452,0
PM-022,372,1.4002,0.2176,35.9133,0
PM-022,373,1.356,0.2029,36.4088,0
PM-022,374,1.3978,0.2312,36.1419,0
PM-022,375,1.3516,0.2255,36.3125,0
PM-022,376,1.3941,0.2191,36.633,0
PM-022,377,1.388,0.2252,36.4195,0
PM-022,378,1.3754,0.2041,36.4389,0
PM-022,379,1.3743,0.2209,36.3014,0
PM-022,380,1.3961,0.2292,36.3609,0
PM-022,381,1.3899,0.2063,36.2135,0
PM-022,382,1.3947,0.228,36.0704,0
PM-022,383,1.3747,0.2269,36.0841,0
PM-022,384,1.3928,0.1987,35.7501,0
PM-022,385,1.3924,0.2243,36.2353,0
PM-022,386,1.3588,0.2092,36.0271,0
PM-022,387,1.3361,0.2064,36.4092,0
PM-022,388,1.412,0.2339,36.4492,0
PM-022,389,1.4071,0.1883,36.7405,0
PM-022,390,1.4138,0.2021,36.4584,0
PM-022,391,1.4001,0.2296,36.2086,0
PM-022,392,1.3735,0.2002,36.5229,0
PM-022,393,1.3501,0.1626,36.5222,0
PM-022,394,1.394,0.2079,35.8622,0
PM-022,395,1.3543,0.1981,36.3624,0
PM-022,396,1.3768,0.2211,35.9677,0
PM-022,397,1.3781,0.2181,36.1408,0
PM-022,398,1.3819,0.1979,36.0052,0
PM-022,399,1.3956,0.2148,36.3221,0
PM-022,400,1.3761,0.2046,36.7327,0
PM-022,401,1.3601,0.2359,36.2838,0
PM-022,402,1.3849,0.2219,35.6337,0
PM-022,403,1.4161,0.2354,36.5803,0
PM-022,404,1.3464,0.219,36.7477,0
PM-022,405,1.4193,0.1865,36.5588,0
PM-022,406,1.4244,0.208,35.8181,0
PM-022,407,1.405,0.2234,36.2121,0
PM-022,408,1.3647,0.2223,36.0233,0
PM-022,409,1.3964,0.231,35.7563,0
PM-022,410,1.4066,0.2045,36.1997,0
PM-022,411,1.3988,0.196,35.9014,0
PM-022,412,1.3528,0.2261,36.1424,0
PM-022,413,1.3999,0.2003,35.9054,0
PM-022,414,1.4015,0.2125,36.1828,0
PM-022,415,1.3945,0.1932,36.5721,0
PM-022,416,1.4143,0.219,36.1423,0
PM-022,417,1.3897,0.2311,36.6383,0
PM-022,418,1.4284,0.1959,35.9928,0
PM-022,419,1.3912,0.2137,36.2112,0
PM-022,420,1.3807,0.2266,36.2267,0
PM-022,421,1.3642,0.1911,36.328,0
PM-022,422,1.4485,0.1929,36.1594,0
PM-022,423,1.4366,0.2003,36.3905,0
PM-022,424,1.426,0.1933,36.1611,0
PM-022,425,1.3788,0.1848,36.7247,0
PM-022,426,1.3768,0.1944,36.1206,0
PM-022,427,1.4071,0.2093,36.0164,0
PM-022,428,1.3967,0.2198,36.2468,0
PM-022,429,1.3838,0.2228,36.2002,0
PM-022,430,1.4206,0.1962,36.0196,0
PM-022,431,1.3704,0.204,36.2547,0
PM-022,432,1.362,0.209,36.4235,0
PM-022,433,1.3592,0.1998,36.4242,0
PM-022,434,1.3667,0.2028,36.5804,0
PM-022,435,1.4244,0.2142,36.2031,0
PM-022,436,1.3784,0.2212,36.5939,0
PM-022,437,1.3653,0.2212,36.0718,0
PM-022,438,1.3713,0.2053,36.5514,0
PM-022,439,1.3947,0.2118,36.3596,0
PM-022,440,1.3978,0.2059,36.4435,0
PM-022,441,1.3753,0.2173,36.511,0
PM-022,442,1.4025,0.2188,36.3934,0
PM-022,443,1.4119,0.1735,36.51,0
PM-022,444,1.428,0.1983,36.0338,0
PM-022,445,1.4142,0.1937,36.0539,0
PM-022,446,1.3919,0.1956,36.5164,0
PM-022,447,1.3727,0.213,36.3393,0
PM-022,448,1.4218,0.2251,36.095,0
PM-022,449,1.3632,0.2202,36.0579,0
PM-022,450,1.3818,0.1917,36.4576,0
PM-022,451,1.3755,0.2071,36.2481,0
PM-022,452,1.3921,0.2175,36.1811,0
PM-022,453,1.3736,0.1797,36.2847,0
PM-022,454,1.3853,0.1969,36.2727,0
PM-022,455,1.4056,0.2243,35.7934,0
PM-022,456,1.3813,0.222,36.7327,0
PM-022,457,1.3721,0.2283,35.8489,0
PM-022,458,1.4114,0.2034,36.7228,0
PM-022,459,1.3792,0.2029,36.2139,0
PM-022,460,1.3577,0.1811,36.407,0
PM-022,461,1.4082,0.2167,35.8777,0
PM-022,462,1.3981,0.1927,36.3762,0
PM-022,463,1.4111,0.2131,36.6945,0
PM-022,464,1.3855,0.2043,36.2741,0
PM-022,465,1.3616,0.2015,36.1594,0
PM-022,466,1.3828,0.2116,35.8098,0
PM-022,467,1.3656,0.2246,35.6517,0
PM-022,468,1.4008,0.202,36.3019,0
PM-022,469,1.4196,0.2056,36.4415,0
PM-022,470,1.3896,0.2059,36.184,0
PM-022,471,1.4025,0.1966,35.9143,0
PM-022,472,1.39,0.2105,35.7067,0
PM-022,473,1.3883,0.1892,36.442,0
PM-022,474,1.3524,0.2365,36.1524,0
PM-022,475,1.3712,0.2033,36.4208,0
PM-022,476,1.4063,0.2035,35.8223,0
PM-022,477,1.3642,0.2119,36.5501,0
PM-022,478,1.4108,0.2101,36.5441,0
PM-022,479,1.4267,0.2254,36.5305,0
PM-023,0,1.339,0.3205,38.5315,0
PM-023,1,1.3733,0.3128,38.7307,0
PM-023,2,1.372,0.3237,38.3734,0
PM-023,3,1.408,0.318,38.786,0
PM-023,4,1.3609,0.2975,38.8314,0
PM-023,5,1.365,0.3275,38.3971,0
PM-023,6,1.353,0.3182,38.611,0
PM-023,7,1.3539,0.3182,39.0255,0
PM-023,8,1.3688,0.3318,38.5462,0
PM-023,9,1.3608,0.3178,38.4632,0
PM-023,10,1.3647,0.3377,39.1198,0
PM-023,11,1.3872,0.3188,38.3808,0
PM-023,12,1.4086,0.3065,39.0538,0
PM-023,13,1.367,0.2987,38.152,0
PM-023,14,1.3875,0.3056,38.2185,0
PM-023,15,1.3543,0.3141,38.7078,0
PM-023,16,1.3661,0.3032,38.597,0
PM-023,17,1.394,0.2984,38.7378,0
PM-023,18,1.3386,0.308,38.9362,0
PM-023,19,1.319,0.3456,38.2085,0
PM-023,20,1.3195,0.3145,38.4678,0
PM-023,21,1.3473,0.3238,38.3188,0
PM-023,22,1.3711,0.3266,38.1849,0
PM-023,23,1.3802,0.3258,39.0623,0
PM-023,24,1.3598,0.3017,38.9727,0
PM-023,25,1.3606,0.3415,38.8093,0
PM-023,26,1.3592,0.301,38.5652,0
PM-023,27,1.3784,0.2916,38.475,0
PM-023,28,1.3274,0.2986,38.4131,0
PM-023,29,1.3543,0.3195,38.8071,0
PM-023,30,1.3873,0.3382,38.9521,0
PM-023,31,1.3521,0.3177,38.4278,0
PM-023,32,1.3647,0.3118,38.2538,0
PM-023,33,1.3887,0.3398,38.3691,0
PM-023,34,1.3701,0.3034,38.5727,0
PM-023,35,1.349,0.3048,38.6536,0
PM-023,36,1.3234,0.3063,39.8012,0
PM-023,37,1.3289,0.3085,38.683,0
PM-023,38,1.3561,0.3027,38.8869,0
PM-023,39,1.3627,0.3048,38.8537,0
PM-023,40,1.3491,0.301,38.7729,0
PM-023,41,1.3335,0.3405,39.0513,0
PM-023,42,1.3706,0.3054,38.2762,0
PM-023,43,1.3082,0.3384,38.3057,0
PM-023,44,1.3668,0.3172,38.0948,0
PM-023,45,1.3476,0.2972,38.8344,0
PM-023,46,1.3764,0.3105,38.3437,0
PM-023,47,1.3634,0.3308,38.1521,0
PM-023,48,1.4019,0.3105,38.5609,0
PM-023,49,1.3917,0.3133,38.565,0
PM-023,50,1.3414,0.3055,38.3847,0
PM-023,51,1.3244,0.283,38.527,0
PM-023,52,1.3321,0.324,38.5303,0
PM-023,53,1.3278,0.337,38.4686,0
PM-023,54,1.37,0.3388,38.5864,0
PM-023,55,1.36,0.3357,38.5083,0
PM-023,56,1.3811,0.3131,38.6476,0
PM-023,57,1.3628,0.3086,38.4361,0
PM-023,58,1.3466,0.2947,38.4625,0
PM-023,59,1.3544,0.3203,38.5688,0
PM-023,60,1.3812,0.3297,39.0001,0
PM-023,61,1.3556,0.3065,38.1863,0
PM-023,62,1.3858,0.2969,38.3262,0
PM-023,63,1.3642,0.3095,39.0307,0
PM-023,64,1.3443,0.3146,38.0407,0
PM-023,65,1.3843,0.289,39.3428,0
PM-023,66,1.3573,0.3099,38.587,0
PM-023,67,1.3382,0.324,38.474,0
PM-023,68,1.3534,0.3334,38.0806,0
PM-023,69,1.3558,0.3125,38.6379,0
PM-023,70,1.3485,0.3094,39.1513,0
PM-023,71,1.3697,0.3025,38.7922,0
PM-023,72,1.3606,0.3253,38.5353,0
PM-023,73,1.3435,0.2891,38.9422,0
PM-023,74,1.3734,0.3195,38.7912,0
PM-023,75,1.3844,0.2889,38.6215,0
PM-023,76,1.3235,0.3083,38.6955,0
PM-023,77,1.3526,0.3406,38.5092,0
PM-023,78,1.3443,0.3147,38.2857,0
PM-023,79,1.3421,0.3282,38.8936,0
PM-023,80,1.3628,0.3233,39.223,0
PM-023,81,1.3585,0.3012,38.7572,0
PM-023,82,1.3764,0.3282,38.9398,0
PM-023,83,1.3796,0.322,38.7873,0
PM-023,84,1.3679,0.2903,38.081,0
PM-023,85,1.3386,0.3265,38.4652,0
PM-023,86,1.3624,0.3376,38.9216,0
PM-023,87,1.3162,0.3251,38.6134,0
PM-023,88,1.3466,0.3093,38.5025,0
PM-023,89,1.3334,0.3178,39.2495,0
PM-023,90,1.38,0.2838,38.6839,0
PM-023,91,1.3655,0.2992,38.2333,0
PM-023,92,1.3776,0.3157,38.4533,0
PM-023,93,1.3717,0.3459,38.6739,0
PM-023,94,1.3655,0.3138,38.4789,0
PM-023,95,1.3761,0.3113,38.7465,0
PM-023,96,1.3897,0.3253,38.2144,0
PM-023,97,1.333,0.333,38.5629,0
PM-023,98,1.3649,0.3023,38.7813,0
PM-023,99,1.3974,0.3164,38.7909,0
PM-023,100,1.3846,0.3394,38.3927,0
PM-023,101,1.3679,0.3333,39.0627,0
PM-023,102,1.3512,0.3041,38.55,0
PM-023,103,1.3533,0.31,38.7201,0
PM-023,104,1.3489,0.3376,38.4751,0
PM-023,105,1.3476,0.2966,38.9737,0
PM-023,106,1.3338,0.321,38.8049,0
PM-023,107,1.3013,0.2945,38.4832,0
PM-023,108,1.3976,0.3085,38.4455,0
PM-023,109,1.3447,0.3027,38.406,0
PM-023,110,1.3462,0.3034,38.3817,0
PM-023,111,1.352,0.3284,38.2602,0
PM-023,112,1.3467,0.3064,38.5965,0
PM-023,113,1.3444,0.3453,38.7715,0
PM-023,114,1.3792,0.3178,39.0178,0
PM-023,115,1.3368,0.3058,38.3515,0
PM-023,116,1.3562,0.3379,39.2563,0
PM-023,117,1.3788,0.3127,38.9325,0
PM-023,118,1.3893,0.3318,38.5564,0
PM-023,119,1.3575,0.3043,38.523,0
PM-023,120,1.3437,0.3132,38.5896,0
PM-023,121,1.3424,0.3545,38.6853,0
PM-023,122,1.3855,0.3322,39.1794,0
PM-023,123,1.3415,0.306,38.0523,0
PM-023,124,1.3273,0.299,38.551,0
PM-023,125,1.3578,0.3618,38.7475,0
PM-023,126,1.3791,0.3163,38.2027,0
PM-023,127,1.3656,0.29,38.5424,0
PM-023,128,1.3726,0.3054,38.6544,0
PM-023,129,1.3476,0.2976,38.7429,0
PM-023,130,1.3806,0.3298,38.5242,0
PM-023,131,1.3162,0.3155,38.9773,0
PM-023,132,1.3334,0.3409,37.9788,0
PM-023,133,1.3676,0.3266,39.037,0
PM-023,134,1.3689,0.3093,38.6469,0
PM-023,135,1.346,0.2843,38.5239,0
PM-023,136,1.3695,0.3296,38.4508,0
PM-023,137,1.3892,0.3117,38.7401,0
PM-023,138,1.3746,0.315,38.5693,0
PM-023,139,1.3908,0.2887,38.6092,0
PM-023,140,1.323,0.2872,38.5806,0
PM-023,141,1.3492,0.3454,38.5205,0
PM-023,142,1.3824,0.3149,38.236,0
PM-023,143,1.3244,0.2937,38.6949,0
PM-023,144,1.3916,0.3005,38.8479,0
PM-023,145,1.356,0.2982,38.7029,0
PM-023,146,1.3915,0.313,38.8454,0
PM-023,147,1.3658,0.3188,38.3556,0
PM-023,148,1.3695,0.2922,38.7049,0
PM-023,149,1.3871,0.3412,38.2838,0
PM-023,150,1.3685,0.3036,38.6387,0
PM-023,151,1.3981,0.3273,38.4008,0
PM-023,152,1.3455,0.3144,38.622,0
PM-023,153,1.3623,0.2918,39.1963,0
PM-023,154,1.4016,0.3214,38.3355,0
PM-023,155,1.3471,0.3,38.2869,0
PM-023,156,1.347,0.3205,38.6351,0
PM-023,157,1.3902,0.2913,38.3323,0
PM-023,158,1.3197,0.3163,39.0767,0
PM-023,159,1.3502,0.3347,38.8047,0
PM-023,160,1.377,0.323,39.1375,0
PM-023,161,1.3557,0.3245,39.1502,0
PM-023,162,1.3392,0.3109,38.769,0
PM-023,163,1.3425,0.3007,39.2055,0
PM-023,164,1.3434,0.3087,38.6613,0
PM-023,165,1.3682,0.306,38.5342,0
PM-023,166,1.3396,0.3059,38.8051,0
PM-023,167,1.3778,0.3294,38.5951,0
PM-023,168,1.3557,0.2946,38.4898,0
PM-023,169,1.3631,0.3305,38.0166,0
PM-023,170,1.3529,0.2802,38.1154,0
PM-023,171,1.386,0.2946,38.6289,0
PM-023,172,1.3802,0.3072,38.2293,0
PM-023,173,1.3621,0.3376,38.8943,0
PM-023,174,1.3547,0.3058,38.9434,0
PM-023,175,1.3304,0.3282,38.4374,0
PM-023,176,1.3299,0.2877,39.0871,0
PM-023,177,1.3556,0.3008,38.5834,0
PM-023,178,1.3482,0.3061,38.4476,0
PM-023,179,1.3598,0.3255,38.1378,0
PM-023,180,1.3867,0.3,38.6734,0
PM-023,181,1.3585,0.3021,38.9371,0
PM-023,182,1.3438,0.3355,38.7969,0
PM-023,183,1.3447,0.2962,38.9161,0
PM-023,184,1.3369,0.3122,38.8056,0
PM-023,185,1.3689,0.3111,38.3776,0
PM-023,186,1.3741,0.286,38.6744,0
PM-023,187,1.3337,0.301,38.707,0
PM-023,188,1.3447,0.3315,38.8085,0
PM-023,189,1.3457,0.3108,38.2654,0
PM-023,190,1.3691,0.3377,38.238,0
PM-023,191,1.3634,0.319,38.2215,0
PM-023,192,1.3395,0.287,38.7648,0
PM-023,193,1.3525,0.3033,39.2158,0
PM-023,194,1.3236,0.3334,37.9503,0
PM-023,195,1.3493,0.2887,38.3505,0
PM-023,196,1.3489,0.3035,38.6715,0
PM-023,197,1.3772,0.3125,38.6935,0
PM-023,198,1.3909,0.3037,38.8677,0
PM-023,199,1.4102,0.3414,39.0853,0
PM-023,200,1.3742,0.3314,38.4514,0
PM-023,201,1.358,0.3112,38.3975,0
PM-023,202,1.3626,0.3063,38.6152,0
PM-023,203,1.3321,0.3062,38.9912,0
PM-023,204,1.3636,0.3342,38.4148,0
PM-023,205,1.3547,0.3174,38.5381,0
PM-023,206,1.3318,0.3227,38.3008,0
PM-023,207,1.3595,0.2822,38.4019,0
PM-023,208,1.3571,0.3226,38.2259,0
PM-023,209,1.3418,0.3406,39.1861,0
PM-023,210,1.37,0.3334,38.478,0
PM-023,211,1.3727,0.3232,38.314,0
PM-023,212,1.3636,0.3097,38.7069,0
PM-023,213,1.349,0.2923,38.6017,0
PM-023,214,1.3763,0.3266,38.0637,0
PM-023,215,1.3633,0.3245,38.6376,0
PM-023,216,1.377,0.293,38.253,0
PM-023,217,1.3715,0.3089,38.9484,0
PM-023,218,1.3658,0.3007,38.3128,0
PM-023,219,1.3221,0.3245,38.5615,0
PM-023,220,1.378,0.318,38.6309,0
PM-023,221,1.376,0.3127,38.4968,0
PM-023,222,1.3597,0.3268,38.314,0
PM-023,223,1.3782,0.3151,38.4813,0
PM-023,224,1.3633,0.3318,38.9472,0
PM-023,225,1.3675,0.3236,38.6095,0
PM-023,226,1.348,0.3208,38.4619,0
PM-023,227,1.3391,0.3078,38.1039,0
PM-023,228,1.3349,0.3446,38.9343,0
PM-023,229,1.3549,0.322,38.3114,0
PM-023,230,1.3729,0.3181,38.385,0
PM-023,231,1.3532,0.3083,38.8515,0
PM-023,232,1.358,0.2905,38.4619,0
PM-023,233,1.344,0.292,38.3682,0
PM-023,234,1.3165,0.3002,38.6554,0
PM-023,235,1.3687,0.3217,38.8837,0
PM-023,236,1.3834,0.2988,38.1835,0
PM-023,237,1.3605,0.3224,38.3459,0
PM-023,238,1.365,0.3415,38.1956,0
PM-023,239,1.3598,0.3298,38.5372,0
PM-023,240,1.3679,0.3278,38.506,0
PM-023,241,1.3384,0.3127,38.2681,0
PM-023,242,1.3487,0.3208,38.6509,0
PM-023,243,1.3796,0.3177,38.3626,0
PM-023,244,1.3397,0.3236,38.6686,0
PM-023,245,1.3558,0.3193,38.3852,0
PM-023,246,1.3108,0.3298,38.7912,0
PM-023,247,1.3579,0.3007,38.5325,0
PM-023,248,1.3251,0.3159,38.0158,0
PM-023,249,1.3618,0.3036,38.5522,0
PM-023,250,1.3369,0.3368,38.7047,0
PM-023,251,1.3459,0.3115,39.0783,0
PM-023,252,1.3407,0.2975,38.25,0
PM-023,253,1.346,0.3366,38.4286,0
PM-023,254,1.3513,0.3172,38.5872,0
PM-023,255,1.3791,0.3265,38.6947,0
PM-023,256,1.3551,0.3286,38.3604,0
PM-023,257,1.3426,0.3081,38.945,0
PM-023,258,1.3429,0.3052,38.6487,0
PM-023,259,1.3585,0.3085,38.7366,0
PM-023,260,1.3502,0.33,38.6677,0
PM-023,261,1.38,0.3023,38.5521,0
PM-023,262,1.3217,0.3342,39.2847,0
PM-023,263,1.3539,0.3198,38.6305,0
PM-023,264,1.3338,0.3329,38.5141,0
PM-023,265,1.3187,0.3034,38.1782,0
PM-023,266,1.3621,0.3159,38.9524,0
PM-023,267,1.3963,0.3428,38.2889,0
PM-023,268,1.3721,0.3261,38.4395,0
PM-023,269,1.3654,0.3202,38.451,0
PM-023,270,1.3853,0.3177,38.545,0
PM-023,271,1.3352,0.3314,38.619,0
PM-023,272,1.3612,0.3015,38.8647,0
PM-023,273,1.337,0.2811,38.3839,0
PM-023,274,1.3666,0.3192,38.6387,0
PM-023,275,1.3562,0.3166,39.4546,0
PM-023,276,1.3647,0.3078,38.5651,0
PM-023,277,1.3555,0.3152,38.3231,0
PM-023,278,1.3757,0.3186,38.3598,0
PM-023,279,1.3801,0.2856,39.2423,0
PM-023,280,1.3974,0.34,38.4476,0
PM-023,281,1.3645,0.3048,38.7257,0
PM-023,282,1.36,0.3073,38.4552,0
PM-023,283,1.3613,0.3582,38.9882,0
PM-023,284,1.3614,0.3115,38.7834,0
PM-023,285,1.3474,0.3108,38.0111,0
PM-023,286,1.3615,0.3159,38.4334,0
PM-023,287,1.3687,0.316,38.437,0
PM-023,288,1.3761,0.3115,38.2823,0
PM-023,289,1.3244,0.3357,38.6343,0
PM-023,290,1.3613,0.3135,38.9619,0
PM-023,291,1.3625,0.3374,38.6403,0
PM-023,292,1.3062,0.3332,38.6911,0
PM-023,293,1.3495,0.3103,38.5042,0
PM-023,294,1.3348,0.3273,38.4628,0
PM-023,295,1.3423,0.3787,38.2506,0
PM-023,296,1.3579,0.2797,38.9728,0
PM-023,297,1.354,0.3264,38.3135,0
PM-023,298,1.3274,0.303,39.0002,0
PM-023,299,1.3712,0.2899,37.8707,0
PM-023,300,1.3532,0.3306,38.369,0
PM-023,301,1.3812,0.3161,39.1224,0
PM-023,302,1.3461,0.3133,38.4,0
PM-023,303,1.3794,0.323,38.087,0
PM-023,304,1.3735,0.2918,38.3232,0
PM-023,305,1.3746,0.2954,38.4851,0
PM-023,306,1.3749,0.3204,38.7035,0
PM-023,307,1.3755,0.3338,38.2244,0
PM-023,308,1.3663,0.3286,38.8269,0
PM-023,309,1.3565,0.3109,38.8438,0
PM-023,310,1.364,0.3306,38.6295,0
PM-023,311,1.3522,0.2877,38.5274,0
PM-023,312,1.3351,0.2867,38.3369,0
PM-023,313,1.3737,0.3105,38.65,0
PM-023,314,1.3731,0.3136,38.3901,0
PM-023,315,1.3507,0.3258,38.5887,0
PM-023,316,1.3088,0.3089,38.756,0
PM-023,317,1.3633,0.2989,38.3727,0
PM-023,318,1.3207,0.3224,38.7831,0
PM-023,319,1.357,0.3089,38.2721,0
PM-023,320,1.3663,0.2895,38.8296,0
PM-023,321,1.3713,0.3317,38.6116,0
PM-023,322,1.3493,0.3207,38.8308,0
PM-023,323,1.3365,0.3131,38.6761,0
PM-023,324,1.3693,0.3089,38.7858,0
PM-023,325,1.3405,0.3444,38.4092,0
PM-023,326,1.3678,0.3059,38.6259,0
PM-023,327,1.3381,0.3303,38.3513,0
PM-023,328,1.3613,0.3132,38.386,0
PM-023,329,1.3088,0.3301,38.6398,0
PM-023,330,1.3249,0.2855,38.4999,0
PM-023,331,1.358,0.3109,39.0297,0
PM-023,332,1.3263,0.3174,38.7902,0
PM-023,333,1.3722,0.3276,38.6316,0
PM-023,334,1.3646,0.3092,38.1436,0
PM-023,335,1.3662,0.3081,38.3733,0
PM-023,336,1.3671,0.3211,38.3848,0
PM-023,337,1.3647,0.313,38.6535,0
PM-023,338,1.3847,0.3208,38.7066,0
PM-023,339,1.342,0.303,38.741,0
PM-023,340,1.3279,0.3088,38.3675,0
PM-023,341,1.3568,0.3109,38.6357,0
PM-023,342,1.369,0.3287,38.9091,0
PM-023,343,1.3549,0.3053,38.3602,0
PM-023,344,1.3532,0.2994,38.7374,0
PM-023,345,1.3801,0.2913,38.5994,0
PM-023,346,1.3908,0.2919,39.0397,0
PM-023,347,1.3425,0.3051,38.7818,0
PM-023,348,1.3698,0.3126,38.3675,0
PM-023,349,1.3348,0.313,38.5328,0
PM-023,350,1.3438,0.3103,38.6718,0
PM-023,351,1.3811,0.3171,38.5438,0
PM-023,352,1.3432,0.303,38.6615,0
PM-023,353,1.3651,0.3108,38.868,0
PM-023,354,1.3608,0.3069,38.4,0
PM-023,355,1.3452,0.3214,38.4101,0
PM-023,356,1.3618,0.3014,38.5464,0
PM-023,357,1.3586,0.3496,38.2044,0
PM-023,358,1.3758,0.3026,39.0014,0
PM-023,359,1.3457,0.3297,38.663,0
PM-023,360,1.333,0.3172,38.7512,0
PM-023,361,1.3714,0.3106,39.3749,0
PM-023,362,1.3986,0.3192,38.2017,0
PM-023,363,1.3397,0.3101,38.5677,0
PM-023,364,1.3431,0.306,37.9999,0
PM-023,365,1.3164,0.3144,39.0742,0
PM-023,366,1.3287,0.311,38.591,0
PM-023,367,1.3671,0.3065,38.2665,0
PM-023,368,1.3726,0.2849,38.7111,0
PM-023,369,1.3436,0.3178,38.9447,0
PM-023,370,1.3459,0.3086,38.4703,0
PM-023,371,1.4052,0.3123,38.5444,0
PM-023,372,1.3579,0.3345,38.4051,0
PM-023,373,1.3755,0.3028,38.348,0
PM-023,374,1.3671,0.3324,38.4815,0
PM-023,375,1.3519,0.3237,38.5933,0
PM-023,376,1.3733,0.2898,38.2847,0
PM-023,377,1.3584,0.3209,38.5576,0
PM-023,378,1.3613,0.3233,38.2225,0
PM-023,379,1.3718,0.3299,38.4937,0
PM-023,380,1.3424,0.3275,39.1124,0
PM-023,381,1.3626,0.3009,38.5948,0
PM-023,382,1.343,0.3249,38.5813,0
PM-023,383,1.3411,0.3172,38.3999,0
PM-023,384,1.3334,0.3256,38.6861,0
PM-023,385,1.3503,0.3333,38.3725,0
PM-023,386,1.351,0.3198,38.8594,0
PM-023,387,1.3675,0.3057,38.5253,0
PM-023,388,1.3468,0.3092,38.5195,0
PM-023,389,1.368,0.3038,38.883,0
PM-023,390,1.3592,0.3014,38.7131,0
PM-023,391,1.3573,0.3073,39.0215,0
PM-023,392,1.3534,0.3074,38.8847,0
PM-023,393,1.3697,0.3255,38.4276,0
PM-023,394,1.3641,0.2934,38.0204,0
PM-023,395,1.3479,0.3149,39.3166,0
PM-023,396,1.3847,0.2978,38.8592,0
PM-023,397,1.3328,0.3372,38.4449,0
PM-023,398,1.3482,0.3295,38.4288,0
PM-023,399,1.3946,0.3056,38.8628,0
PM-023,400,1.362,0.3244,38.2942,0
PM-023,401,1.323,0.3001,38.4754,0
PM-023,402,1.3557,0.3069,37.9555,0
PM-023,403,1.3469,0.3148,38.5235,0
PM-023,404,1.3522,0.3073,38.6134,0
PM-023,405,1.3387,0.3105,38.4743,0
PM-023,406,1.3347,0.3115,38.0007,0
PM-023,407,1.3461,0.3192,38.7201,0
PM-023,408,1.3599,0.3175,38.7825,0
PM-023,409,1.3618,0.3318,37.9601,0
PM-023,410,1.3762,0.2816,38.4085,0
PM-023,411,1.3743,0.3235,38.3055,0
PM-023,412,1.3587,0.3052,38.8507,0
PM-023,413,1.3581,0.3044,38.711,0
PM-023,414,1.3713,0.3112,38.7925,0
PM-023,415,1.3909,0.283,38.9583,0
PM-023,416,1.3883,0.3209,38.5028,0
PM-023,417,1.3285,0.3148,38.4758,0
PM-023,418,1.3319,0.3043,38.5846,0
PM-023,419,1.3651,0.2988,37.8825,0
PM-023,420,1.3546,0.3004,38.4656,0
PM-023,421,1.3187,0.3094,38.7082,0
PM-023,422,1.3508,0.3157,38.5083,0
PM-023,423,1.3202,0.3154,38.3612,0
PM-023,424,1.3332,0.3243,38.6773,0
PM-023,425,1.3474,0.3118,38.6446,0
PM-023,426,1.3257,0.2971,38.2687,0
PM-023,427,1.3696,0.3377,38.7739,0
PM-023,428,1.362,0.2988,38.8187,0
PM-023,429,1.3524,0.299,38.8133,0
PM-023,430,1.3863,0.3253,39.3101,0
PM-023,431,1.3445,0.3071,38.3323,0
PM-023,432,1.3419,0.3351,38.2641,0
PM-023,433,1.3487,0.3331,38.7124,0
PM-023,434,1.3394,0.313,38.0869,0
PM-023,435,1.3557,0.3153,38.6388,0
PM-023,436,1.3972,0.3253,38.2453,0
PM-023,437,1.3618,0.3132,39.1562,0
PM-023,438,1.3508,0.3161,38.6766,0
PM-023,439,1.3383,0.2913,38.5286,0
PM-023,440,1.373,0.2945,38.5666,0
PM-023,441,1.3463,0.2851,38.6665,0
PM-023,442,1.3679,0.3242,38.8315,0
PM-023,443,1.3577,0.3202,38.6529,0
PM-023,444,1.3082,0.2917,38.3744,0
PM-023,445,1.3607,0.3182,38.7922,0
PM-023,446,1.3732,0.317,38.7442,0
PM-023,447,1.3903,0.3203,38.5865,0
PM-023,448,1.3688,0.3264,39.0614,0
PM-023,449,1.3378,0.2896,38.6587,0
PM-023,450,1.3308,0.3104,39.1398,0
PM-023,451,1.3597,0.3144,38.4764,0
PM-023,452,1.3898,0.3205,38.4561,0
PM-023,453,1.3893,0.317,38.472,0
PM-023,454,1.3179,0.3162,38.4611,0
PM-023,455,1.3534,0.3086,38.0473,0
PM-023,456,1.4109,0.3038,38.797,0
PM-023,457,1.3553,0.2731,38.5521,0
PM-023,458,1.3621,0.306,39.0318,0
PM-023,459,1.3955,0.3185,38.7235,0
PM-023,460,1.3366,0.2968,38.4002,0
PM-023,461,1.3997,0.3059,38.9916,0
PM-023,462,1.3452,0.2997,38.4464,0
PM-023,463,1.3492,0.3033,39.065,0
PM-023,464,1.3586,0.3112,38.6041,0
PM-023,465,1.378,0.3145,38.6882,0
PM-023,466,1.38,0.2981,38.3452,0
PM-023,467,1.3618,0.3036,38.5269,0
PM-023,468,1.3376,0.3012,38.9296,0
PM-023,469,1.3523,0.3073,38.3484,0
PM-023,470,1.342,0.2986,38.2092,0
PM-023,471,1.3456,0.3124,38.7887,0
PM-023,472,1.358,0.2991,38.4341,0
PM-023,473,1.3476,0.3043,38.4829,0
PM-023,474,1.3775,0.3243,39.0755,0
PM-023,475,1.3418,0.2974,38.4858,0
PM-023,476,1.383,0.2826,38.6307,0
PM-023,477,1.3529,0.3235,38.7226,0
PM-023,478,1.3721,0.3215,39.4372,0
PM-023,479,1.3954,0.3266,38.451,0
PM-024,0,1.3418,0.2982,37.6342,0
PM-024,1,1.2933,0.2817,38.6178,0
PM-024,2,1.3416,0.2583,38.6919,0
PM-024,3,1.3332,0.2576,38.4138,0
PM-024,4,1.3021,0.2602,38.0515,0
PM-024,5,1.319,0.27,37.8451,0
PM-024,6,1.3418,0.2346,37.9189,0
PM-024,7,1.3137,0.2582,37.607,0
PM-024,8,1.2668,0.2575,38.2207,0
PM-024,9,1.3361,0.2666,37.4101,0
PM-024,10,1.3359,0.2891,38.1438,0
PM-024,11,1.3001,0.2565,38.3303,0
PM-024,12,1.2953,0.2767,37.3002,0
PM-024,13,1.3135,0.2783,37.8245,0
PM-024,14,1.33,0.2511,37.5875,0
PM-024,15,1.3291,0.2799,37.8995,0
PM-024,16,1.3384,0.2446,37.6937,0
PM-024,17,1.3559,0.2887,38.0236,0
PM-024,18,1.3164,0.285,37.9623,0
PM-024,19,1.2891,0.2844,37.5737,0
PM-024,20,1.3347,0.2453,38.3132,0
PM-024,21,1.314,0.2529,37.627,0
PM-024,22,1.3128,0.2694,38.229,0
PM-024,23,1.3209,0.2369,37.4646,0
PM-024,24,1.3746,0.2715,38.1188,0
PM-024,25,1.3133,0.2544,37.6891,0
PM-024,26,1.3221,0.2626,38.4091,0
PM-024,27,1.3072,0.2537,38.0762,0
PM-024,28,1.3381,0.2699,37.6529,0
PM-024,29,1.2815,0.2878,38.0941,0
PM-024,30,1.3107,0.2704,37.7655,0
PM-024,31,1.3521,0.2539,37.6475,0
PM-024,32,1.3052,0.2741,37.8504,0
PM-024,33,1.3235,0.2563,38.279,0
PM-024,34,1.3104,0.2873,38.7753,0
PM-024,35,1.302,0.2746,37.794,0
PM-024,36,1.3601,0.2653,37.9081,0
PM-024,37,1.324,0.268,38.0602,0
PM-024,38,1.3214,0.2767,37.8976,0
PM-024,39,1.3074,0.2655,38.0002,0
PM-024,40,1.3305,0.2882,38.3913,0
PM-024,41,1.3091,0.2715,37.7755,0
PM-024,42,1.2973,0.278,38.0669,0
PM-024,43,1.298,0.2639,37.6919,0
PM-024,44,1.2893,0.2689,37.49,0
PM-024,45,1.3227,0.2735,37.9514,0
PM-024,46,1.3283,0.2925,37.5909,0
PM-024,47,1.3043,0.2793,37.7939,0
PM-024,48,1.342,0.2779,38.409,0
PM-024,49,1.3177,0.2473,37.9357,0
PM-024,50,1.3181,0.2775,38.0323,0
PM-024,51,1.3088,0.2544,37.7897,0
PM-024,52,1.2719,0.2707,37.7113,0
PM-024,53,1.3367,0.2397,37.8354,0
PM-024,54,1.351,0.2796,38.1277,0
PM-024,55,1.3263,0.2446,37.8835,0
PM-024,56,1.3277,0.2533,37.7956,0
PM-024,57,1.2615,0.2645,37.7026,0
PM-024,58,1.3475,0.2604,37.7536,0
PM-024,59,1.3179,0.2606,38.0495,0
PM-024,60,1.2796,0.2865,37.83,0
PM-024,61,1.3455,0.2283,37.1027,0
PM-024,62,1.3137,0.2771,37.667,0
PM-024,63,1.3312,0.2842,38.0333,0
PM-024,64,1.3216,0.2709,37.6491,0
PM-024,65,1.3184,0.2541,37.5981,0
PM-024,66,1.3298,0.2625,37.6123,0
PM-024,67,1.3285,0.2752,37.7689,0
PM-024,68,1.3165,0.2757,38.1242,0
PM-024,69,1.3235,0.2516,37.7671,0
PM-024,70,1.3113,0.2537,37.9829,0
PM-024,71,1.331,0.2804,37.5363,0
PM-024,72,1.3226,0.2694,37.9257,0
PM-024,73,1.3221,0.2693,37.7937,0
PM-024,74,1.3416,0.2566,37.7816,0
PM-024,75,1.3411,0.2573,37.6055,0
PM-024,76,1.3342,0.2481,38.0317,0
PM-024,77,1.3097,0.2756,37.4673,0
PM-024,78,1.3432,0.2512,38.051,0
PM-024,79,1.296,0.2966,37.8121,0
PM-024,80,1.3585,0.2572,37.7007,0
PM-024,81,1.3437,0.2481,37.6237,0
PM-024,82,1.3294,0.2542,37.9901,0
PM-024,83,1.3229,0.2468,38.1239,0
PM-024,84,1.2942,0.2811,37.8721,0
PM-024,85,1.3104,0.2529,37.9323,0
PM-024,86,1.302,0.2876,38.2069,0
PM-024,87,1.3523,0.2737,37.7122,0
PM-024,88,1.3136,0.2639,37.9079,0
PM-024,89,1.3282,0.288,37.8396,0
PM-024,90,1.2914,0.2634,38.3003,0
PM-024,91,1.2884,0.2806,37.7164,0
PM-024,92,1.3018,0.2754,38.3018,0
PM-024,93,1.3263,0.2656,37.4447,0
PM-024,94,1.3175,0.2495,37.7405,0
PM-024,95,1.3182,0.2341,38.25,0
PM-024,96,1.2947,0.2667,37.9937,0
PM-024,97,1.3457,0.2576,37.0808,0
PM-024,98,1.3411,0.2508,37.9414,0
PM-024,99,1.3279,0.2207,37.3491,0
PM-024,100,1.3103,0.2307,37.4321,0
PM-024,101,1.322,0.2682,37.9243,0
PM-024,102,1.3285,0.2443,37.4481,0
PM-024,103,1.3347,0.2924,37.5433,0
PM-024,104,1.3247,0.2816,37.9048,0
PM-024,105,1.3145,0.2599,38.4291,0
PM-024,106,1.3214,0.2753,37.9308,0
PM-024,107,1.3032,0.2703,37.7369,0
PM-024,108,1.3127,0.2742,37.5588,0
PM-024,109,1.2954,0.277,37.674,0
PM-024,110,1.3126,0.2406,38.1225,0
PM-024,111,1.33,0.2801,37.9497,0
PM-024,112,1.2892,0.2729,37.6508,0
PM-024,113,1.3002,0.277,38.3311,0
PM-024,114,1.3494,0.2788,37.8245,0
PM-024,115,1.3152,0.2559,37.7526,0
PM-024,116,1.3377,0.2968,37.5886,0
PM-024,117,1.2796,0.2615,38.1047,0
PM-024,118,1.3609,0.2891,38.2191,0
PM-024,119,1.3025,0.2572,37.4364,0
PM-024,120,1.3062,0.2832,38.3209,0
PM-024,121,1.3264,0.2657,37.5135,0
PM-024,122,1.3172,0.2725,37.3946,0
PM-024,123,1.3379,0.2631,38.092,0
PM-024,124,1.3193,0.274,37.6229,0
PM-024,125,1.3126,0.2791,37.7941,0
PM-024,126,1.2974,0.2712,37.9492,0
PM-024,127,1.347,0.2868,37.8141,0
PM-024,128,1.3085,0.2661,37.6764,0
PM-024,129,1.3296,0.2851,38.2055,0
PM-024,130,1.3112,0.2618,37.7074,0
PM-024,131,1.2809,0.2515,37.8232,0
PM-024,132,1.3271,0.2769,37.5994,0
PM-024,133,1.3097,0.2655,37.7192,0
PM-024,134,1.3333,0.2499,37.4887,0
PM-024,135,1.3135,0.249,37.2634,0
PM-024,136,1.2896,0.2659,38.0227,0
PM-024,137,1.3325,0.2933,37.864,0
PM-024,138,1.3242,0.2657,37.773,0
PM-024,139,1.3611,0.2734,37.938,0
PM-024,140,1.2966,0.2756,38.031,0
PM-024,141,1.3417,0.2789,37.7955,0
PM-024,142,1.3161,0.2684,37.8657,0
PM-024,143,1.3448,0.2856,38.0594,0
PM-024,144,1.3601,0.2296,37.6955,0
PM-024,145,1.3193,0.2594,37.5546,0
PM-024,146,1.2851,0.2648,38.1017,0
PM-024,147,1.335,0.2582,37.8996,0
PM-024,148,1.3466,0.2467,37.7859,0
PM-024,149,1.3252,0.2696,38.0887,0
PM-024,150,1.2895,0.2544,38.0381,0
PM-024,151,1.2854,0.2817,37.9685,0
PM-024,152,1.3343,0.2625,37.9865,0
PM-024,153,1.296,0.2633,37.8444,0
PM-024,154,1.3015,0.2728,37.4903,0
PM-024,155,1.3249,0.2956,37.4565,0
PM-024,156,1.319,0.2452,37.5836,0
PM-024,157,1.3335,0.263,38.0562,0
PM-024,158,1.3266,0.2685,37.5247,0
PM-024,159,1.3332,0.2741,37.3751,0
PM-024,160,1.3002,0.228,37.4238,0
PM-024,161,1.3132,0.2537,37.584,0
PM-024,162,1.3473,0.2849,37.6251,0
PM-024,163,1.3354,0.2877,38.0191,0
PM-024,164,1.3255,0.286,38.0644,0
PM-024,165,1.2952,0.2667,37.6679,0
PM-024,166,1.3425,0.2608,37.6079,0
PM-024,167,1.34,0.2734,38.4671,0
PM-024,168,1.3022,0.2617,38.1701,0
PM-024,169,1.2939,0.2893,37.4713,0
PM-024,170,1.3317,0.2418,37.8471,0
PM-024,171,1.2921,0.2984,37.512,0
PM-024,172,1.3029,0.2775,37.6532,0
PM-024,173,1.3335,0.2588,37.5971,0
PM-024,174,1.3189,0.2512,37.9524,0
PM-024,175,1.337,0.2778,38.0265,0
PM-024,176,1.281,0.2626,37.7654,0
PM-024,177,1.3486,0.2608,37.143,0
PM-024,178,1.2994,0.2596,37.1866,0
PM-024,179,1.3389,0.2459,37.9673,0
PM-024,180,1.2976,0.2921,37.7507,0
PM-024,181,1.3099,0.2774,37.5313,0
PM-024,182,1.331,0.2623,37.6551,0
PM-024,183,1.3177,0.2531,37.7763,0
PM-024,184,1.3263,0.2349,38.1609,0
PM-024,185,1.3358,0.2417,37.2304,0
PM-024,186,1.3363,0.281,38.0204,0
PM-024,187,1.291,0.2969,37.607,0
PM-024,188,1.3243,0.2733,38.3114,0
PM-024,189,1.322,0.2757,37.8104,0
PM-024,190,1.2956,0.2347,37.8433,0
PM-024,191,1.2912,0.2747,37.8782,0
PM-024,192,1.322,0.2537,38.1445,0
PM-024,193,1.329,0.2518,38.4541,0
PM-024,194,1.3153,0.2495,37.606,0
PM-024,195,1.2893,0.2899,38.1577,0
PM-024,196,1.3343,0.2778,38.208,0
PM-024,197,1.3147,0.2758,37.59,0
PM-024,198,1.3164,0.2762,36.9092,0
PM-024,199,1.3071,0.272,37.8103,0
PM-024,200,1.3104,0.2783,37.6212,0
PM-024,201,1.2951,0.2872,38.1463,0
PM-024,202,1.3075,0.2685,38.0873,0
PM-024,203,1.3204,0.2774,37.9762,0
PM-024,204,1.3131,0.2772,37.544,0
PM-024,205,1.3274,0.2684,37.7253,0
PM-024,206,1.2946,0.2715,37.8451,0
PM-024,207,1.3027,0.2455,37.3402,0
PM-024,208,1.3144,0.2741,38.3885,0
PM-024,209,1.3186,0.2451,37.7715,0
PM-024,210,1.3445,0.2593,38.1691,0
PM-024,211,1.323,0.2792,38.3912,0
PM-024,212,1.2827,0.2829,37.8051,0
PM-024,213,1.3005,0.268,38.3408,0
PM-024,214,1.3462,0.2395,37.6026,0
PM-024,215,1.3384,0.2692,37.8281,0
PM-024,216,1.2881,0.2583,37.4261,0
PM-024,217,1.2864,0.2506,37.5551,0
PM-024,218,1.3043,0.2569,38.1397,0
PM-024,219,1.3013,0.2909,37.6883,0
PM-024,220,1.3283,0.2766,37.5642,0
PM-024,221,1.3129,0.2619,37.9453,0
PM-024,222,1.3169,0.2583,37.8692,0
PM-024,223,1.3263,0.2972,37.854,0
PM-024,224,1.3197,0.2759,37.5487,0
PM-024,225,1.285,0.2648,38.1552,0
PM-024,226,1.3442,0.2413,38.0333,0
PM-024,227,1.2758,0.2764,37.9533,0
PM-024,228,1.285,0.2845,38.3567,0
PM-024,229,1.3182,0.2716,38.2773,0
PM-024,230,1.297,0.253,37.5817,0
PM-024,231,1.3202,0.27,37.6675,0
PM-024,232,1.3135,0.2614,37.686,0
PM-024,233,1.3041,0.2581,37.2332,0
PM-024,234,1.315,0.2402,38.0587,0
PM-024,235,1.3083,0.2677,37.7216,0
PM-024,236,1.3146,0.2884,37.4281,0
PM-024,237,1.287,0.2713,37.6848,0
PM-024,238,1.3267,0.2802,37.5016,0
PM-024,239,1.3316,0.2542,37.8559,0
PM-024,240,1.2948,0.2715,37.8273,0
PM-024,241,1.2974,0.2491,38.0587,0
PM-024,242,1.3104,0.2847,37.6705,0
PM-024,243,1.3455,0.2553,38.2753,0
PM-024,244,1.323,0.2755,37.5323,0
PM-024,245,1.3341,0.281,37.7362,0
PM-024,246,1.2768,0.2528,37.4995,0
PM-024,247,1.3285,0.2625,37.6998,0
PM-024,248,1.3082,0.2915,37.8471,0
PM-024,249,1.3234,0.2602,37.8246,0
PM-024,250,1.3,0.2746,37.4896,0
PM-024,251,1.3344,0.2585,38.118,0
PM-024,252,1.3576,0.2695,38.227,0
PM-024,253,1.3345,0.248,37.8668,0
PM-024,254,1.3295,0.2785,37.887,0
PM-024,255,1.3228,0.2696,37.8735,0
PM-024,256,1.295,0.2659,37.3976,0
PM-024,257,1.3095,0.2606,37.6371,0
PM-024,258,1.2985,0.2735,37.7381,0
PM-024,259,1.3111,0.2484,37.7442,0
PM-024,260,1.3424,0.2869,37.9456,0
PM-024,261,1.3136,0.2779,37.6333,0
PM-024,262,1.3135,0.2584,38.106,0
PM-024,263,1.3351,0.269,38.3529,0
PM-024,264,1.3277,0.2748,37.9083,0
PM-024,265,1.2942,0.2561,37.8171,0
PM-024,266,1.3186,0.2783,37.6332,0
PM-024,267,1.3209,0.2708,37.872,0
PM-024,268,1.3198,0.2484,37.1552,0
PM-024,269,1.3007,0.2615,37.48,0
PM-024,270,1.3184,0.2858,38.0513,0
PM-024,271,1.3288,0.2843,37.5561,0
PM-024,272,1.3104,0.2787,37.6912,0
PM-024,273,1.3111,0.2974,37.8622,0
PM-024,274,1.3548,0.2421,37.6443,0
PM-024,275,1.3277,0.2709,37.2169,0
PM-024,276,1.3149,0.3066,37.9076,0
PM-024,277,1.3316,0.2598,37.9065,0
PM-024,278,1.3192,0.2863,38.1596,0
PM-024,279,1.3276,0.2706,37.3298,0
PM-024,280,1.2852,0.2707,38.0959,0
PM-024,281,1.3461,0.2561,37.3808,0
PM-024,282,1.3382,0.2573,37.3604,0
PM-024,283,1.3096,0.2618,38.2296,0
PM-024,284,1.3368,0.2584,38.2529,0
PM-024,285,1.322,0.2854,38.2317,0
PM-024,286,1.3142,0.2781,37.7115,0
PM-024,287,1.3381,0.2708,38.1216,0
PM-024,288,1.35,0.2777,37.8055,0
PM-024,289,1.318,0.2251,37.6197,0
PM-024,290,1.3381,0.284,37.6132,0
PM-024,291,1.3228,0.2667,38.0404,0
PM-024,292,1.3637,0.2801,37.6325,0
PM-024,293,1.3179,0.2905,37.4109,0
PM-024,294,1.3072,0.2801,38.2218,0
PM-024,295,1.3317,0.2604,37.9945,0
PM-024,296,1.3278,0.2748,37.8044,0
PM-024,297,1.3206,0.2559,38.5776,0
PM-024,298,1.3226,0.2777,37.7682,0
PM-024,299,1.3364,0.25,37.3098,0
PM-024,300,1.3189,0.3003,38.196,0
PM-024,301,1.3033,0.2772,37.6427,0
PM-024,302,1.328,0.2771,38.1115,0
PM-024,303,1.2882,0.2505,37.8109,0
PM-024,304,1.2988,0.2528,37.9151,0
PM-024,305,1.3012,0.3034,37.6736,0
PM-024,306,1.3141,0.274,37.3811,0
PM-024,307,1.3297,0.2746,37.7287,0
PM-024,308,1.325,0.2759,38.2641,0
PM-024,309,1.3695,0.2536,37.4443,0
PM-024,310,1.3215,0.2383,38.0284,0
PM-024,311,1.3218,0.275,37.7425,0
PM-024,312,1.3246,0.2766,37.8935,0
PM-024,313,1.2926,0.2721,38.3897,0
PM-024,314,1.3243,0.2715,38.3015,0
PM-024,315,1.3046,0.2828,37.6745,0
PM-024,316,1.3412,0.2815,37.7098,0
PM-024,317,1.3142,0.2842,37.2769,0
PM-024,318,1.3107,0.2788,37.7411,0
PM-024,319,1.3222,0.2389,37.5772,0
PM-024,320,1.3331,0.2582,37.4428,0
PM-024,321,1.3407,0.2772,37.507,0
PM-024,322,1.3223,0.2537,37.7878,0
PM-024,323,1.323,0.2574,38.0562,0
PM-024,324,1.3374,0.2734,37.9577,0
PM-024,325,1.2904,0.2899,37.8061,0
PM-024,326,1.3008,0.2717,38.0572,0
PM-024,327,1.3297,0.2532,38.0608,0
PM-024,328,1.3183,0.277,37.5931,0
PM-024,329,1.3404,0.2722,38.1902,0
PM-024,330,1.2888,0.2485,37.7615,0
PM-024,331,1.3488,0.2989,37.567,0
PM-024,332,1.3206,0.2718,38.049,0
PM-024,333,1.3372,0.2528,37.8529,0
PM-024,334,1.2793,0.2817,37.7319,0
PM-024,335,1.2954,0.2745,37.7226,0
PM-024,336,1.3447,0.2561,38.5004,0
PM-024,337,1.3366,0.2888,37.5249,0
PM-024,338,1.3553,0.2513,37.7706,0
PM-024,339,1.3456,0.2771,37.4618,0
PM-024,340,1.3422,0.2746,37.7087,0
PM-024,341,1.2887,0.276,37.7845,0
PM-024,342,1.3226,0.2457,37.7079,0
PM-024,343,1.3291,0.2976,37.7719,0
PM-024,344,1.3484,0.2813,37.9037,0
PM-024,345,1.2992,0.2549,38.0188,0
PM-024,346,1.309,0.2603,37.7793,0
PM-024,347,1.3162,0.283,37.6819,0
PM-024,348,1.3355,0.2761,37.3313,0
PM-024,349,1.3254,0.2295,37.565,0
PM-024,350,1.3288,0.2693,37.3032,0
PM-024,351,1.2971,0.2304,37.4308,0
PM-024,352,1.3311,0.2611,37.8845,0
PM-024,353,1.3198,0.27,38.1405,0
PM-024,354,1.3154,0.2832,37.0903,0
PM-024,355,1.3417,0.2501,37.5116,0
PM-024,356,1.3054,0.2858,37.5667,0
PM-024,357,1.3064,0.2551,37.9101,0
PM-024,358,1.3344,0.2951,38.5535,0
PM-024,359,1.3325,0.275,37.4683,0
PM-024,360,1.3577,0.2727,37.7468,0
PM-024,361,1.3272,0.2599,37.1322,0
PM-024,362,1.3309,0.2896,38.0006,0
PM-024,363,1.3194,0.2697,37.8852,0
PM-024,364,1.3223,0.2686,37.8411,0
PM-024,365,1.3506,0.2766,37.8651,0
PM-024,366,1.3327,0.2794,38.1173,0
PM-024,367,1.3044,0.2623,37.5895,0
PM-024,368,1.3348,0.2803,37.4516,0
PM-024,369,1.3273,0.2901,37.7629,0
PM-024,370,1.3258,0.2804,37.4374,0
PM-024,371,1.3225,0.2886,37.6556,0
PM-024,372,1.3361,0.2699,37.6312,0
PM-024,373,1.3176,0.2616,37.567,0
PM-024,374,1.3144,0.2705,37.7837,0
PM-024,375,1.3142,0.2729,37.9929,0
PM-024,376,1.2966,0.2657,37.2415,0
PM-024,377,1.3162,0.2718,38.0045,0
PM-024,378,1.3226,0.2777,37.8531,0
PM-024,379,1.306,0.2528,37.7546,0
PM-024,380,1.3042,0.2677,37.686,0
PM-024,381,1.3279,0.2702,37.9678,0
PM-024,382,1.3283,0.2668,37.798,0
PM-024,383,1.3295,0.3062,37.5368,0
PM-024,384,1.3203,0.2516,37.8273,0
PM-024,385,1.306,0.2677,37.8801,0
PM-024,386,1.3097,0.2427,38.2612,0
PM-024,387,1.3363,0.2675,37.5651,0
PM-024,388,1.3212,0.2749,38.0645,0
PM-024,389,1.3367,0.2853,37.3113,0
PM-024,390,1.3134,0.2844,37.5564,0
PM-024,391,1.3439,0.2966,38.1909,0
PM-024,392,1.3327,0.2628,37.918,0
PM-024,393,1.2926,0.2578,37.6203,0
PM-024,394,1.3207,0.2636,37.912,0
PM-024,395,1.337,0.2588,37.8781,0
PM-024,396,1.3112,0.2723,38.0394,0
PM-024,397,1.3379,0.2795,37.9577,0
PM-024,398,1.2911,0.2533,37.5863,0
PM-024,399,1.3267,0.2501,37.9348,0
PM-024,400,1.3248,0.2405,37.5072,0
PM-024,401,1.3404,0.28,37.5784,0
PM-024,402,1.2988,0.2327,38.2749,0
PM-024,403,1.3203,0.2977,37.776,0
PM-024,404,1.3251,0.2829,38.3252,0
PM-024,405,1.3295,0.2695,37.8419,0
PM-024,406,1.2986,0.2638,37.8489,0
PM-024,407,1.3471,0.263,38.1523,0
PM-024,408,1.3179,0.2881,38.0365,0
PM-024,409,1.3317,0.2842,38.0835,0
PM-024,410,1.3408,0.3015,38.3186,0
PM-024,411,1.3288,0.2629,37.9435,0
PM-024,412,1.281,0.2819,37.5155,0
PM-024,413,1.3419,0.2992,37.3982,0
PM-024,414,1.3185,0.2535,37.315,0
PM-024,415,1.3174,0.279,38.0598,0
PM-024,416,1.3226,0.2445,37.8705,0
PM-024,417,1.2896,0.2481,37.5345,0
PM-024,418,1.3405,0.2777,37.9303,0
PM-024,419,1.3022,0.2637,37.4225,0
PM-024,420,1.3468,0.3025,38.0005,0
PM-024,421,1.3341,0.2671,37.3477,0
PM-024,422,1.3026,0.2625,37.7179,0
PM-024,423,1.3072,0.2702,37.5785,0
PM-024,424,1.3628,0.249,38.0997,0
PM-024,425,1.3143,0.2764,37.986,0
PM-024,426,1.3226,0.2525,37.7339,0
PM-024,427,1.3229,0.2711,37.5266,0
PM-024,428,1.3453,0.2321,37.7585,0
PM-024,429,1.3011,0.2722,38.1385,0
PM-024,430,1.2914,0.3048,37.8941,0
PM-024,431,1.3271,0.2479,37.8196,0
PM-024,432,1.3389,0.2726,37.8756,0
PM-024,433,1.3185,0.2488,37.4184,0
PM-024,434,1.3429,0.2827,38.1426,0
PM-024,435,1.303,0.2671,38.2031,0
PM-024,436,1.2949,0.2864,37.6576,0
PM-024,437,1.3024,0.269,37.4984,0
PM-024,438,1.2816,0.2706,37.9938,0
PM-024,439,1.3438,0.2786,38.4231,0
PM-024,440,1.3467,0.2806,37.9741,0
PM-024,441,1.3441,0.2363,37.6895,0
PM-024,442,1.2823,0.2794,37.6107,0
PM-024,443,1.3799,0.2617,37.8654,0
PM-024,444,1.3114,0.2622,37.4596,0
PM-024,445,1.2939,0.2368,37.9972,0
PM-024,446,1.311,0.2985,37.4603,0
PM-024,447,1.349,0.2931,38.2166,0
PM-024,448,1.3242,0.2644,38.2163,0
PM-024,449,1.3037,0.2736,37.8204,0
PM-024,450,1.3017,0.2737,38.0561,0
PM-024,451,1.3009,0.2764,37.1648,0
PM-024,452,1.2985,0.2626,37.9407,0
PM-024,453,1.3369,0.2707,38.0035,0
PM-024,454,1.3163,0.2756,37.9391,0
PM-024,455,1.3093,0.2642,38.0136,0
PM-024,456,1.3557,0.2876,37.4948,0
PM-024,457,1.297,0.2615,37.8632,0
PM-024,458,1.3205,0.2881,38.2221,0
PM-024,459,1.3196,0.2661,37.9885,0
PM-024,460,1.3408,0.2778,37.7041,0
PM-024,461,1.3072,0.2528,37.8916,0
PM-024,462,1.332,0.2805,38.1791,0
PM-024,463,1.3491,0.2489,37.955,0
PM-024,464,1.3283,0.2684,37.585,0
PM-024,465,1.3484,0.2607,37.1758,0
PM-024,466,1.3199,0.2659,38.3908,0
PM-024,467,1.3293,0.2649,37.7745,0
PM-024,468,1.3153,0.3027,38.0362,0
PM-024,469,1.2913,0.2658,37.8264,0
PM-024,470,1.2973,0.2427,38.0122,0
PM-024,471,1.3034,0.2882,37.836,0
PM-024,472,1.31,0.2332,38.2002,0
PM-024,473,1.3254,0.2628,37.5664,0
PM-024,474,1.3515,0.2535,37.7229,0
PM-024,475,1.3309,0.2913,37.7686,0
PM-024,476,1.3048,0.2679,38.1049,0
PM-024,477,1.3421,0.2489,37.868,0
PM-024,478,1.2908,0.2828,37.9602,0
PM-024,479,1.3011,0.2925,37.934,0
PM-025,0,1.402,0.2906,36.5331,0
PM-025,1,1.4019,0.287,36.657,0
PM-025,2,1.3957,0.2689,36.1837,0
PM-025,3,1.4141,0.2813,35.7536,0
PM-025,4,1.3909,0.2969,36.3903,0
PM-025,5,1.4444,0.2526,36.3314,0
PM-025,6,1.4156,0.267,36.8706,0
PM-025,7,1.4089,0.2824,36.1634,0
PM-025,8,1.4165,0.267,36.1905,0
PM-025,9,1.4206,0.2922,36.3124,0
PM-025,10,1.4197,0.2685,36.5231,0
PM-025,11,1.4281,0.2934,36.8635,0
PM-025,12,1.3963,0.2516,35.8875,0
PM-025,13,1.4239,0.2639,36.8097,0
PM-025,14,1.3906,0.2784,35.9599,0
PM-025,15,1.4214,0.2776,36.1611,0
PM-025,16,1.4151,0.3028,36.6974,0
PM-025,17,1.4704,0.274,36.6644,0
PM-025,18,1.4017,0.2754,36.1981,0
PM-025,19,1.4294,0.2597,36.9908,0
PM-025,20,1.3843,0.2672,36.4163,0
PM-025,21,1.3889,0.2753,36.3309,0
PM-025,22,1.4393,0.2596,36.6173,0
PM-025,23,1.4095,0.2685,36.5184,0
PM-025,24,1.4254,0.2434,36.5053,0
PM-025,25,1.3947,0.2605,36.564,0
PM-025,26,1.4333,0.295,36.3164,0
PM-025,27,1.3543,0.2728,35.9455,0
PM-025,28,1.4201,0.2583,36.5937,0
PM-025,29,1.3942,0.2543,36.149,0
PM-025,30,1.4192,0.2519,36.6547,0
PM-025,31,1.4468,0.2968,36.012,0
PM-025,32,1.3843,0.279,36.1705,0
PM-025,33,1.4236,0.2461,36.4695,0
PM-025,34,1.4301,0.2485,36.4559,0
PM-025,35,1.4087,0.2808,36.2903,0
PM-025,36,1.3827,0.2339,36.8885,0
PM-025,37,1.428,0.2714,36.4756,0
PM-025,38,1.4198,0.2862,35.8858,0
PM-025,39,1.3757,0.2429,36.3872,0
PM-025,40,1.4149,0.2869,35.6177,0
PM-025,41,1.3845,0.2737,36.5673,0
PM-025,42,1.4073,0.2549,36.2811,0
PM-025,43,1.4085,0.246,36.235,0
PM-025,44,1.3836,0.2793,36.2167,0
PM-025,45,1.3851,0.264,36.7168,0
PM-025,46,1.4108,0.2883,36.7756,0
PM-025,47,1.3963,0.2738,36.8203,0
PM-025,48,1.4016,0.2754,36.2204,0
PM-025,49,1.4067,0.2679,36.6791,0
PM-025,50,1.4036,0.275,36.6053,0
PM-025,51,1.3955,0.2657,36.6299,0
PM-025,52,1.448,0.2529,36.6486,0
PM-025,53,1.4355,0.2732,36.22,0
PM-025,54,1.4102,0.2572,36.3401,0
PM-025,55,1.419,0.2708,36.5498,0
PM-025,56,1.3879,0.2626,36.6749,0
PM-025,57,1.3778,0.2519,36.3993,0
PM-025,58,1.4009,0.2833,35.7725,0
PM-025,59,1.4096,0.2923,36.5891,0
PM-025,60,1.3806,0.3082,36.3269,0
PM-025,61,1.3626,0.2839,36.2485,0
PM-025,62,1.4487,0.2826,37.1303,0
PM-025,63,1.3902,0.2909,36.247,0
PM-025,64,1.4181,0.2743,36.9071,0
PM-025,65,1.4275,0.2648,36.8176,0
PM-025,66,1.4094,0.2822,36.5797,0
PM-025,67,1.407,0.2519,36.552,0
PM-025,68,1.3978,0.2533,36.7401,0
PM-025,69,1.3986,0.2447,36.4916,0
PM-025,70,1.4082,0.2708,36.4721,0
PM-025,71,1.3911,0.2658,36.8027,0
PM-025,72,1.4284,0.2664,36.6665,0
PM-025,73,1.4131,0.2668,36.865,0
PM-025,74,1.3934,0.2763,35.9919,0
PM-025,75,1.4185,0.2618,36.3765,0
PM-025,76,1.4054,0.2385,36.0067,0
PM-025,77,1.4279,0.2733,36.9285,0
PM-025,78,1.3839,0.2845,36.6292,0
PM-025,79,1.4345,0.2701,36.5254,0
PM-025,80,1.3937,0.2677,36.3436,0
PM-025,81,1.3847,0.2738,36.7735,0
PM-025,82,1.4349,0.2596,36.48,0
PM-025,83,1.4086,0.2939,37.0269,0
PM-025,84,1.3852,0.279,36.6503,0
PM-025,85,1.4072,0.2528,36.7026,0
PM-025,86,1.4356,0.2635,36.8499,0
PM-025,87,1.4113,0.2931,36.9169,0
PM-025,88,1.4108,0.278,36.2802,0
PM-025,89,1.3788,0.2755,36.0511,0
PM-025,90,1.4531,0.2888,36.4455,0
PM-025,91,1.4646,0.2623,36.3732,0
PM-025,92,1.4032,0.2708,36.398,0
PM-025,93,1.4204,0.2568,36.5293,0
PM-025,94,1.4004,0.2727,36.1661,0
PM-025,95,1.394,0.3036,36.2146,0
PM-025,96,1.4217,0.2637,36.1858,0
PM-025,97,1.4125,0.2587,36.6464,0
PM-025,98,1.4088,0.2918,36.0993,0
PM-025,99,1.4168,0.2773,36.192,0
PM-025,100,1.398,0.2504,36.023,0
PM-025,101,1.4089,0.2839,36.4515,0
PM-025,102,1.4095,0.2523,35.8605,0
PM-025,103,1.4181,0.2618,35.9507,0
PM-025,104,1.4004,0.2755,36.6117,0
PM-025,105,1.4152,0.2613,36.6693,0
PM-025,106,1.4109,0.2586,36.1558,0
PM-025,107,1.4152,0.2848,36.6691,0
PM-025,108,1.4145,0.2812,37.2024,0
PM-025,109,1.417,0.2741,36.6543,0
PM-025,110,1.4263,0.2517,36.5441,0
PM-025,111,1.4313,0.2979,36.497,0
PM-025,112,1.4022,0.2742,36.2978,0
PM-025,113,1.4426,0.279,36.4752,0
PM-025,114,1.4335,0.2544,35.8694,0
PM-025,115,1.4197,0.2879,36.4483,0
PM-025,116,1.3977,0.2574,36.1206,0
PM-025,117,1.4246,0.284,36.7664,0
PM-025,118,1.4114,0.2544,36.2765,0
PM-025,119,1.4232,0.2562,36.4604,0
PM-025,120,1.3909,0.2613,36.1454,0
PM-025,121,1.4116,0.2498,36.2629,0
PM-025,122,1.4283,0.2875,36.6922,0
PM-025,123,1.4396,0.252,36.4636,0
PM-025,124,1.4128,0.301,36.4197,0
PM-025,125,1.4273,0.2972,36.5301,0
PM-025,126,1.4019,0.266,35.9775,0
PM-025,127,1.4021,0.2504,36.7256,0
PM-025,128,1.38,0.2776,36.8323,0
PM-025,129,1.4258,0.2645,36.7201,0
PM-025,130,1.4115,0.2649,36.3819,0
PM-025,131,1.4201,0.2484,36.3397,0
PM-025,132,1.4188,0.2641,36.1034,0
PM-025,133,1.3934,0.2743,36.6358,0
PM-025,134,1.433,0.2835,36.7217,0
PM-025,135,1.3728,0.283,36.3358,0
PM-025,136,1.3824,0.2801,36.5446,0
PM-025,137,1.429,0.2637,36.4893,0
PM-025,138,1.3752,0.3012,36.0895,0
PM-025,139,1.3951,0.2563,36.5529,0
PM-025,140,1.3943,0.2879,36.5854,0
PM-025,141,1.3815,0.2834,36.7645,0
PM-025,142,1.3967,0.2546,36.6106,0
PM-025,143,1.4244,0.2567,36.768,0
PM-025,144,1.3998,0.2895,36.017,0
PM-025,145,1.3966,0.2686,36.1936,0
PM-025,146,1.4106,0.2665,36.4281,0
PM-025,147,1.4032,0.2524,36.4841,0
PM-025,148,1.4087,0.2566,36.8657,0
PM-025,149,1.4176,0.2825,36.2484,0
PM-025,150,1.3651,0.2979,36.5416,0
PM-025,151,1.4185,0.2766,36.6107,0
PM-025,152,1.39,0.2563,36.1832,0
PM-025,153,1.4223,0.2535,36.0323,0
PM-025,154,1.3984,0.2677,36.4761,0
PM-025,155,1.4015,0.279,36.8411,0
PM-025,156,1.4122,0.2892,36.6559,0
PM-025,157,1.3922,0.259,36.2218,0
PM-025,158,1.4074,0.2676,36.6694,0
PM-025,159,1.4081,0.2755,36.1406,0
PM-025,160,1.4161,0.2646,36.3256,0
PM-025,161,1.3983,0.2944,36.1371,0
PM-025,162,1.4248,0.271,36.083,0
PM-025,163,1.4053,0.2367,37.0068,0
PM-025,164,1.4039,0.2885,36.8947,0
PM-025,165,1.3999,0.2722,36.5466,0
PM-025,166,1.4493,0.2689,36.4748,0
PM-025,167,1.3833,0.2583,36.3411,0
PM-025,168,1.4373,0.3001,36.6413,0
PM-025,169,1.4183,0.282,36.2856,0
PM-025,170,1.4391,0.2503,36.3545,0
PM-025,171,1.4243,0.2645,37.2315,0
PM-025,172,1.4246,0.2865,36.2633,0
PM-025,173,1.4306,0.2839,36.9603,0
PM-025,174,1.3674,0.26,36.5919,0
PM-025,175,1.4186,0.2711,36.0326,0
PM-025,176,1.4152,0.2764,36.4901,0
PM-025,177,1.4105,0.2859,36.4448,0
PM-025,178,1.3863,0.2928,36.8951,0
PM-025,179,1.4105,0.2849,36.0338,0
PM-025,180,1.4084,0.246,36.8284,0
PM-025,181,1.3813,0.2656,36.5557,0
PM-025,182,1.4277,0.2797,36.8339,0
PM-025,183,1.4273,0.2914,35.9644,0
PM-025,184,1.4016,0.2785,36.9631,0
PM-025,185,1.4012,0.3012,36.5969,0
PM-025,186,1.397,0.2544,36.7117,0
PM-025,187,1.3985,0.2677,36.5396,0
PM-025,188,1.4152,0.3004,36.6091,0
PM-025,189,1.3992,0.2606,36.9911,0
PM-025,190,1.4009,0.2805,36.5486,0
PM-025,191,1.4197,0.2927,36.5758,0
PM-025,192,1.4276,0.2763,36.3549,0
PM-025,193,1.4211,0.262,36.1419,0
PM-025,194,1.4229,0.2787,36.5994,0
PM-025,195,1.4108,0.2707,36.1659,0
PM-025,196,1.374,0.2851,36.7533,0
PM-025,197,1.4062,0.2938,36.641,0
PM-025,198,1.418,0.302,36.1145,0
PM-025,199,1.4103,0.259,36.3807,0
PM-025,200,1.4099,0.2711,36.1689,0
PM-025,201,1.4126,0.2594,36.85,0
PM-025,202,1.4266,0.2769,36.3482,0
PM-025,203,1.4144,0.2824,36.3889,0
PM-025,204,1.3795,0.2825,36.6499,0
PM-025,205,1.4177,0.2604,36.7789,0
PM-025,206,1.4342,0.276,36.3721,0
PM-025,207,1.4038,0.2658,36.3587,0
PM-025,208,1.4042,0.2766,36.7599,0
PM-025,209,1.4403,0.2581,36.2661,0
PM-025,210,1.4281,0.2581,36.1434,0
PM-025,211,1.3924,0.2691,36.9817,0
PM-025,212,1.4087,0.2759,36.1315,0
PM-025,213,1.4327,0.2848,36.3503,0
PM-025,214,1.3975,0.2861,36.4232,0
PM-025,215,1.398,0.2663,36.5626,0
PM-025,216,1.4259,0.2766,36.5724,0
PM-025,217,1.4065,0.2739,36.3735,0
PM-025,218,1.4059,0.2931,36.5036,0
PM-025,219,1.4039,0.2616,35.8307,0
PM-025,220,1.453,0.3047,36.6793,0
PM-025,221,1.3906,0.3128,36.0698,0
PM-025,222,1.4191,0.2461,35.8393,0
PM-025,223,1.4159,0.2771,36.5267,0
PM-025,224,1.4411,0.271,36.7347,0
PM-025,225,1.3956,0.2912,36.9051,0
PM-025,226,1.4062,0.2774,36.2813,0
PM-025,227,1.4068,0.2828,36.6364,0
PM-025,228,1.3767,0.2547,36.3146,0
PM-025,229,1.4157,0.258,36.0668,0
PM-025,230,1.3587,0.303,36.5516,0
PM-025,231,1.3824,0.2872,36.939,0
PM-025,232,1.4155,0.2811,36.8836,0
PM-025,233,1.4234,0.2812,36.0307,0
PM-025,234,1.3567,0.2847,36.4237,0
PM-025,235,1.4022,0.2863,36.2045,0
PM-025,236,1.4105,0.2726,36.6979,0
PM-025,237,1.4181,0.2769,36.3696,0
PM-025,238,1.4037,0.2769,36.3408,0
PM-025,239,1.3947,0.291,36.2886,0
PM-025,240,1.4021,0.2901,36.284,0
PM-025,241,1.4177,0.2779,36.4639,0
PM-025,242,1.4035,0.2549,36.6793,0
PM-025,243,1.4333,0.2867,36.6022,0
PM-025,244,1.3717,0.2833,36.4584,0
PM-025,245,1.3994,0.2816,36.5588,0
PM-025,246,1.4314,0.2769,36.4109,0
PM-025,247,1.4043,0.2809,36.0896,0
PM-025,248,1.4012,0.2388,36.6174,0
PM-025,249,1.4242,0.2602,36.1629,0
PM-025,250,1.4303,0.261,36.684,0
PM-025,251,1.411,0.2638,36.665,0
PM-025,252,1.4119,0.2942,36.2704,0
PM-025,253,1.3848,0.2715,36.6339,0
PM-025,254,1.4075,0.2987,36.8548,0
PM-025,255,1.4007,0.2727,35.9494,0
PM-025,256,1.4323,0.2615,36.5507,0
PM-025,257,1.4061,0.2494,36.741,0
PM-025,258,1.3901,0.264,36.7468,0
PM-025,259,1.3918,0.2941,36.1949,0
PM-025,260,1.3879,0.2724,36.9812,0
PM-025,261,1.4111,0.2865,36.0887,0
PM-025,262,1.4039,0.2672,36.1126,0
PM-025,263,1.3794,0.2681,36.9649,0
PM-025,264,1.4156,0.2615,35.8798,0
PM-025,265,1.4038,0.2652,36.6063,0
PM-025,266,1.4062,0.2812,36.7212,0
PM-025,267,1.4099,0.2709,36.5012,0
PM-025,268,1.3764,0.2826,37.0001,0
PM-025,269,1.4124,0.26,36.4889,0
PM-025,270,1.4026,0.2722,36.3974,0
PM-025,271,1.3682,0.2732,37.1583,0
PM-025,272,1.3845,0.2882,36.6112,0
PM-025,273,1.3929,0.2516,36.5698,0
PM-025,274,1.4185,0.2491,36.7689,0
PM-025,275,1.4014,0.2791,36.7019,0
PM-025,276,1.4292,0.2569,37.0944,0
PM-025,277,1.3928,0.2852,36.3412,0
PM-025,278,1.4123,0.2699,36.6311,0
PM-025,279,1.4322,0.2626,36.2279,0
PM-025,280,1.37,0.2745,36.4402,0
PM-025,281,1.4134,0.2702,36.7186,0
PM-025,282,1.4011,0.277,36.4814,0
PM-025,283,1.392,0.2615,36.767,0
PM-025,284,1.4277,0.2828,36.4403,0
PM-025,285,1.3664,0.2468,36.4121,0
PM-025,286,1.3809,0.2889,36.2482,0
PM-025,287,1.4058,0.2978,36.8002,0
PM-025,288,1.4182,0.2751,36.2641,0
PM-025,289,1.4265,0.2749,36.4503,0
PM-025,290,1.4241,0.2816,36.1996,0
PM-025,291,1.4296,0.2705,36.5159,0
PM-025,292,1.3849,0.2525,36.0545,0
PM-025,293,1.4591,0.3058,35.9804,0
PM-025,294,1.381,0.2641,36.8231,0
PM-025,295,1.4238,0.3043,36.3996,0
PM-025,296,1.3973,0.2726,36.4388,0
PM-025,297,1.4107,0.2734,37.127,0
PM-025,298,1.4137,0.2558,36.4038,0
PM-025,299,1.4258,0.2808,36.6547,0
PM-025,300,1.3773,0.2484,36.4516,0
PM-025,301,1.4202,0.2593,36.9392,0
PM-025,302,1.4221,0.264,37.325,0
PM-025,303,1.4019,0.2662,36.3661,0
PM-025,304,1.4121,0.2556,36.7121,0
PM-025,305,1.4288,0.2818,36.355,0
PM-025,306,1.4023,0.2809,36.5557,0
PM-025,307,1.3952,0.2414,36.3725,0
PM-025,308,1.4217,0.2792,36.0366,0
PM-025,309,1.428,0.2995,36.3856,0
PM-025,310,1.4072,0.2639,36.385,0
PM-025,311,1.4355,0.26,36.5636,0
PM-025,312,1.4058,0.2746,36.4052,0
PM-025,313,1.4277,0.2874,36.6032,0
PM-025,314,1.407,0.2836,36.2662,0
PM-025,315,1.4198,0.264,36.5555,0
PM-025,316,1.3921,0.2895,36.1139,0
PM-025,317,1.4087,0.2496,36.8397,0
PM-025,318,1.4423,0.2539,36.5882,0
PM-025,319,1.4053,0.2794,36.9639,0
PM-025,320,1.419,0.2603,36.2838,0
PM-025,321,1.4042,0.2608,36.719,0
PM-025,322,1.4282,0.2906,36.3635,0
PM-025,323,1.4343,0.297,36.093,0
PM-025,324,1.4015,0.2701,36.7377,0
PM-025,325,1.4381,0.2458,36.2901,0
PM-025,326,1.4342,0.259,36.7304,0
PM-025,327,1.4227,0.2834,36.728,0
PM-025,328,1.4027,0.2678,36.3873,0
PM-025,329,1.4158,0.2398,36.6357,0
PM-025,330,1.4457,0.2747,36.4543,0
PM-025,331,1.4127,0.2797,36.834,0
PM-025,332,1.4099,0.2692,36.0788,0
PM-025,333,1.4122,0.2537,36.3268,0
PM-025,334,1.4288,0.2871,36.6299,0
PM-025,335,1.4355,0.247,36.9794,0
PM-025,336,1.3943,0.2763,36.2913,0
PM-025,337,1.4175,0.272,36.8322,0
PM-025,338,1.4606,0.285,36.4551,0
PM-025,339,1.4419,0.2463,36.3168,0
PM-025,340,1.4066,0.2676,36.2693,0
PM-025,341,1.4252,0.2717,36.45,0
PM-025,342,1.4394,0.2651,36.7993,0
PM-025,343,1.4058,0.268,36.2628,0
PM-025,344,1.3822,0.2618,35.9581,0
PM-025,345,1.4164,0.267,36.8162,0
PM-025,346,1.3968,0.2679,36.8563,0
PM-025,347,1.4291,0.2738,36.1805,0
PM-025,348,1.423,0.2674,36.335,0
PM-025,349,1.4379,0.2937,36.225,0
PM-025,350,1.4456,0.2704,36.7258,0
PM-025,351,1.4479,0.2693,36.5695,0
PM-025,352,1.4257,0.2955,36.4969,0
PM-025,353,1.4274,0.2601,36.0465,0
PM-025,354,1.3977,0.2615,36.7835,0
PM-025,355,1.4098,0.2626,36.2248,0
PM-025,356,1.4029,0.2855,36.224,0
PM-025,357,1.4087,0.266,36.5972,0
PM-025,358,1.4481,0.262,36.5862,0
PM-025,359,1.411,0.2648,36.5061,0
PM-025,360,1.4477,0.2707,36.4702,0
PM-025,361,1.4037,0.278,36.191,0
PM-025,362,1.4137,0.2784,36.2365,0
PM-025,363,1.4432,0.2952,37.1653,0
PM-025,364,1.4227,0.278,36.4676,0
PM-025,365,1.4126,0.2857,36.4961,0
PM-025,366,1.4082,0.2801,36.3031,0
PM-025,367,1.4429,0.2719,36.7204,0
PM-025,368,1.3952,0.2711,36.3729,0
PM-025,369,1.4042,0.2547,36.8079,0
PM-025,370,1.4209,0.2505,36.4272,0
PM-025,371,1.4069,0.2777,36.4474,0
PM-025,372,1.433,0.2862,37.153,0
PM-025,373,1.3667,0.2923,36.7294,0
PM-025,374,1.4078,0.2679,36.4645,0
PM-025,375,1.4162,0.2636,36.0099,0
PM-025,376,1.4009,0.2678,36.662,0
PM-025,377,1.3875,0.2814,36.1296,0
PM-025,378,1.4192,0.28,36.4519,0
PM-025,379,1.4122,0.2822,36.3163,0
PM-025,380,1.4174,0.2665,36.956,0
PM-025,381,1.4221,0.2561,37.0363,0
PM-025,382,1.4313,0.2537,36.0331,0
PM-025,383,1.3867,0.257,36.5364,0
PM-025,384,1.4129,0.2828,36.3977,0
PM-025,385,1.406,0.2734,36.8287,0
PM-025,386,1.3734,0.2679,36.8866,0
PM-025,387,1.4126,0.2673,36.2466,0
PM-025,388,1.4293,0.2645,36.3442,0
PM-025,389,1.4385,0.256,36.9804,0
PM-025,390,1.4146,0.2721,36.5766,0
PM-025,391,1.4117,0.2638,36.5942,0
PM-025,392,1.4015,0.2782,37.1847,0
PM-025,393,1.4245,0.2689,36.5676,0
PM-025,394,1.4049,0.269,36.4574,0
PM-025,395,1.4208,0.2854,37.1237,0
PM-025,396,1.4242,0.2553,36.1067,0
PM-025,397,1.4099,0.2868,36.4286,0
PM-025,398,1.4074,0.2852,36.4829,0
PM-025,399,1.4319,0.2492,36.634,0
PM-025,400,1.3757,0.2757,36.7612,0
PM-025,401,1.3787,0.2373,36.7463,0
PM-025,402,1.4202,0.2553,36.5643,0
PM-025,403,1.4004,0.2691,36.4105,0
PM-025,404,1.3846,0.2853,36.1732,0
PM-025,405,1.4131,0.2815,36.2419,0
PM-025,406,1.4058,0.2641,37.0083,0
PM-025,407,1.4296,0.2831,37.1541,0
PM-025,408,1.4183,0.2667,36.059,0
PM-025,409,1.3973,0.2741,36.7704,0
PM-025,410,1.3982,0.2955,36.0291,0
PM-025,411,1.4038,0.2778,36.5303,0
PM-025,412,1.4208,0.2737,36.6854,0
PM-025,413,1.4064,0.2672,36.2435,0
PM-025,414,1.4547,0.2706,36.6216,0
PM-025,415,1.407,0.2956,36.4876,0
PM-025,416,1.4178,0.2587,37.0191,0
PM-025,417,1.4156,0.2987,36.3107,0
PM-025,418,1.4024,0.2638,36.4059,0
PM-025,419,1.4247,0.241,36.4765,0
PM-025,420,1.3956,0.2584,36.6314,0
PM-025,421,1.4173,0.2847,36.6072,0
PM-025,422,1.4149,0.2634,36.2129,0
PM-025,423,1.4232,0.2679,36.6107,0
PM-025,424,1.4112,0.2411,36.636,0
PM-025,425,1.3987,0.2847,35.9333,0
PM-025,426,1.4492,0.2628,36.6323,0
PM-025,427,1.397,0.2631,36.6966,0
PM-025,428,1.4072,0.2698,36.7458,0
PM-025,429,1.415,0.2785,36.3036,0
PM-025,430,1.4246,0.2734,36.6201,0
PM-025,431,1.4185,0.2887,36.6424,0
PM-025,432,1.3881,0.2628,36.5589,0
PM-025,433,1.4192,0.2519,36.1933,0
PM-025,434,1.4331,0.3012,35.9947,0
PM-025,435,1.4164,0.2725,36.7944,0
PM-025,436,1.4212,0.2842,35.8067,0
PM-025,437,1.4111,0.2582,36.2268,0
PM-025,438,1.3867,0.2752,36.591,0
PM-025,439,1.4239,0.2657,36.9062,0
PM-025,440,1.3926,0.2503,36.5566,0
PM-025,441,1.3976,0.2797,36.2936,0
PM-025,442,1.3997,0.2618,36.2714,0
PM-025,443,1.4112,0.2753,36.2708,0
PM-025,444,1.3878,0.2792,36.6073,0
PM-025,445,1.4256,0.2561,36.2429,0
PM-025,446,1.4277,0.2852,36.3682,0
PM-025,447,1.3922,0.2612,36.2013,0
PM-025,448,1.4272,0.2824,36.5154,0
PM-025,449,1.3977,0.2585,36.3063,0
PM-025,450,1.3935,0.2751,36.7197,0
PM-025,451,1.4271,0.2585,36.3116,0
PM-025,452,1.4002,0.287,36.0907,0
PM-025,453,1.4112,0.2586,36.4335,0
PM-025,454,1.4251,0.2669,36.265,0
PM-025,455,1.4262,0.2737,36.6357,0
PM-025,456,1.4166,0.2535,36.8825,0
PM-025,457,1.4073,0.2844,36.3859,0
PM-025,458,1.4226,0.2869,36.7557,0
PM-025,459,1.4134,0.2667,36.0685,0
PM-025,460,1.3865,0.2885,36.2438,0
PM-025,461,1.4273,0.2855,36.6276,0
PM-025,462,1.4191,0.2543,36.0861,0
PM-025,463,1.3981,0.2965,36.9034,0
PM-025,464,1.412,0.2912,36.2105,0
PM-025,465,1.4039,0.2956,37.1216,0
PM-025,466,1.4267,0.2479,36.8958,0
PM-025,467,1.4059,0.2826,36.5207,0
PM-025,468,1.4314,0.2724,37.3096,0
PM-025,469,1.4306,0.2529,35.9874,0
PM-025,470,1.3779,0.2807,36.7797,0
PM-025,471,1.359,0.2901,36.5961,0
PM-025,472,1.4436,0.2572,36.5782,0
PM-025,473,1.4169,0.2601,36.1103,0
PM-025,474,1.4299,0.2752,36.6091,0
PM-025,475,1.4385,0.2712,36.5854,0
PM-025,476,1.4183,0.2774,36.0683,0
PM-025,477,1.4109,0.2891,36.4526,0
PM-025,478,1.4018,0.2863,36.4951,0
PM-025,479,1.3987,0.2588,36.4748,0
PM-026,0,1.474,0.2425,37.4681,0
PM-026,1,1.4352,0.266,37.3396,0
PM-026,2,1.4394,0.2657,37.1766,0
PM-026,3,1.4094,0.2459,37.0102,0
PM-026,4,1.413,0.2654,37.2727,0
PM-026,5,1.4521,0.2677,37.5515,0
PM-026,6,1.4532,0.2452,37.4984,0
PM-026,7,1.4495,0.2927,37.3269,0
PM-026,8,1.4527,0.2584,37.3392,0
PM-026,9,1.4447,0.2533,37.3777,0
PM-026,10,1.4575,0.2536,37.5752,0
PM-026,11,1.4593,0.2467,37.0354,0
PM-026,12,1.454,0.2511,37.0108,0
PM-026,13,1.4794,0.2454,36.8675,0
PM-026,14,1.4294,0.2633,37.3466,0
PM-026,15,1.4828,0.2483,37.3954,0
PM-026,16,1.4676,0.25,37.5357,0
PM-026,17,1.4084,0.2862,37.623,0
PM-026,18,1.4314,0.2723,37.7185,0
PM-026,19,1.4193,0.2509,37.7284,0
PM-026,20,1.4464,0.2664,37.3456,0
PM-026,21,1.4629,0.2676,37.3564,0
PM-026,22,1.403,0.2695,37.5433,0
PM-026,23,1.4203,0.2423,37.4798,0
PM-026,24,1.4489,0.2302,37.0779,0
PM-026,25,1.4513,0.27,37.1492,0
PM-026,26,1.4421,0.2467,37.7217,0
PM-026,27,1.4485,0.2498,36.9776,0
PM-026,28,1.4197,0.287,37.2725,0
PM-026,29,1.4371,0.2567,37.1355,0
PM-026,30,1.4429,0.2604,37.329,0
PM-026,31,1.4198,0.2733,37.1586,0
PM-026,32,1.4319,0.2493,37.0088,0
PM-026,33,1.4504,0.2733,37.1076,0
PM-026,34,1.4082,0.2445,37.19,0
PM-026,35,1.4204,0.2509,37.1591,0
PM-026,36,1.4447,0.238,37.4986,0
PM-026,37,1.4783,0.2813,37.1493,0
PM-026,38,1.4584,0.2681,37.3115,0
PM-026,39,1.4486,0.2701,37.5895,0
PM-026,40,1.4288,0.2711,37.8245,0
PM-026,41,1.4627,0.2829,36.5495,0
PM-026,42,1.457,0.2638,37.6327,0
PM-026,43,1.4225,0.2523,37.5947,0
PM-026,44,1.4239,0.2635,37.3195,0
PM-026,45,1.4411,0.2685,36.9899,0
PM-026,46,1.4294,0.2578,36.9642,0
PM-026,47,1.4697,0.2479,37.5604,0
PM-026,48,1.4275,0.2704,36.8419,0
PM-026,49,1.4732,0.2769,37.1588,0
PM-026,50,1.4285,0.2667,36.8667,0
PM-026,51,1.4457,0.2478,37.2482,0
PM-026,52,1.4322,0.2479,37.836,0
PM-026,53,1.4607,0.2377,37.0618,0
PM-026,54,1.4622,0.2744,36.909,0
PM-026,55,1.459,0.2638,36.742,0
PM-026,56,1.437,0.2578,37.3391,0
PM-026,57,1.4186,0.2484,37.1376,0
PM-026,58,1.4343,0.2521,37.2847,0
PM-026,59,1.4512,0.2865,37.5858,0
PM-026,60,1.4714,0.2527,37.0234,0
PM-026,61,1.4611,0.2596,37.5436,0
PM-026,62,1.4274,0.2696,37.272,0
PM-026,63,1.4358,0.2544,37.4717,0
PM-026,64,1.4605,0.2544,37.4278,0
PM-026,65,1.4519,0.2709,37.6206,0
PM-026,66,1.4813,0.2529,37.7625,0
PM-026,67,1.4474,0.2434,37.1294,0
PM-026,68,1.4544,0.2707,37.0197,0
PM-026,69,1.4298,0.2519,37.0655,0
PM-026,70,1.4074,0.2266,37.21,0
PM-026,71,1.4501,0.2697,36.9158,0
PM-026,72,1.4181,0.2519,37.3255,0
PM-026,73,1.4652,0.2706,37.2142,0
PM-026,74,1.4523,0.2472,37.3468,0
PM-026,75,1.4438,0.2809,37.4726,0
PM-026,76,1.4296,0.2485,37.2246,0
PM-026,77,1.4138,0.2564,37.2814,0
PM-026,78,1.4544,0.269,37.3542,0
PM-026,79,1.4125,0.2415,37.143,0
PM-026,80,1.4581,0.2691,37.2497,0
PM-026,81,1.4922,0.2833,37.6965,0
PM-026,82,1.4591,0.2667,37.4402,0
PM-026,83,1.409,0.2441,37.2579,0
PM-026,84,1.4476,0.258,37.4062,0
PM-026,85,1.403,0.2675,37.3432,0
PM-026,86,1.4413,0.2738,37.0109,0
PM-026,87,1.4403,0.2641,37.0686,0
PM-026,88,1.405,0.2426,37.3051,0
PM-026,89,1.4401,0.2596,37.1267,0
PM-026,90,1.4188,0.2619,37.2746,0
PM-026,91,1.4578,0.2486,36.7183,0
PM-026,92,1.393,0.2538,37.3629,0
PM-026,93,1.4404,0.2514,36.8471,0
PM-026,94,1.4073,0.2654,37.2563,0
PM-026,95,1.4378,0.2367,37.0347,0
PM-026,96,1.446,0.2641,37.2753,0
PM-026,97,1.4726,0.2512,37.7106,0
PM-026,98,1.4494,0.2615,37.6043,0
PM-026,99,1.4326,0.2549,36.9575,0
PM-026,100,1.4638,0.2649,37.6539,0
PM-026,101,1.4491,0.2764,37.1003,0
PM-026,102,1.4648,0.2539,37.3253,0
PM-026,103,1.4596,0.2948,37.5705,0
PM-026,104,1.4633,0.2517,37.3716,0
PM-026,105,1.4431,0.281,37.2808,0
PM-026,106,1.4716,0.2403,37.7442,0
PM-026,107,1.4278,0.2727,37.0652,0
PM-026,108,1.4574,0.2454,37.6355,0
PM-026,109,1.462,0.2509,37.498,0
PM-026,110,1.464,0.246,37.0143,0
PM-026,111,1.4236,0.2417,37.0017,0
PM-026,112,1.4635,0.2682,36.8157,0
PM-026,113,1.4348,0.2425,37.583,0
PM-026,114,1.4361,0.2367,37.3756,0
PM-026,115,1.4572,0.2456,37.2451,0
PM-026,116,1.427,0.2785,37.1951,0
PM-026,117,1.4306,0.2591,37.2623,0
PM-026,118,1.4588,0.2781,37.6916,0
PM-026,119,1.4374,0.2644,37.7711,0
PM-026,120,1.4756,0.2467,37.5022,0
PM-026,121,1.4535,0.2738,37.6976,0
PM-026,122,1.4242,0.2495,37.5968,0
PM-026,123,1.448,0.2265,36.8246,0
PM-026,124,1.4583,0.2725,36.9197,0
PM-026,125,1.467,0.2569,37.0178,0
PM-026,126,1.4338,0.2415,37.1398,0
PM-026,127,1.4077,0.2588,37.5007,0
PM-026,128,1.4181,0.2601,37.0831,0
PM-026,129,1.4584,0.2251,37.5381,0
PM-026,130,1.4087,0.2567,37.1119,0
PM-026,131,1.4378,0.2369,37.8226,0
PM-026,132,1.4193,0.2418,37.863,0
PM-026,133,1.4515,0.2411,37.2859,0
PM-026,134,1.4403,0.2346,37.0971,0
PM-026,135,1.4445,0.2789,37.2679,0
PM-026,136,1.4428,0.2476,37.6533,0
PM-026,137,1.4631,0.2717,37.3581,0
PM-026,138,1.4131,0.2762,37.3417,0
PM-026,139,1.4389,0.2666,37.3918,0
PM-026,140,1.4237,0.2551,36.7533,0
PM-026,141,1.4468,0.2798,36.7858,0
PM-026,142,1.4476,0.2699,37.5694,0
PM-026,143,1.4301,0.2433,37.1484,0
PM-026,144,1.4689,0.2342,36.9597,0
PM-026,145,1.4359,0.2452,37.312,0
PM-026,146,1.4733,0.2418,37.2806,0
PM-026,147,1.4449,0.2548,36.851,0
PM-026,148,1.4323,0.2503,37.5146,0
PM-026,149,1.4534,0.2366,37.2084,0
PM-026,150,1.435,0.2892,37.4122,0
PM-026,151,1.4235,0.2482,37.211,0
PM-026,152,1.4523,0.2671,37.3847,0
PM-026,153,1.4409,0.2578,37.2858,0
PM-026,154,1.4094,0.2589,37.1514,0
PM-026,155,1.412,0.2961,37.4179,0
PM-026,156,1.4453,0.2543,37.5436,0
PM-026,157,1.4218,0.2552,37.0389,0
PM-026,158,1.4595,0.2475,37.6549,0
PM-026,159,1.4431,0.2715,37.4445,0
PM-026,160,1.4662,0.2458,37.5962,0
PM-026,161,1.4078,0.2605,37.1608,0
PM-026,162,1.417,0.2465,37.1323,0
PM-026,163,1.4411,0.252,37.3485,0
PM-026,164,1.4284,0.2527,37.2378,0
PM-026,165,1.4487,0.2726,37.5806,0
PM-026,166,1.4498,0.2663,37.4181,0
PM-026,167,1.4388,0.2734,37.0502,0
PM-026,168,1.4041,0.2442,37.7455,0
PM-026,169,1.4391,0.264,37.2423,0
PM-026,170,1.4563,0.2609,37.304,0
PM-026,171,1.4573,0.2529,37.4362,0
PM-026,172,1.4416,0.2583,37.079,0
PM-026,173,1.4407,0.2517,37.6635,0
PM-026,174,1.4114,0.2732,36.8013,0
PM-026,175,1.4558,0.2473,37.4944,0
PM-026,176,1.4426,0.2384,37.7321,0
PM-026,177,1.4606,0.2674,37.1324,0
PM-026,178,1.4613,0.2406,36.6562,0
PM-026,179,1.4138,0.246,37.0981,0
PM-026,180,1.4364,0.254,37.1296,0
PM-026,181,1.4027,0.2627,37.2451,0
PM-026,182,1.4311,0.2808,37.2519,0
PM-026,183,1.4462,0.2718,36.8776,0
PM-026,184,1.4446,0.2718,37.2971,0
PM-026,185,1.419,0.2526,37.3812,0
PM-026,186,1.4029,0.2396,37.9166,0
PM-026,187,1.4547,0.2821,37.5844,0
PM-026,188,1.4529,0.2552,37.4389,0
PM-026,189,1.4741,0.2722,37.3746,0
PM-026,190,1.4416,0.2673,37.1649,0
PM-026,191,1.455,0.2494,37.2184,0
PM-026,192,1.4245,0.2533,37.1194,0
PM-026,193,1.4789,0.2464,37.44,0
PM-026,194,1.4261,0.2606,37.4115,0
PM-026,195,1.408,0.2389,37.0381,0
PM-026,196,1.419,0.2611,37.3973,0
PM-026,197,1.4238,0.2617,37.1973,0
PM-026,198,1.4431,0.2504,37.4708,0
PM-026,199,1.4778,0.2715,37.7426,0
PM-026,200,1.417,0.2497,37.4941,0
PM-026,201,1.4752,0.2696,37.0167,0
PM-026,202,1.4364,0.2649,37.2751,0
PM-026,203,1.4291,0.2555,37.3202,0
PM-026,204,1.4234,0.2746,37.1926,0
PM-026,205,1.4436,0.2754,37.287,0
PM-026,206,1.4647,0.2444,37.4544,0
PM-026,207,1.4618,0.2474,37.271,0
PM-026,208,1.4419,0.263,37.467,0
PM-026,209,1.4268,0.259,37.8019,0
PM-026,210,1.4661,0.2718,37.2667,0
PM-026,211,1.4876,0.2753,37.3358,0
PM-026,212,1.4495,0.253,37.4425,0
PM-026,213,1.4569,0.2704,37.2703,0
PM-026,214,1.4156,0.2635,37.5366,0
PM-026,215,1.4255,0.2585,37.727,0
PM-026,216,1.421,0.2556,37.7707,0
PM-026,217,1.4482,0.252,37.3224,0
PM-026,218,1.4616,0.2568,37.5038,0
PM-026,219,1.4498,0.2646,37.523,0
PM-026,220,1.4392,0.2457,37.4669,0
PM-026,221,1.4424,0.2531,37.4824,0
PM-026,222,1.4706,0.2575,37.3271,0
PM-026,223,1.4214,0.2565,37.3909,0
PM-026,224,1.4446,0.2544,37.5423,0
PM-026,225,1.4462,0.2987,37.3868,0
PM-026,226,1.3901,0.2432,37.4842,0
PM-026,227,1.4322,0.2511,36.9528,0
PM-026,228,1.4355,0.2628,37.4403,0
PM-026,229,1.4247,0.2719,36.9671,0
PM-026,230,1.4538,0.2649,37.0442,0
PM-026,231,1.424,0.2656,37.1566,0
PM-026,232,1.4412,0.2702,37.4683,0
PM-026,233,1.4267,0.2591,37.0441,0
PM-026,234,1.4625,0.2829,37.071,0
PM-026,235,1.4444,0.2736,37.3318,0
PM-026,236,1.4563,0.2606,37.0075,0
PM-026,237,1.4474,0.2768,37.4188,0
PM-026,238,1.4775,0.2333,37.4382,0
PM-026,239,1.4321,0.2467,37.7249,0
PM-026,240,1.44,0.2546,37.4276,0
PM-026,241,1.402,0.2802,37.8959,0
PM-026,242,1.4634,0.266,37.2596,0
PM-026,243,1.4235,0.2778,37.5994,0
PM-026,244,1.4541,0.2649,37.4147,0
PM-026,245,1.4345,0.2974,37.2388,0
PM-026,246,1.4365,0.2767,37.3158,0
PM-026,247,1.4447,0.2811,37.5281,0
PM-026,248,1.4596,0.2386,37.4447,0
PM-026,249,1.4249,0.253,37.3772,0
PM-026,250,1.4443,0.2697,37.5557,0
PM-026,251,1.462,0.2397,38.0333,0
PM-026,252,1.4446,0.2781,36.5702,0
PM-026,253,1.4397,0.238,37.0661,0
PM-026,254,1.4461,0.2548,37.7187,0
PM-026,255,1.4804,0.2454,37.1782,0
PM-026,256,1.4244,0.2772,37.3722,0
PM-026,257,1.4457,0.2646,37.2312,0
PM-026,258,1.4279,0.2606,37.2444,0
PM-026,259,1.452,0.2354,37.3804,0
PM-026,260,1.4313,0.2621,37.5961,0
PM-026,261,1.4339,0.2778,36.8023,0
PM-026,262,1.4759,0.2784,37.0586,0
PM-026,263,1.4275,0.2374,37.6009,0
PM-026,264,1.4384,0.2538,36.9877,0
PM-026,265,1.4813,0.2453,37.3318,0
PM-026,266,1.4494,0.2539,37.1443,0
PM-026,267,1.4377,0.2683,37.2204,0
PM-026,268,1.4776,0.2482,37.5508,0
PM-026,269,1.4099,0.2482,37.0796,0
PM-026,270,1.423,0.2641,37.2915,0
PM-026,271,1.3995,0.2898,37.3773,0
PM-026,272,1.4451,0.2795,37.6212,0
PM-026,273,1.4391,0.2306,37.4938,0
PM-026,274,1.4258,0.2785,37.0917,0
PM-026,275,1.436,0.2397,36.9458,0
PM-026,276,1.4429,0.2568,37.1818,0
PM-026,277,1.4861,0.2689,37.3276,0
PM-026,278,1.3899,0.2723,38.2229,0
PM-026,279,1.4413,0.2477,37.3735,0
PM-026,280,1.4164,0.2668,37.7746,0
PM-026,281,1.4316,0.2503,37.3006,0
PM-026,282,1.435,0.2372,37.209,0
PM-026,283,1.4333,0.2804,37.6711,0
PM-026,284,1.473,0.2719,37.3863,0
PM-026,285,1.4276,0.2798,37.4289,0
PM-026,286,1.4201,0.2462,36.9454,0
PM-026,287,1.404,0.2657,36.9532,0
PM-026,288,1.4299,0.2604,37.2682,0
PM-026,289,1.4308,0.2826,36.8665,0
PM-026,290,1.4154,0.2667,37.1367,0
PM-026,291,1.4317,0.2437,37.426,0
PM-026,292,1.4496,0.2617,37.1496,0
PM-026,293,1.43,0.2574,37.6145,0
PM-026,294,1.4764,0.2765,37.4763,0
PM-026,295,1.4647,0.2421,37.1104,0
PM-026,296,1.4555,0.2581,37.4258,0
PM-026,297,1.4646,0.2722,36.9972,0
PM-026,298,1.4453,0.2461,37.0913,0
PM-026,299,1.4108,0.2619,36.7891,0
PM-026,300,1.4529,0.2802,37.4836,0
PM-026,301,1.4461,0.2829,37.4228,0
PM-026,302,1.4278,0.2617,37.9124,0
PM-026,303,1.4232,0.2392,37.509,0
PM-026,304,1.4406,0.2519,36.9468,0
PM-026,305,1.406,0.238,37.809,0
PM-026,306,1.4449,0.2304,37.6798,0
PM-026,307,1.4697,0.2783,37.1978,0
PM-026,308,1.4397,0.2619,37.7448,0
PM-026,309,1.434,0.2485,37.5332,0
PM-026,310,1.4692,0.2591,37.5257,0
PM-026,311,1.4473,0.2561,37.0757,0
PM-026,312,1.422,0.2506,37.0317,0
PM-026,313,1.4507,0.2781,37.3857,0
PM-026,314,1.4266,0.2727,37.4136,0
PM-026,315,1.4549,0.2521,37.6645,0
PM-026,316,1.4676,0.2571,37.5401,0
PM-026,317,1.4671,0.2529,37.3002,0
PM-026,318,1.4466,0.2434,37.457,0
PM-026,319,1.4655,0.2577,37.4265,0
PM-026,320,1.473,0.2538,37.4326,0
PM-026,321,1.4337,0.2509,37.4271,0
PM-026,322,1.4499,0.2682,37.3474,0
PM-026,323,1.4544,0.2848,37.6425,0
PM-026,324,1.4518,0.2674,37.2349,0
PM-026,325,1.4419,0.2673,37.3508,0
PM-026,326,1.4609,0.2789,37.294,0
PM-026,327,1.4049,0.2904,37.1288,0
PM-026,328,1.449,0.2708,37.7472,0
PM-026,329,1.4812,0.2544,37.6814,0
PM-026,330,1.449,0.301,37.6547,0
PM-026,331,1.4415,0.248,36.5366,0
PM-026,332,1.4585,0.275,37.5482,0
PM-026,333,1.398,0.241,37.4688,0
PM-026,334,1.4808,0.259,37.652,0
PM-026,335,1.4244,0.263,37.2421,0
PM-026,336,1.4688,0.2518,37.8276,0
PM-026,337,1.4389,0.2438,37.0136,0
PM-026,338,1.4326,0.2654,37.1415,0
PM-026,339,1.4286,0.2732,36.3612,0
PM-026,340,1.4365,0.2399,37.064,0
PM-026,341,1.4499,0.2568,37.2359,0
PM-026,342,1.4688,0.2597,37.8663,0
PM-026,343,1.4593,0.2454,37.9048,0
PM-026,344,1.4506,0.2879,37.2447,0
PM-026,345,1.4505,0.2663,37.2741,0
PM-026,346,1.4705,0.2889,36.6365,0
PM-026,347,1.4613,0.2464,36.5467,0
PM-026,348,1.4554,0.2677,37.5286,0
PM-026,349,1.4525,0.273,37.1436,0
PM-026,350,1.4503,0.2703,37.7304,0
PM-026,351,1.4459,0.2567,37.308,0
PM-026,352,1.4212,0.2714,36.8873,0
PM-026,353,1.4529,0.2611,36.8592,0
PM-026,354,1.4152,0.2471,37.2214,0
PM-026,355,1.4747,0.2582,37.4885,0
PM-026,356,1.4704,0.276,37.3224,0
PM-026,357,1.4309,0.2673,37.1189,0
PM-026,358,1.4813,0.2729,37.3871,0
PM-026,359,1.4553,0.2625,37.214,0
PM-026,360,1.455,0.2562,37.9055,0
PM-026,361,1.4312,0.2675,37.0897,0
PM-026,362,1.4292,0.2331,37.448,0
PM-026,363,1.4344,0.2761,37.4485,0
PM-026,364,1.448,0.2387,37.5,0
PM-026,365,1.4318,0.2384,37.4537,0
PM-026,366,1.4199,0.2285,37.7137,0
PM-026,367,1.4338,0.2337,37.0358,0
PM-026,368,1.4306,0.277,36.8256,0
PM-026,369,1.4183,0.2746,37.1896,0
PM-026,370,1.4496,0.2525,37.9307,0
PM-026,371,1.4193,0.2641,37.7754,0
PM-026,372,1.4376,0.2486,37.5547,0
PM-026,373,1.4651,0.2479,37.7632,0
PM-026,374,1.4461,0.2675,37.771,0
PM-026,375,1.4604,0.2599,37.1231,0
PM-026,376,1.4992,0.248,37.42,0
PM-026,377,1.4553,0.2682,37.9629,0
PM-026,378,1.446,0.2584,37.7902,0
PM-026,379,1.4423,0.273,37.3828,0
PM-026,380,1.4635,0.2707,37.2036,0
PM-026,381,1.4082,0.2348,36.7724,0
PM-026,382,1.4432,0.2246,37.2765,0
PM-026,383,1.4477,0.2727,37.4758,0
PM-026,384,1.4631,0.2661,37.2275,0
PM-026,385,1.4429,0.2471,37.393,0
PM-026,386,1.4134,0.2759,37.0376,0
PM-026,387,1.4481,0.2647,37.6733,0
PM-026,388,1.4114,0.255,37.4895,0
PM-026,389,1.4801,0.2593,37.1462,0
PM-026,390,1.4856,0.2719,37.7366,0
PM-026,391,1.4209,0.2677,36.9995,0
PM-026,392,1.419,0.2686,37.5201,0
PM-026,393,1.4354,0.2813,37.2138,0
PM-026,394,1.4397,0.2593,37.2516,0
PM-026,395,1.4706,0.2442,37.0982,0
PM-026,396,1.4212,0.2881,37.2272,0
PM-026,397,1.4297,0.2556,37.5792,0
PM-026,398,1.4583,0.2512,37.2047,0
PM-026,399,1.4159,0.2619,37.7092,0
PM-026,400,1.4334,0.2694,37.1499,0
PM-026,401,1.4231,0.2701,38.0288,0
PM-026,402,1.4559,0.2537,37.2197,0
PM-026,403,1.4832,0.2645,37.0948,0
PM-026,404,1.4438,0.2631,37.4653,0
PM-026,405,1.4753,0.279,37.384,0
PM-026,406,1.4442,0.2658,37.1421,0
PM-026,407,1.4647,0.2568,37.4718,0
PM-026,408,1.4793,0.2682,37.3937,0
PM-026,409,1.4347,0.2587,36.9837,0
PM-026,410,1.4557,0.2278,37.6151,0
PM-026,411,1.4597,0.2613,37.1646,0
PM-026,412,1.4447,0.2333,37.5717,0
PM-026,413,1.4418,0.2826,37.4421,0
PM-026,414,1.4497,0.2659,37.0319,0
PM-026,415,1.436,0.2619,37.2338,0
PM-026,416,1.4335,0.2556,37.3378,0
PM-026,417,1.4914,0.255,37.1213,0
PM-026,418,1.442,0.2824,37.7965,0
PM-026,419,1.484,0.2608,37.517,0
PM-026,420,1.4241,0.2546,36.99,0
PM-026,421,1.4545,0.2604,37.3924,0
PM-026,422,1.4281,0.2726,36.6024,0
PM-026,423,1.44,0.2583,36.7181,0
PM-026,424,1.4527,0.2573,37.4929,0
PM-026,425,1.485,0.2647,37.6163,0
PM-026,426,1.4727,0.2672,37.0648,0
PM-026,427,1.4122,0.2655,37.2045,0
PM-026,428,1.4707,0.2527,37.3202,0
PM-026,429,1.4219,0.2547,37.0417,0
PM-026,430,1.428,0.2591,37.1425,0
PM-026,431,1.4976,0.2724,37.6499,0
PM-026,432,1.4428,0.2615,37.1957,0
PM-026,433,1.4975,0.2582,37.1434,0
PM-026,434,1.43,0.2649,37.7508,0
PM-026,435,1.4668,0.2485,37.0902,0
PM-026,436,1.47,0.2914,37.281,0
PM-026,437,1.4692,0.2379,37.0715,0
PM-026,438,1.4249,0.266,37.2708,0
PM-026,439,1.4498,0.2782,37.1286,0
PM-026,440,1.4469,0.2398,37.6737,0
PM-026,441,1.467,0.2653,37.3605,0
PM-026,442,1.4349,0.2389,37.4162,0
PM-026,443,1.4602,0.2902,37.2065,0
PM-026,444,1.4505,0.2766,37.6679,0
PM-026,445,1.4326,0.2557,37.167,0
PM-026,446,1.427,0.2819,37.3433,0
PM-026,447,1.4436,0.2636,37.3407,0
PM-026,448,1.4406,0.2484,37.7941,0
PM-026,449,1.4336,0.2459,37.3004,0
PM-026,450,1.4882,0.2475,37.5374,0
PM-026,451,1.4401,0.2635,37.6012,0
PM-026,452,1.4107,0.2464,37.5969,0
PM-026,453,1.447,0.263,37.5379,0
PM-026,454,1.4273,0.2757,37.5705,0
PM-026,455,1.4498,0.2669,37.674,0
PM-026,456,1.4332,0.2698,37.8478,0
PM-026,457,1.4579,0.2565,38.02,0
PM-026,458,1.4497,0.2808,37.1981,0
PM-026,459,1.4664,0.2517,37.4215,0
PM-026,460,1.4329,0.2884,37.2582,0
PM-026,461,1.4229,0.2613,37.4857,0
PM-026,462,1.4445,0.2477,37.6357,0
PM-026,463,1.4702,0.2351,37.0614,0
PM-026,464,1.4419,0.2519,37.4823,0
PM-026,465,1.4818,0.2542,37.7975,0
PM-026,466,1.4157,0.2667,37.1461,0
PM-026,467,1.4546,0.2335,36.9389,0
PM-026,468,1.4546,0.2504,37.2276,0
PM-026,469,1.4818,0.2619,37.595,0
PM-026,470,1.4299,0.2397,37.3003,0
PM-026,471,1.4152,0.2494,37.3959,0
PM-026,472,1.4428,0.2649,37.5046,0
PM-026,473,1.4211,0.2457,36.671,0
PM-026,474,1.4376,0.2709,37.7719,0
PM-026,475,1.4489,0.2805,37.4397,0
PM-026,476,1.4472,0.2507,36.609,0
PM-026,477,1.4695,0.2591,37.741,0
PM-026,478,1.4261,0.2963,37.2499,0
PM-026,479,1.4312,0.2566,37.3757,0
PM-027,0,1.4034,0.331,38.06,0
PM-027,1,1.4204,0.3509,37.3629,0
PM-027,2,1.4018,0.3407,37.5431,0
PM-027,3,1.4099,0.3409,38.073,0
PM-027,4,1.4091,0.3623,37.3798,0
PM-027,5,1.3842,0.3285,38.0449,0
PM-027,6,1.4541,0.355,37.7265,0
PM-027,7,1.387,0.3714,37.6354,0
PM-027,8,1.3835,0.325,37.3354,0
PM-027,9,1.3979,0.3197,37.2809,0
PM-027,10,1.4298,0.3596,37.5512,0
PM-027,11,1.4154,0.3357,37.8826,0
PM-027,12,1.3892,0.3767,37.3075,0
PM-027,13,1.4271,0.3452,37.0853,0
PM-027,14,1.4027,0.3576,38.0986,0
PM-027,15,1.4117,0.3332,37.9603,0
PM-027,16,1.3976,0.3234,37.6235,0
PM-027,17,1.373,0.3451,37.8673,0
PM-027,18,1.374,0.3516,37.9738,0
PM-027,19,1.384,0.3429,37.9693,0
PM-027,20,1.4188,0.3298,37.3366,0
PM-027,21,1.4123,0.3437,37.6023,0
PM-027,22,1.3614,0.3402,37.5998,0
PM-027,23,1.411,0.3416,37.8666,0
PM-027,24,1.3931,0.366,37.6445,0
PM-027,25,1.3862,0.3362,37.3376,0
PM-027,26,1.4028,0.3766,37.8845,0
PM-027,27,1.4048,0.3287,37.2945,0
PM-027,28,1.4155,0.3541,37.4582,0
PM-027,29,1.3622,0.3442,37.3792,0
PM-027,30,1.3859,0.3279,37.8907,0
PM-027,31,1.3843,0.3548,37.7648,0
PM-027,32,1.3849,0.3444,38.1767,0
PM-027,33,1.3759,0.3346,37.0188,0
PM-027,34,1.3936,0.3157,37.5024,0
PM-027,35,1.3603,0.358,37.5983,0
PM-027,36,1.3299,0.3326,37.5058,0
PM-027,37,1.407,0.3602,37.7672,0
PM-027,38,1.4026,0.3534,37.8433,0
PM-027,39,1.3967,0.3439,37.7041,0
PM-027,40,1.4198,0.3119,36.9605,0
PM-027,41,1.4077,0.3337,37.6697,0
PM-027,42,1.3959,0.3796,37.8514,0
PM-027,43,1.4166,0.3425,37.4071,0
PM-027,44,1.3796,0.3655,37.8061,0
PM-027,45,1.398,0.3728,37.607,0
PM-027,46,1.3811,0.342,37.9713,0
PM-027,47,1.3691,0.3464,38.1317,0
PM-027,48,1.4046,0.3442,38.2266,0
PM-027,49,1.4035,0.323,37.5971,0
PM-027,50,1.4208,0.3497,38.1146,0
PM-027,51,1.375,0.3459,37.7556,0
PM-027,52,1.3716,0.3471,37.7762,0
PM-027,53,1.3712,0.3249,38.0051,0
PM-027,54,1.3988,0.312,37.445,0
PM-027,55,1.3981,0.313,37.3723,0
PM-027,56,1.3901,0.3424,37.3324,0
PM-027,57,1.3937,0.3411,37.5906,0
PM-027,58,1.4027,0.3192,37.863,0
PM-027,59,1.407,0.3544,37.5951,0
PM-027,60,1.3925,0.3453,37.671,0
PM-027,61,1.4123,0.3585,37.5642,0
PM-027,62,1.4083,0.3545,37.8566,0
PM-027,63,1.3888,0.3664,37.8912,0
PM-027,64,1.3747,0.3351,38.1047,0
PM-027,65,1.3594,0.3468,38.2788,0
PM-027,66,1.418,0.3625,37.2912,0
PM-027,67,1.4124,0.3702,37.5559,0
PM-027,68,1.3966,0.3623,37.5841,0
PM-027,69,1.3662,0.3063,37.7435,0
PM-027,70,1.3864,0.3059,37.4093,0
PM-027,71,1.3887,0.3399,37.9878,0
PM-027,72,1.4097,0.345,37.2666,0
PM-027,73,1.4106,0.3692,38.1683,0
PM-027,74,1.391,0.356,37.4551,0
PM-027,75,1.38,0.358,37.2734,0
PM-027,76,1.3868,0.3644,37.4985,0
PM-027,77,1.3758,0.3771,37.8181,0
PM-027,78,1.3637,0.3522,37.6126,0
PM-027,79,1.4127,0.3547,37.6356,0
PM-027,80,1.4018,0.3519,37.769,0
PM-027,81,1.389,0.3255,37.5823,0
PM-027,82,1.3874,0.3462,37.9797,0
PM-027,83,1.4256,0.3579,37.8925,0
PM-027,84,1.3947,0.3414,37.8696,0
PM-027,85,1.416,0.3615,37.6062,0
PM-027,86,1.3982,0.3762,36.9209,0
PM-027,87,1.4161,0.342,37.5467,0
PM-027,88,1.3908,0.3194,37.5858,0
PM-027,89,1.4221,0.3427,37.6019,0
PM-027,90,1.3787,0.3475,36.8811,0
PM-027,91,1.3806,0.353,37.2508,0
PM-027,92,1.3717,0.3402,37.7981,0
PM-027,93,1.4167,0.3472,37.5547,0
PM-027,94,1.4046,0.3438,37.8692,0
PM-027,95,1.4262,0.3448,37.307,0
PM-027,96,1.3953,0.3774,37.7438,0
PM-027,97,1.3769,0.3477,37.6269,0
PM-027,98,1.3799,0.3661,37.8341,0
PM-027,99,1.4197,0.3008,37.7328,0
PM-027,100,1.3981,0.3324,37.7801,0
PM-027,101,1.3772,0.3231,37.8667,0
PM-027,102,1.3934,0.3226,38.0798,0
PM-027,103,1.3977,0.3351,37.1591,0
PM-027,104,1.3744,0.3226,38.1627,0
PM-027,105,1.4365,0.3655,37.1508,0
PM-027,106,1.4073,0.3822,37.408,0
PM-027,107,1.3947,0.3741,37.7533,0
PM-027,108,1.4099,0.3369,37.2099,0
PM-027,109,1.4061,0.3397,37.4522,0
PM-027,110,1.3806,0.3596,37.7924,0
PM-027,111,1.4348,0.3645,37.6949,0
PM-027,112,1.3986,0.3631,37.6937,0
PM-027,113,1.4214,0.3499,37.8496,0
PM-027,114,1.4266,0.3238,38.0716,0
PM-027,115,1.426,0.3438,37.6855,0
PM-027,116,1.3905,0.3389,38.033,0
PM-027,117,1.3686,0.3495,37.266,0
PM-027,118,1.3864,0.3306,37.682,0
PM-027,119,1.4075,0.3651,37.6501,0
PM-027,120,1.4361,0.3408,37.8855,0
PM-027,121,1.4245,0.3423,37.8287,0
PM-027,122,1.3468,0.3644,37.4068,0
PM-027,123,1.4279,0.3468,37.9432,0
PM-027,124,1.3848,0.3949,37.7088,0
PM-027,125,1.4437,0.3474,37.5517,0
PM-027,126,1.4103,0.3657,37.9285,0
PM-027,127,1.408,0.3481,37.9104,0
PM-027,128,1.4051,0.3452,37.6051,0
PM-027,129,1.4256,0.3276,37.9159,0
PM-027,130,1.4122,0.3808,36.6978,0
PM-027,131,1.3658,0.3339,37.4601,0
PM-027,132,1.4156,0.3273,37.5634,0
PM-027,133,1.3828,0.3428,38.0688,0
PM-027,134,1.408,0.338,37.2345,0
PM-027,135,1.4073,0.3374,37.5685,0
PM-027,136,1.3916,0.3638,37.5445,0
PM-027,137,1.3883,0.3335,37.4214,0
PM-027,138,1.4148,0.3473,37.5903,0
PM-027,139,1.37,0.3316,37.8096,0
PM-027,140,1.3922,0.3439,37.7558,0
PM-027,141,1.4094,0.3576,37.5642,0
PM-027,142,1.3941,0.3551,36.978,0
PM-027,143,1.3998,0.3578,37.441,0
PM-027,144,1.371,0.3686,37.4117,0
PM-027,145,1.3957,0.3518,37.3759,0
PM-027,146,1.365,0.3514,37.2313,0
PM-027,147,1.41,0.3449,38.293,0
PM-027,148,1.3994,0.3364,37.8857,0
PM-027,149,1.418,0.327,37.7784,0
PM-027,150,1.4034,0.3617,37.3412,0
PM-027,151,1.4109,0.3533,37.5763,0
PM-027,152,1.45,0.3293,37.5761,0
PM-027,153,1.3786,0.3522,38.1607,0
PM-027,154,1.4252,0.3077,38.1226,0
PM-027,155,1.3865,0.3367,37.6936,0
PM-027,156,1.3908,0.3421,37.4285,0
PM-027,157,1.4029,0.3654,37.6925,0
PM-027,158,1.3945,0.3564,38.0291,0
PM-027,159,1.3991,0.3448,37.8387,0
PM-027,160,1.3828,0.3164,37.8322,0
PM-027,161,1.3881,0.3392,37.0781,0
PM-027,162,1.3816,0.3419,38.0809,0
PM-027,163,1.4316,0.3444,37.8132,0
PM-027,164,1.3736,0.349,37.5256,0
PM-027,165,1.3649,0.3641,37.7085,0
PM-027,166,1.4104,0.3413,36.9555,0
PM-027,167,1.368,0.3609,37.5753,0
PM-027,168,1.4087,0.3408,37.6768,0
PM-027,169,1.3965,0.3333,37.7269,0
PM-027,170,1.4274,0.3398,37.1503,0
PM-027,171,1.4109,0.3266,37.3535,0
PM-027,172,1.391,0.3566,37.7943,0
PM-027,173,1.3901,0.3274,38.4536,0
PM-027,174,1.4002,0.3595,37.794,0
PM-027,175,1.4266,0.3312,37.7583,0
PM-027,176,1.3901,0.3309,38.0396,0
PM-027,177,1.3776,0.3544,38.1546,0
PM-027,178,1.4298,0.3333,37.9411,0
PM-027,179,1.4083,0.3295,37.092,0
PM-027,180,1.3966,0.3653,38.5218,0
PM-027,181,1.3844,0.3499,37.3369,0
PM-027,182,1.4282,0.352,37.7807,0
PM-027,183,1.3991,0.3346,37.9221,0
PM-027,184,1.4171,0.3664,37.9666,0
PM-027,185,1.3774,0.3442,37.7784,0
PM-027,186,1.3839,0.33,37.5645,0
PM-027,187,1.3996,0.3973,38.0375,0
PM-027,188,1.3822,0.3362,37.3282,0
PM-027,189,1.4116,0.3414,37.6084,0
PM-027,190,1.3869,0.3816,38.0396,0
PM-027,191,1.3766,0.33,38.0113,0
PM-027,192,1.3774,0.3669,37.8671,0
PM-027,193,1.3781,0.357,37.7711,0
PM-027,194,1.3649,0.3472,37.5422,0
PM-027,195,1.4039,0.3447,37.7616,0
PM-027,196,1.3841,0.3454,37.2527,0
PM-027,197,1.3885,0.3408,37.2174,0
PM-027,198,1.3977,0.3715,37.4358,0
PM-027,199,1.423,0.3514,37.0603,0
PM-027,200,1.4522,0.3334,37.6556,0
PM-027,201,1.4138,0.3466,37.8942,0
PM-027,202,1.4338,0.3336,37.582,0
PM-027,203,1.399,0.337,37.6823,0
PM-027,204,1.4356,0.3229,37.6034,0
PM-027,205,1.4019,0.3566,37.8094,0
PM-027,206,1.4417,0.3283,37.7525,0
PM-027,207,1.4237,0.3222,37.1936,0
PM-027,208,1.4193,0.3472,38.012,0
PM-027,209,1.4256,0.3526,37.675,0
PM-027,210,1.4162,0.34,37.6564,0
PM-027,211,1.4132,0.3558,38.0825,0
PM-027,212,1.4732,0.3575,37.7504,0
PM-027,213,1.4072,0.3319,37.2358,0
PM-027,214,1.438,0.3587,37.7279,0
PM-027,215,1.4582,0.3542,37.4246,0
PM-027,216,1.4494,0.3503,37.9829,0
PM-027,217,1.4545,0.3436,37.2337,0
PM-027,218,1.4441,0.3506,37.5979,0
PM-027,219,1.4342,0.3249,37.3273,0
PM-027,220,1.4611,0.3618,37.7268,0
PM-027,221,1.4507,0.3365,37.7939,0
PM-027,222,1.4799,0.3369,36.9571,0
PM-027,223,1.4824,0.342,38.1686,0
PM-027,224,1.4726,0.3468,37.585,0
PM-027,225,1.4914,0.3531,37.3133,0
PM-027,226,1.4593,0.3637,37.508,0
PM-027,227,1.5,0.342,37.0884,0
PM-027,228,1.5202,0.359,37.8122,0
PM-027,229,1.4764,0.3579,37.7311,0
PM-027,230,1.4844,0.3431,37.6273,0
PM-027,231,1.4901,0.3519,37.9077,0
PM-027,232,1.4958,0.3455,37.6154,0
PM-027,233,1.5248,0.3499,37.9579,0
PM-027,234,1.4983,0.347,37.8216,0
PM-027,235,1.5287,0.3415,37.6387,0
PM-027,236,1.5014,0.3182,37.555,0
PM-027,237,1.5148,0.3409,37.3246,0
PM-027,238,1.5354,0.3575,37.6295,0
PM-027,239,1.5111,0.3385,37.64,0
PM-027,240,1.5476,0.3273,37.4823,0
PM-027,241,1.5367,0.36,37.2528,0
PM-027,242,1.5222,0.3159,38.0416,0
PM-027,243,1.518,0.3603,38.0776,0
PM-027,244,1.5714,0.328,37.9532,0
PM-027,245,1.5628,0.3716,36.9868,0
PM-027,246,1.5378,0.3338,37.5053,0
PM-027,247,1.569,0.3907,37.9046,0
PM-027,248,1.5641,0.3559,37.4826,0
PM-027,249,1.5677,0.364,37.821,0
PM-027,250,1.5598,0.3897,37.9487,0
PM-027,251,1.5487,0.3814,37.7258,0
PM-027,252,1.5544,0.4031,37.7401,0
PM-027,253,1.5791,0.386,37.8194,0
PM-027,254,1.5949,0.3579,38.0701,0
PM-027,255,1.5863,0.3821,37.4251,0
PM-027,256,1.5636,0.3667,37.5041,0
PM-027,257,1.586,0.3624,38.1785,0
PM-027,258,1.598,0.369,37.942,0
PM-027,259,1.581,0.3753,38.0377,0
PM-027,260,1.5812,0.3898,37.9216,0
PM-027,261,1.6212,0.395,37.1304,0
PM-027,262,1.5794,0.415,37.9076,0
PM-027,263,1.6171,0.3846,37.3468,0
PM-027,264,1.5788,0.3897,37.7623,0
PM-027,265,1.6394,0.3981,37.6411,0
PM-027,266,1.6322,0.3946,37.6046,0
PM-027,267,1.6184,0.3962,37.7952,0
PM-027,268,1.6224,0.409,37.3518,0
PM-027,269,1.6394,0.4335,37.871,0
PM-027,270,1.6113,0.3868,37.6123,0
PM-027,271,1.6413,0.4023,37.5528,0
PM-027,272,1.6551,0.3908,37.7441,0
PM-027,273,1.6146,0.4295,37.878,0
PM-027,274,1.6383,0.4232,37.3756,0
PM-027,275,1.6591,0.427,37.6338,0
PM-027,276,1.6298,0.4245,37.5365,0
PM-027,277,1.6645,0.4499,37.8474,0
PM-027,278,1.6447,0.4492,37.5283,0
PM-027,279,1.6607,0.4233,37.6555,0
PM-027,280,1.6235,0.4136,37.63,0
PM-027,281,1.6673,0.4317,37.9092,0
PM-027,282,1.6221,0.443,38.0466,0
PM-027,283,1.6833,0.4479,37.9473,0
PM-027,284,1.6468,0.4219,37.5547,0
PM-027,285,1.6721,0.445,37.2872,0
PM-027,286,1.6721,0.4588,37.5418,0
PM-027,287,1.6486,0.4229,37.947,0
PM-027,288,1.7133,0.437,37.9061,0
PM-027,289,1.6995,0.4294,37.7992,0
PM-027,290,1.704,0.4486,37.5274,0
PM-027,291,1.6979,0.4433,37.9997,0
PM-027,292,1.6962,0.4507,37.6053,0
PM-027,293,1.7197,0.4571,37.5134,0
PM-027,294,1.6711,0.464,37.5635,0
PM-027,295,1.6822,0.47,37.3217,0
PM-027,296,1.6964,0.4727,37.7876,0
PM-027,297,1.714,0.4637,37.5216,0
PM-027,298,1.6982,0.4656,38.0359,0
PM-027,299,1.6967,0.4333,37.5477,0
PM-027,300,1.7526,0.4682,37.8285,0
PM-027,301,1.7268,0.466,38.2826,0
PM-027,302,1.7237,0.4946,37.9461,0
PM-027,303,1.7334,0.4651,38.2902,0
PM-027,304,1.7311,0.4848,38.5468,0
PM-027,305,1.7435,0.4875,38.3847,0
PM-027,306,1.7545,0.48,37.9708,0
PM-027,307,1.7533,0.4808,38.2102,0
PM-027,308,1.7225,0.5165,38.0605,0
PM-027,309,1.7627,0.5028,38.8258,0
PM-027,310,1.7603,0.4895,38.3447,0
PM-027,311,1.7398,0.5174,38.3143,0
PM-027,312,1.7955,0.4899,39.235,0
PM-027,313,1.7499,0.4908,38.324,0
PM-027,314,1.7534,0.5095,38.3221,0
PM-027,315,1.7469,0.4925,39.2299,0
PM-027,316,1.7505,0.511,38.4002,0
PM-027,317,1.7855,0.5127,39.2275,0
PM-027,318,1.7707,0.5189,39.0953,0
PM-027,319,1.7753,0.5178,38.3836,0
PM-027,320,1.7948,0.5195,38.6603,0
PM-027,321,1.7644,0.5147,38.5845,0
PM-027,322,1.7942,0.5303,38.4683,0
PM-027,323,1.7786,0.5472,39.2308,0
PM-027,324,1.7703,0.5179,38.5582,0
PM-027,325,1.8247,0.5271,39.1934,0
PM-027,326,1.8289,0.526,39.2895,0
PM-027,327,1.83,0.5194,38.8864,0
PM-027,328,1.8473,0.5227,38.6053,0
PM-027,329,1.8002,0.5257,39.9728,0
PM-027,330,1.8288,0.5348,39.2131,0
PM-027,331,1.8346,0.5559,39.6224,0
PM-027,332,1.8426,0.5655,39.5546,0
PM-027,333,1.8172,0.5379,39.9555,0
PM-027,334,1.8451,0.5487,39.4705,0
PM-027,335,1.8176,0.5487,39.3865,0
PM-027,336,1.8324,0.5687,39.7,0
PM-027,337,1.8354,0.555,40.0822,0
PM-027,338,1.8794,0.5377,40.2065,0
PM-027,339,1.8625,0.5386,39.6057,0
PM-027,340,1.8688,0.5676,39.4318,1
PM-027,341,1.8363,0.5694,40.2837,1
PM-027,342,1.8641,0.532,39.8422,1
PM-027,343,1.8397,0.576,39.9716,1
PM-027,344,1.8731,0.5704,39.814,1
PM-027,345,1.8833,0.5874,40.4981,1
PM-027,346,1.8732,0.5706,40.0878,1
PM-027,347,1.8974,0.5984,40.1267,1
PM-027,348,1.8535,0.5607,40.0887,1
PM-027,349,1.885,0.5587,40.2627,1
PM-027,350,1.871,0.5832,40.4223,1
PM-027,351,1.8938,0.581,40.5972,1
PM-027,352,1.9266,0.5869,40.6709,1
PM-027,353,1.9396,0.5847,41.084,1
PM-027,354,1.919,0.575,40.7412,1
PM-027,355,1.9104,0.6053,40.5132,1
PM-027,356,1.8849,0.6067,40.4997,1
PM-027,357,1.8975,0.5741,40.607,1
PM-027,358,1.9023,0.5955,40.9523,1
PM-027,359,1.9077,0.6133,41.3363,1
PM-027,360,1.8996,0.5767,41.1415,1
PM-027,361,1.9371,0.5923,40.977,1
PM-027,362,1.9393,0.6227,41.2631,1
PM-027,363,1.9239,0.6009,41.2421,1
PM-027,364,1.928,0.6203,41.3497,1
PM-027,365,1.9018,0.6103,41.6736,1
PM-027,366,1.8847,0.5944,41.0337,1
PM-027,367,1.9491,0.6092,41.4232,1
PM-027,368,1.9489,0.6262,41.2428,1
PM-027,369,1.9359,0.618,41.9912,1
PM-027,370,1.9412,0.6324,41.7625,1
PM-027,371,1.9705,0.6385,41.6179,1
PM-027,372,1.9617,0.6647,41.4326,1
PM-027,373,1.9449,0.6122,41.7633,1
PM-027,374,1.9489,0.6157,41.7628,1
PM-027,375,1.934,0.6526,42.1259,1
PM-027,376,1.9999,0.6757,41.3783,1
PM-027,377,1.9646,0.6574,42.3009,1
PM-027,378,1.9882,0.6244,42.0573,1
PM-027,379,1.9954,0.6371,41.7976,1
PM-027,380,1.9718,0.6359,42.1613,1
PM-027,381,1.9518,0.6711,41.9637,1
PM-027,382,1.9635,0.6426,42.267,1
PM-027,383,1.9558,0.6422,42.2204,1
PM-027,384,1.9766,0.6385,42.5766,1
PM-027,385,2.0118,0.6687,42.5155,1
PM-027,386,1.9727,0.6568,42.8052,1
PM-027,387,1.9755,0.6445,42.5329,1
PM-027,388,2.0181,0.6716,42.6016,1
PM-027,389,1.986,0.6709,42.3726,1
PM-027,390,2.0161,0.6638,42.5171,1
PM-027,391,2.0591,0.65,42.4435,1
PM-027,392,2.037,0.696,42.9187,1
PM-027,393,2.0143,0.6602,43.0299,1
PM-027,394,2.0219,0.6663,43.1453,1
PM-027,395,2.0222,0.6566,42.9132,1
PM-027,396,2.0215,0.6635,43.0228,1
PM-027,397,2.0407,0.6428,43.3113,1
PM-027,398,2.0549,0.681,42.8,1
PM-027,399,2.0488,0.6849,42.9307,1
PM-027,400,2.031,0.6896,43.5418,1
PM-027,401,2.0181,0.6937,42.9304,1
PM-027,402,2.0539,0.6998,42.8796,1
PM-027,403,2.0622,0.6972,43.6943,1
PM-027,404,2.0544,0.6997,43.4845,1
PM-027,405,2.0855,0.6703,42.9429,1
PM-027,406,2.0583,0.7052,42.9659,1
PM-027,407,2.0623,0.6905,43.1278,1
PM-027,408,2.0632,0.7146,44.1241,1
PM-027,409,2.1122,0.7248,43.7192,1
PM-027,410,2.0709,0.7105,43.7198,1
PM-027,411,2.0987,0.7343,43.3792,1
PM-027,412,2.0735,0.7268,43.7437,1
PM-027,413,2.0744,0.732,43.6824,1
PM-027,414,2.099,0.712,44.5532,1
PM-027,415,2.1141,0.7139,44.0246,1
PM-027,416,2.104,0.7147,43.8999,1
PM-027,417,2.1122,0.723,43.6261,1
PM-027,418,2.1099,0.7397,44.0029,1
PM-027,419,2.0864,0.7473,44.2004,1
PM-027,420,2.1034,0.7283,44.6439,1
PM-027,421,2.1134,0.7383,44.2137,1
PM-027,422,2.1117,0.729,44.4605,1
PM-027,423,2.0924,0.7394,44.257,1
PM-027,424,2.1075,0.7447,44.4203,1
PM-027,425,2.1011,0.7269,44.5335,1
PM-027,426,2.1085,0.7174,44.7736,1
PM-027,427,2.1026,0.739,44.3047,1
PM-027,428,2.1117,0.7516,44.4362,1
PM-027,429,2.1293,0.7215,45.2109,1
PM-027,430,2.1441,0.7717,45.1225,1
PM-027,431,2.1639,0.7492,44.8062,1
PM-027,432,2.1234,0.7563,44.4723,1
PM-027,433,2.1748,0.7706,45.0856,1
PM-027,434,2.1385,0.7768,44.4777,1
PM-027,435,2.1508,0.7637,45.4939,1
PM-027,436,2.1302,0.7839,45.4056,1
PM-027,437,2.1835,0.7571,45.2464,1
PM-027,438,2.1805,0.7722,45.2718,1
PM-027,439,2.1754,0.7604,45.022,1
PM-027,440,2.1844,0.763,45.3707,1
PM-027,441,2.1464,0.771,45.7762,1
PM-027,442,2.1796,0.7942,45.8822,1
PM-027,443,2.1965,0.785,45.4002,1
PM-027,444,2.1773,0.7757,45.8143,1
PM-027,445,2.1892,0.7956,46.0317,1
PM-027,446,2.2267,0.7953,45.7989,1
PM-027,447,2.1872,0.8011,45.3892,1
PM-027,448,2.1964,0.7738,45.3094,1
PM-027,449,2.204,0.7765,45.589,1
PM-027,450,2.2095,0.8077,46.395,1
PM-027,451,2.1662,0.7826,45.2917,1
PM-027,452,2.1818,0.8054,45.9007,1
PM-027,453,2.1783,0.8047,46.4266,1
PM-027,454,2.1925,0.8082,46.4952,1
PM-027,455,2.1991,0.8027,45.6278,1
PM-027,456,2.247,0.8124,45.9397,1
PM-027,457,2.2194,0.8223,45.6956,1
PM-027,458,2.2099,0.8137,46.4962,1
PM-027,459,2.2386,0.7908,46.5813,1
PM-027,460,2.2563,0.8297,46.3411,1
PM-027,461,2.2245,0.8384,46.2478,1
PM-027,462,2.2418,0.8327,46.8222,1
PM-027,463,2.2278,0.8405,46.3317,1
PM-027,464,2.2615,0.833,46.5687,1
PM-027,465,2.2213,0.8101,46.899,1
PM-027,466,2.2611,0.8357,46.5705,1
PM-027,467,2.2475,0.8365,46.6094,1
PM-027,468,2.2674,0.814,46.7866,1
PM-027,469,2.247,0.8372,46.4866,1
PM-027,470,2.2906,0.8115,47.1829,1
PM-027,471,2.2615,0.8473,47.0594,1
PM-027,472,2.2606,0.834,47.2881,1
PM-027,473,2.2774,0.8382,46.9067,1
PM-027,474,2.2727,0.8692,47.531,1
PM-027,475,2.3145,0.8713,46.9218,1
PM-027,476,2.2852,0.8397,47.4545,1
PM-027,477,2.2838,0.8444,47.1215,1
PM-027,478,2.2754,0.8635,47.4524,1
PM-027,479,2.2792,0.8687,47.4444,1
PM-028,0,1.4177,0.2549,37.9948,0
PM-028,1,1.469,0.2815,37.9685,0
PM-028,2,1.4503,0.2599,38.0732,0
PM-028,3,1.4529,0.2646,37.7606,0
PM-028,4,1.4544,0.2655,37.8853,0
PM-028,5,1.4903,0.2538,37.3563,0
PM-028,6,1.4767,0.2843,38.2233,0
PM-028,7,1.4898,0.2841,37.3782,0
PM-028,8,1.4591,0.2672,37.8726,0
PM-028,9,1.4374,0.2807,37.9426,0
PM-028,10,1.458,0.279,37.9472,0
PM-028,11,1.4373,0.2773,37.704,0
PM-028,12,1.4748,0.2846,37.5566,0
PM-028,13,1.4664,0.2935,37.8493,0
PM-028,14,1.4459,0.2565,37.1322,0
PM-028,15,1.4743,0.2522,37.4176,0
PM-028,16,1.4541,0.2772,38.1635,0
PM-028,17,1.4594,0.2684,37.642,0
PM-028,18,1.4217,0.2941,37.9881,0
PM-028,19,1.4575,0.2939,38.0446,0
PM-028,20,1.4628,0.2719,37.7335,0
PM-028,21,1.4224,0.2885,37.6632,0
PM-028,22,1.4733,0.2835,37.7526,0
PM-028,23,1.4688,0.2608,37.2799,0
PM-028,24,1.4489,0.279,37.98,0
PM-028,25,1.4538,0.2589,38.1134,0
PM-028,26,1.4448,0.2783,37.8733,0
PM-028,27,1.4534,0.2433,37.5205,0
PM-028,28,1.4613,0.2961,37.9256,0
PM-028,29,1.4617,0.2426,38.0392,0
PM-028,30,1.4705,0.281,37.8031,0
PM-028,31,1.4621,0.2909,37.7063,0
PM-028,32,1.4595,0.2679,37.7268,0
PM-028,33,1.4543,0.2816,37.5729,0
PM-028,34,1.4496,0.2774,37.6834,0
PM-028,35,1.4551,0.2546,37.8872,0
PM-028,36,1.4398,0.2518,37.8088,0
PM-028,37,1.4587,0.279,37.8571,0
PM-028,38,1.4604,0.2945,37.9727,0
PM-028,39,1.4707,0.281,37.9818,0
PM-028,40,1.4434,0.2822,38.0709,0
PM-028,41,1.4478,0.2931,37.6213,0
PM-028,42,1.4615,0.2573,37.9627,0
PM-028,43,1.4765,0.2721,37.3228,0
PM-028,44,1.4527,0.2592,37.7497,0
PM-028,45,1.4687,0.2795,37.2565,0
PM-028,46,1.4455,0.2755,38.1377,0
PM-028,47,1.449,0.2799,37.7749,0
PM-028,48,1.4402,0.2656,37.6647,0
PM-028,49,1.4774,0.2608,37.6681,0
PM-028,50,1.44,0.292,37.8372,0
PM-028,51,1.4794,0.2325,38.0004,0
PM-028,52,1.434,0.2636,37.6653,0
PM-028,53,1.4516,0.2722,37.5089,0
PM-028,54,1.4499,0.271,37.2263,0
PM-028,55,1.4589,0.2727,37.7798,0
PM-028,56,1.442,0.2728,37.0715,0
PM-028,57,1.4412,0.2657,37.7071,0
PM-028,58,1.4514,0.2868,37.3885,0
PM-028,59,1.4664,0.3025,37.5757,0
PM-028,60,1.4666,0.2939,38.1439,0
PM-028,61,1.4461,0.2887,37.9801,0
PM-028,62,1.4761,0.2828,38.0731,0
PM-028,63,1.4474,0.2656,37.0681,0
PM-028,64,1.4435,0.2678,37.181,0
PM-028,65,1.4529,0.2885,37.4483,0
PM-028,66,1.4894,0.278,37.9754,0
PM-028,67,1.451,0.2591,37.8849,0
PM-028,68,1.4672,0.2699,37.7987,0
PM-028,69,1.4518,0.2627,37.8206,0
PM-028,70,1.4379,0.2839,38.4177,0
PM-028,71,1.474,0.2697,37.827,0
PM-028,72,1.4746,0.271,37.8896,0
PM-028,73,1.4663,0.2764,37.7791,0
PM-028,74,1.473,0.2984,37.6954,0
PM-028,75,1.4768,0.2501,37.8674,0
PM-028,76,1.4083,0.2608,37.4114,0
PM-028,77,1.4847,0.2682,37.7075,0
PM-028,78,1.4476,0.2508,37.8082,0
PM-028,79,1.4535,0.2603,38.136,0
PM-028,80,1.4789,0.2536,37.5161,0
PM-028,81,1.4614,0.2655,37.6568,0
PM-028,82,1.4316,0.2573,37.5661,0
PM-028,83,1.4546,0.2754,37.4771,0
PM-028,84,1.429,0.2538,38.0188,0
PM-028,85,1.4945,0.2789,36.952,0
PM-028,86,1.4633,0.2902,37.5273,0
PM-028,87,1.4696,0.2885,38.1088,0
PM-028,88,1.4403,0.2736,37.7767,0
PM-028,89,1.4783,0.2663,38.0047,0
PM-028,90,1.4574,0.2868,37.9495,0
PM-028,91,1.4389,0.2765,37.5149,0
PM-028,92,1.4515,0.2987,37.595,0
PM-028,93,1.4398,0.2697,37.9247,0
PM-028,94,1.4653,0.2779,37.483,0
PM-028,95,1.447,0.2936,37.2669,0
PM-028,96,1.4571,0.2692,37.8626,0
PM-028,97,1.4547,0.2499,37.8986,0
PM-028,98,1.4325,0.2547,37.7373,0
PM-028,99,1.4438,0.2605,37.6055,0
PM-028,100,1.4373,0.2957,37.8162,0
PM-028,101,1.4488,0.2838,37.6655,0
PM-028,102,1.4468,0.2864,37.5139,0
PM-028,103,1.4315,0.2823,37.7712,0
PM-028,104,1.4551,0.2672,37.9008,0
PM-028,105,1.4246,0.2434,37.603,0
PM-028,106,1.4646,0.2911,37.8865,0
PM-028,107,1.4335,0.2587,38.0852,0
PM-028,108,1.4701,0.2807,37.9983,0
PM-028,109,1.4553,0.2693,37.6741,0
PM-028,110,1.4647,0.276,37.1325,0
PM-028,111,1.4696,0.2812,37.8199,0
PM-028,112,1.4802,0.2603,37.4023,0
PM-028,113,1.462,0.2611,38.222,0
PM-028,114,1.4381,0.2617,37.6012,0
PM-028,115,1.446,0.2669,37.6432,0
PM-028,116,1.4447,0.2491,37.8735,0
PM-028,117,1.4433,0.2702,37.3579,0
PM-028,118,1.4215,0.271,38.1885,0
PM-028,119,1.4824,0.2588,37.5001,0
PM-028,120,1.4554,0.2325,37.5463,0
PM-028,121,1.4564,0.269,37.1523,0
PM-028,122,1.4154,0.251,37.6989,0
PM-028,123,1.4353,0.2958,37.3211,0
PM-028,124,1.4765,0.2544,38.4769,0
PM-028,125,1.4652,0.2392,38.0872,0
PM-028,126,1.4427,0.2864,37.7188,0
PM-028,127,1.4449,0.2686,37.3707,0
PM-028,128,1.4432,0.2531,37.5805,0
PM-028,129,1.4559,0.2883,38.1681,0
PM-028,130,1.4517,0.2556,37.7066,0
PM-028,131,1.4487,0.2922,37.9847,0
PM-028,132,1.4566,0.2953,37.5702,0
PM-028,133,1.4645,0.2649,37.5806,0
PM-028,134,1.4106,0.274,37.7608,0
PM-028,135,1.4492,0.2793,38.022,0
PM-028,136,1.4516,0.2815,37.8342,0
PM-028,137,1.4735,0.2804,38.2689,0
PM-028,138,1.4573,0.2584,38.1006,0
PM-028,139,1.4648,0.2796,37.2592,0
PM-028,140,1.4818,0.2875,37.8163,0
PM-028,141,1.395,0.2674,38.2959,0
PM-028,142,1.4615,0.2543,37.5549,0
PM-028,143,1.444,0.2894,37.2694,0
PM-028,144,1.4731,0.2843,38.3948,0
PM-028,145,1.4626,0.2539,37.7077,0
PM-028,146,1.4321,0.2783,38.245,0
PM-028,147,1.4348,0.2864,37.5364,0
PM-028,148,1.421,0.2964,37.7919,0
PM-028,149,1.4618,0.2854,37.2119,0
PM-028,150,1.4467,0.2478,37.5651,0
PM-028,151,1.475,0.2792,37.537,0
PM-028,152,1.4525,0.2703,37.8154,0
PM-028,153,1.4395,0.2706,37.7675,0
PM-028,154,1.4605,0.2757,37.2307,0
PM-028,155,1.4268,0.2818,37.6458,0
PM-028,156,1.4431,0.2687,37.6463,0
PM-028,157,1.4166,0.2984,37.6883,0
PM-028,158,1.4523,0.2736,38.0108,0
PM-028,159,1.4656,0.2713,37.4603,0
PM-028,160,1.4767,0.2733,37.9006,0
PM-028,161,1.4303,0.2822,37.2946,0
PM-028,162,1.444,0.2744,38.2433,0
PM-028,163,1.4651,0.294,37.8601,0
PM-028,164,1.4298,0.2559,37.9505,0
PM-028,165,1.4319,0.2493,37.4293,0
PM-028,166,1.4573,0.2605,38.0986,0
PM-028,167,1.4605,0.2753,37.8384,0
PM-028,168,1.4641,0.2817,37.477,0
PM-028,169,1.4772,0.2819,37.6036,0
PM-028,170,1.4674,0.2525,37.9786,0
PM-028,171,1.4577,0.2403,38.3215,0
PM-028,172,1.4258,0.2811,38.1464,0
PM-028,173,1.3997,0.2759,37.988,0
PM-028,174,1.4743,0.2907,37.9999,0
PM-028,175,1.4453,0.2793,38.3255,0
PM-028,176,1.4772,0.2624,38.0417,0
PM-028,177,1.4791,0.2593,37.7158,0
PM-028,178,1.4463,0.2863,37.5992,0
PM-028,179,1.4394,0.2888,37.3605,0
PM-028,180,1.4557,0.2615,38.0494,0
PM-028,181,1.4397,0.273,37.0048,0
PM-028,182,1.452,0.2698,37.7436,0
PM-028,183,1.478,0.2814,37.8408,0
PM-028,184,1.4372,0.3045,37.1706,0
PM-028,185,1.428,0.261,37.7791,0
PM-028,186,1.4528,0.2611,37.7749,0
PM-028,187,1.4751,0.2733,37.3443,0
PM-028,188,1.4499,0.2602,37.3027,0
PM-028,189,1.4527,0.2589,37.6229,0
PM-028,190,1.4604,0.2773,38.0836,0
PM-028,191,1.4176,0.2694,38.0257,0
PM-028,192,1.4184,0.2699,37.7823,0
PM-028,193,1.43,0.2623,37.3653,0
PM-028,194,1.4607,0.235,37.4925,0
PM-028,195,1.4439,0.2861,37.2535,0
PM-028,196,1.4873,0.2837,38.0356,0
PM-028,197,1.456,0.2662,37.486,0
PM-028,198,1.4793,0.2672,37.4798,0
PM-028,199,1.4637,0.278,37.3431,0
PM-028,200,1.4549,0.2927,37.45,0
PM-028,201,1.506,0.2645,37.3154,0
PM-028,202,1.5076,0.2986,37.5479,0
PM-028,203,1.5052,0.274,37.7694,0
PM-028,204,1.4927,0.2728,37.7528,0
PM-028,205,1.4897,0.2638,37.5098,0
PM-028,206,1.4698,0.2442,37.6947,0
PM-028,207,1.479,0.2479,37.4754,0
PM-028,208,1.4884,0.2642,38.1399,0
PM-028,209,1.4902,0.2941,37.4968,0
PM-028,210,1.5149,0.2574,38.2368,0
PM-028,211,1.5329,0.2837,38.3154,0
PM-028,212,1.529,0.279,37.3156,0
PM-028,213,1.4676,0.253,37.2162,0
PM-028,214,1.5018,0.2889,37.4021,0
PM-028,215,1.5117,0.2733,37.7497,0
PM-028,216,1.5122,0.2903,37.7294,0
PM-028,217,1.5307,0.3096,38.2432,0
PM-028,218,1.5308,0.2806,37.4455,0
PM-028,219,1.4917,0.2827,37.4049,0
PM-028,220,1.5479,0.3047,37.1593,0
PM-028,221,1.4942,0.2587,37.9651,0
PM-028,222,1.5679,0.2846,37.8084,0
PM-028,223,1.5464,0.2743,38.0773,0
PM-028,224,1.5363,0.2731,37.3757,0
PM-028,225,1.5595,0.2727,38.498,0
PM-028,226,1.5259,0.2865,37.5684,0
PM-028,227,1.5751,0.2837,37.6353,0
PM-028,228,1.5411,0.2566,37.7536,0
PM-028,229,1.5504,0.269,37.3497,0
PM-028,230,1.5782,0.2591,37.5971,0
PM-028,231,1.5975,0.2747,37.9488,0
PM-028,232,1.5552,0.2766,37.8515,0
PM-028,233,1.5581,0.2734,37.5958,0
PM-028,234,1.586,0.2526,37.4072,0
PM-028,235,1.5558,0.2552,37.5344,0
PM-028,236,1.5971,0.2738,37.7488,0
PM-028,237,1.5704,0.2741,38.0991,0
PM-028,238,1.599,0.2887,37.5705,0
PM-028,239,1.5866,0.2864,37.4406,0
PM-028,240,1.5969,0.2835,37.605,0
PM-028,241,1.5856,0.273,37.3087,0
PM-028,242,1.6112,0.2974,37.5706,0
PM-028,243,1.6635,0.2756,37.4996,0
PM-028,244,1.6273,0.2984,37.9231,0
PM-028,245,1.6365,0.2772,37.834,0
PM-028,246,1.5902,0.3092,38.0208,0
PM-028,247,1.6422,0.2946,38.0302,0
PM-028,248,1.6278,0.3182,37.6295,0
PM-028,249,1.6211,0.3059,37.3435,0
PM-028,250,1.626,0.3008,37.3211,0
PM-028,251,1.6358,0.3111,37.973,0
PM-028,252,1.607,0.321,37.0991,0
PM-028,253,1.622,0.3385,37.7683,0
PM-028,254,1.6224,0.2895,37.3422,0
PM-028,255,1.6275,0.3267,37.8865,0
PM-028,256,1.6709,0.2983,37.1242,0
PM-028,257,1.6655,0.3153,37.4833,0
PM-028,258,1.6757,0.3378,38.2392,0
PM-028,259,1.6383,0.3389,37.839,0
PM-028,260,1.6496,0.3407,37.4566,0
PM-028,261,1.6527,0.3382,37.5375,0
PM-028,262,1.6765,0.3192,37.7742,0
PM-028,263,1.6764,0.3144,37.7843,0
PM-028,264,1.6641,0.3165,37.3879,0
PM-028,265,1.6557,0.3239,37.8944,0
PM-028,266,1.6536,0.3363,37.8345,0
PM-028,267,1.704,0.329,37.7709,0
PM-028,268,1.6641,0.3197,37.8308,0
PM-028,269,1.7317,0.3512,37.3575,0
PM-028,270,1.6709,0.3527,37.9383,0
PM-028,271,1.6977,0.3424,37.8788,0
PM-028,272,1.6791,0.363,37.8282,0
PM-028,273,1.6867,0.3484,38.7632,0
PM-028,274,1.7001,0.3602,37.9724,0
PM-028,275,1.713,0.3478,37.5037,0
PM-028,276,1.7088,0.3538,38.1046,0
PM-028,277,1.7474,0.3852,37.6168,0
PM-028,278,1.7395,0.3643,37.3985,0
PM-028,279,1.692,0.3574,37.6795,0
PM-028,280,1.7069,0.3829,38.1684,0
PM-028,281,1.7242,0.3894,37.8498,0
PM-028,282,1.6918,0.338,37.8244,0
PM-028,283,1.7311,0.3566,37.8531,0
PM-028,284,1.7811,0.3738,37.5949,0
PM-028,285,1.7265,0.357,37.9665,0
PM-028,286,1.7351,0.3748,37.5994,0
PM-028,287,1.7788,0.3577,37.9278,0
PM-028,288,1.7673,0.37,37.9039,0
PM-028,289,1.7496,0.3954,37.4313,0
PM-028,290,1.7615,0.3863,37.8847,0
PM-028,291,1.7117,0.3765,37.8978,0
PM-028,292,1.7975,0.4051,37.8432,0
PM-028,293,1.7486,0.396,37.8978,0
PM-028,294,1.8043,0.3803,37.6372,0
PM-028,295,1.812,0.3927,37.9503,0
PM-028,296,1.7538,0.3926,37.9529,0
PM-028,297,1.7705,0.4026,37.9843,0
PM-028,298,1.7827,0.3907,38.2084,0
PM-028,299,1.788,0.3941,37.7705,0
PM-028,300,1.7669,0.4242,37.8504,0
PM-028,301,1.7725,0.3934,37.52,0
PM-028,302,1.8379,0.4117,37.9033,0
PM-028,303,1.79,0.3936,38.2765,0
PM-028,304,1.797,0.4312,38.0638,0
PM-028,305,1.8104,0.4169,38.0687,0
PM-028,306,1.8135,0.4175,38.6767,0
PM-028,307,1.8175,0.4136,38.697,0
PM-028,308,1.8184,0.4151,38.7665,0
PM-028,309,1.8331,0.4114,38.3165,0
PM-028,310,1.8214,0.4217,38.4902,0
PM-028,311,1.8061,0.4317,38.706,0
PM-028,312,1.7965,0.4254,38.5227,0
PM-028,313,1.8338,0.4419,38.9609,0
PM-028,314,1.824,0.4434,38.346,0
PM-028,315,1.8612,0.4271,38.4442,0
PM-028,316,1.8239,0.4613,39.0912,0
PM-028,317,1.8766,0.4462,39.36,0
PM-028,318,1.8368,0.4242,39.115,0
PM-028,319,1.8486,0.4534,39.3071,0
PM-028,320,1.8583,0.4465,39.095,0
PM-028,321,1.863,0.4281,38.9514,0
PM-028,322,1.8985,0.445,39.4175,0
PM-028,323,1.8518,0.4512,38.615,0
PM-028,324,1.8753,0.4483,38.7093,0
PM-028,325,1.8378,0.46,39.1649,0
PM-028,326,1.8528,0.454,38.4833,0
PM-028,327,1.8399,0.4722,39.6301,0
PM-028,328,1.8865,0.4738,39.6591,0
PM-028,329,1.9072,0.4758,39.5911,0
PM-028,330,1.9124,0.4769,39.8045,0
PM-028,331,1.8747,0.4714,39.3425,0
PM-028,332,1.8576,0.4473,39.6707,0
PM-028,333,1.9184,0.4817,40.0494,0
PM-028,334,1.8768,0.4818,40.4513,0
PM-028,335,1.9132,0.4737,39.3857,0
PM-028,336,1.8741,0.4913,40.0122,0
PM-028,337,1.9395,0.4845,39.5529,1
PM-028,338,1.9021,0.4862,39.935,1
PM-028,339,1.9098,0.4933,39.4949,1
PM-028,340,1.8995,0.5087,40.6388,1
PM-028,341,1.8906,0.4727,40.4363,1
PM-028,342,1.9598,0.4972,40.2922,1
PM-028,343,1.9082,0.5112,40.221,1
PM-028,344,1.9569,0.5035,40.4418,1
PM-028,345,1.9122,0.4884,40.231,1
PM-028,346,1.9299,0.5189,40.7152,1
PM-028,347,1.9255,0.473,40.3034,1
PM-028,348,1.9411,0.51,41.123,1
PM-028,349,1.9698,0.5205,40.4306,1
PM-028,350,1.9499,0.5184,41.073,1
PM-028,351,1.9277,0.5261,40.9086,1
PM-028,352,1.9404,0.5344,40.2132,1
PM-028,353,1.9972,0.5367,40.7762,1
PM-028,354,1.9484,0.5185,40.6612,1
PM-028,355,1.9555,0.5334,40.7265,1
PM-028,356,1.9819,0.5195,41.3192,1
PM-028,357,1.9935,0.5103,40.4106,1
PM-028,358,1.9727,0.5312,40.7288,1
PM-028,359,2.0059,0.5241,41.3399,1
PM-028,360,1.961,0.5092,41.5506,1
PM-028,361,1.9603,0.5455,41.0043,1
PM-028,362,1.9775,0.5334,41.297,1
PM-028,363,1.9722,0.5486,41.6399,1
PM-028,364,2.0126,0.5332,41.0737,1
PM-028,365,1.9956,0.5476,41.5745,1
PM-028,366,2.0252,0.5458,42.1435,1
PM-028,367,2.0152,0.5599,41.5924,1
PM-028,368,1.9945,0.5391,41.6734,1
PM-028,369,2.0214,0.5474,41.5595,1
PM-028,370,1.9864,0.5602,41.4024,1
PM-028,371,2.0181,0.5588,41.7336,1
PM-028,372,2.0374,0.5805,41.1955,1
PM-028,373,1.9867,0.5675,42.3877,1
PM-028,374,1.9923,0.5672,41.4084,1
PM-028,375,1.9856,0.594,42.1009,1
PM-028,376,1.9951,0.5618,41.8023,1
PM-028,377,2.0204,0.5624,42.1522,1
PM-028,378,2.0411,0.5589,41.9199,1
PM-028,379,2.0433,0.5615,41.9958,1
PM-028,380,2.0405,0.5738,42.1123,1
PM-028,381,2.0626,0.5829,42.9033,1
PM-028,382,2.0397,0.5882,42.7875,1
PM-028,383,2.0299,0.5743,42.7703,1
PM-028,384,2.0644,0.5814,42.0402,1
PM-028,385,2.0281,0.577,42.2661,1
PM-028,386,2.0416,0.5584,42.1522,1
PM-028,387,2.0427,0.5898,42.5083,1
PM-028,388,2.0646,0.5903,42.1536,1
PM-028,389,2.0879,0.6032,42.7288,1
PM-028,390,2.0592,0.6147,42.4635,1
PM-028,391,2.0925,0.5834,43.2154,1
PM-028,392,2.0853,0.6119,42.9364,1
PM-028,393,2.0881,0.601,42.6201,1
PM-028,394,2.1042,0.5987,43.0066,1
PM-028,395,2.0537,0.6021,43.1487,1
PM-028,396,2.1231,0.6059,42.9791,1
PM-028,397,2.0785,0.5994,43.6698,1
PM-028,398,2.0735,0.6048,43.6134,1
PM-028,399,2.121,0.6479,43.5605,1
PM-028,400,2.106,0.6245,42.9874,1
PM-028,401,2.1022,0.6028,43.7722,1
PM-028,402,2.078,0.6157,43.0805,1
PM-028,403,2.1307,0.624,43.4388,1
PM-028,404,2.09,0.645,43.2213,1
PM-028,405,2.1087,0.6256,43.7134,1
PM-028,406,2.1142,0.6493,43.6211,1
PM-028,407,2.1564,0.616,43.8152,1
PM-028,408,2.1114,0.6296,43.3093,1
PM-028,409,2.1568,0.6546,44.1291,1
PM-028,410,2.1517,0.6773,43.877,1
PM-028,411,2.1693,0.6381,44.0489,1
PM-028,412,2.1552,0.6131,43.8843,1
PM-028,413,2.1374,0.642,43.755,1
PM-028,414,2.1483,0.6498,43.7212,1
PM-028,415,2.1489,0.6428,44.4365,1
PM-028,416,2.1629,0.6371,44.4205,1
PM-028,417,2.1534,0.6517,43.9023,1
PM-028,418,2.1616,0.667,44.1595,1
PM-028,419,2.1923,0.6685,44.0336,1
PM-028,420,2.1691,0.6364,44.0463,1
PM-028,421,2.1322,0.635,44.2996,1
PM-028,422,2.1663,0.6646,44.1718,1
PM-028,423,2.1899,0.6601,44.5861,1
PM-028,424,2.1119,0.6654,44.7814,1
PM-028,425,2.134,0.668,44.3608,1
PM-028,426,2.2134,0.6503,45.2981,1
PM-028,427,2.2116,0.6734,44.2714,1
PM-028,428,2.1797,0.684,44.7874,1
PM-028,429,2.1701,0.6924,44.7778,1
PM-028,430,2.2008,0.6928,45.1235,1
PM-028,431,2.2199,0.6905,44.7102,1
PM-028,432,2.2006,0.7023,44.5587,1
PM-028,433,2.182,0.6923,44.9886,1
PM-028,434,2.1742,0.6968,45.2038,1
PM-028,435,2.2635,0.6913,45.7562,1
PM-028,436,2.2337,0.6622,45.1816,1
PM-028,437,2.2158,0.6912,44.9654,1
PM-028,438,2.2363,0.6895,45.6297,1
PM-028,439,2.244,0.6932,45.1473,1
PM-028,440,2.2154,0.6992,45.4782,1
PM-028,441,2.2207,0.6947,45.5193,1
PM-028,442,2.2535,0.7067,45.4777,1
PM-028,443,2.2407,0.6782,45.4688,1
PM-028,444,2.2139,0.699,45.3161,1
PM-028,445,2.2236,0.6945,46.3404,1
PM-028,446,2.2442,0.7294,45.9233,1
PM-028,447,2.2623,0.7216,46.3731,1
PM-028,448,2.2602,0.6888,45.7474,1
PM-028,449,2.2338,0.6966,45.9814,1
PM-028,450,2.2164,0.7214,45.4099,1
PM-028,451,2.2575,0.7335,45.7605,1
PM-028,452,2.2405,0.7188,46.1945,1
PM-028,453,2.2734,0.7249,45.8099,1
PM-028,454,2.2623,0.7384,46.0731,1
PM-028,455,2.2784,0.7248,45.8264,1
PM-028,456,2.3168,0.744,46.3009,1
PM-028,457,2.2766,0.7557,46.0311,1
PM-028,458,2.2964,0.737,46.2435,1
PM-028,459,2.2806,0.7581,45.8132,1
PM-028,460,2.3226,0.756,46.438,1
PM-028,461,2.2877,0.7426,46.6244,1
PM-028,462,2.3202,0.7521,46.6147,1
PM-028,463,2.2992,0.7193,46.0856,1
PM-028,464,2.3238,0.7561,46.8841,1
PM-028,465,2.3211,0.7603,46.9488,1
PM-028,466,2.291,0.7617,46.8762,1
PM-028,467,2.3377,0.701,47.5096,1
PM-028,468,2.3313,0.7612,46.5591,1
PM-028,469,2.3116,0.7647,47.3983,1
PM-028,470,2.3511,0.7708,47.1687,1
PM-028,471,2.3277,0.7484,46.7669,1
PM-028,472,2.3462,0.7763,46.8691,1
PM-028,473,2.3149,0.7775,47.0159,1
PM-028,474,2.3174,0.775,47.3614,1
PM-028,475,2.3142,0.7669,47.4301,1
PM-028,476,2.3709,0.7785,47.1102,1
PM-028,477,2.326,0.7761,47.3038,1
PM-028,478,2.3025,0.7528,46.6824,1
PM-028,479,2.3491,0.7961,47.6932,1
PM-029,0,1.3261,0.3355,37.8479,0
PM-029,1,1.3233,0.3262,37.9385,0
PM-029,2,1.3509,0.3219,38.0948,0
PM-029,3,1.3203,0.3227,38.0016,0
PM-029,4,1.3422,0.3232,37.4981,0
PM-029,5,1.3103,0.3116,38.0735,0
PM-029,6,1.323,0.3219,38.3186,0
PM-029,7,1.3566,0.3197,37.6479,0
PM-029,8,1.3648,0.3168,37.7241,0
PM-029,9,1.3322,0.3465,37.7194,0
PM-029,10,1.3295,0.3323,38.306,0
PM-029,11,1.3116,0.3271,37.473,0
PM-029,12,1.3647,0.3052,37.965,0
PM-029,13,1.3213,0.3466,38.447,0
PM-029,14,1.3606,0.3213,37.3603,0
PM-029,15,1.3399,0.3258,38.4206,0
PM-029,16,1.3387,0.3113,37.7832,0
PM-029,17,1.3284,0.3205,38.3705,0
PM-029,18,1.3191,0.3363,37.6274,0
PM-029,19,1.3353,0.3217,37.4313,0
PM-029,20,1.3478,0.2881,37.6315,0
PM-029,21,1.3419,0.3306,37.881,0
PM-029,22,1.3135,0.3157,37.764,0
PM-029,23,1.321,0.3246,37.8839,0
PM-029,24,1.3252,0.3316,37.6455,0
PM-029,25,1.3197,0.3417,37.5765,0
PM-029,26,1.3073,0.3143,37.7956,0
PM-029,27,1.3428,0.3056,37.9084,0
PM-029,28,1.3352,0.3002,37.2202,0
PM-029,29,1.3403,0.3171,37.4564,0
PM-029,30,1.3236,0.3204,37.6849,0
PM-029,31,1.3336,0.3197,38.3133,0
PM-029,32,1.3258,0.3329,37.9041,0
PM-029,33,1.3244,0.2964,37.5958,0
PM-029,34,1.3029,0.2947,37.5691,0
PM-029,35,1.3376,0.3187,37.2324,0
PM-029,36,1.3117,0.3242,37.9076,0
PM-029,37,1.3193,0.3215,37.7835,0
PM-029,38,1.3706,0.3456,37.9004,0
PM-029,39,1.2951,0.3441,37.8636,0
PM-029,40,1.323,0.3515,37.627,0
PM-029,41,1.379,0.305,37.5933,0
PM-029,42,1.2949,0.315,38.0831,0
PM-029,43,1.3249,0.3094,38.097,0
PM-029,44,1.3392,0.324,37.393,0
PM-029,45,1.3158,0.3182,37.142,0
PM-029,46,1.352,0.3311,37.847,0
PM-029,47,1.3097,0.3325,37.4656,0
PM-029,48,1.3608,0.3173,37.7451,0
PM-029,49,1.3486,0.3264,36.7601,0
PM-029,50,1.3015,0.3101,37.8436,0
PM-029,51,1.3704,0.3173,37.9651,0
PM-029,52,1.3496,0.3018,37.7201,0
PM-029,53,1.324,0.3081,38.2322,0
PM-029,54,1.3437,0.3094,37.5428,0
PM-029,55,1.3386,0.3275,37.1345,0
PM-029,56,1.3626,0.325,37.4446,0
PM-029,57,1.3844,0.3285,38.1864,0
PM-029,58,1.3609,0.3522,38.0393,0
PM-029,59,1.3549,0.3334,38.1536,0
PM-029,60,1.3248,0.3282,37.5569,0
PM-029,61,1.3547,0.3174,37.6545,0
PM-029,62,1.2979,0.3518,37.3496,0
PM-029,63,1.3446,0.3311,38.1447,0
PM-029,64,1.3262,0.3015,38.01,0
PM-029,65,1.3593,0.3274,37.7361,0
PM-029,66,1.3353,0.3053,37.0492,0
PM-029,67,1.3692,0.3221,37.9682,0
PM-029,68,1.329,0.3166,37.582,0
PM-029,69,1.3321,0.3388,37.7617,0
PM-029,70,1.3697,0.3049,37.6687,0
PM-029,71,1.335,0.3329,37.5117,0
PM-029,72,1.3591,0.3315,38.2018,0
PM-029,73,1.3259,0.297,38.0112,0
PM-029,74,1.3579,0.2872,37.8915,0
PM-029,75,1.3423,0.3138,38.1886,0
PM-029,76,1.3276,0.3475,38.0032,0
PM-029,77,1.3504,0.3292,37.9415,0
PM-029,78,1.3241,0.304,38.2318,0
PM-029,79,1.3247,0.3187,37.3194,0
PM-029,80,1.3484,0.306,37.8461,0
PM-029,81,1.3296,0.3254,38.2287,0
PM-029,82,1.3134,0.3142,37.4908,0
PM-029,83,1.3459,0.3281,37.6568,0
PM-029,84,1.3595,0.3223,37.5386,0
PM-029,85,1.3624,0.3183,37.6713,0
PM-029,86,1.3343,0.3253,38.0778,0
PM-029,87,1.3539,0.3312,37.4311,0
PM-029,88,1.3356,0.3198,37.8898,0
PM-029,89,1.3321,0.3435,37.9152,0
PM-029,90,1.3478,0.3073,37.5064,0
PM-029,91,1.3255,0.322,38.079,0
PM-029,92,1.3208,0.2976,38.1518,0
PM-029,93,1.3268,0.321,38.024,0
PM-029,94,1.3594,0.3082,37.8022,0
PM-029,95,1.3639,0.3226,38.0538,0
PM-029,96,1.3393,0.3384,38.1211,0
PM-029,97,1.3707,0.329,37.6042,0
PM-029,98,1.3415,0.3269,37.7251,0
PM-029,99,1.3507,0.3304,37.8068,0
PM-029,100,1.38,0.3097,37.8318,0
PM-029,101,1.3362,0.2942,37.533,0
PM-029,102,1.3077,0.3345,37.3446,0
PM-029,103,1.3085,0.3188,37.6175,0
PM-029,104,1.3281,0.3056,37.9904,0
PM-029,105,1.3325,0.3365,37.4264,0
PM-029,106,1.3232,0.3088,37.7141,0
PM-029,107,1.3225,0.3381,37.0455,0
PM-029,108,1.3698,0.3174,37.4894,0
PM-029,109,1.3729,0.3204,37.6325,0
PM-029,110,1.3237,0.318,37.8677,0
PM-029,111,1.3464,0.3041,37.3708,0
PM-029,112,1.3566,0.314,37.7043,0
PM-029,113,1.3385,0.3439,38.1186,0
PM-029,114,1.3429,0.3118,38.4161,0
PM-029,115,1.35,0.3424,37.6502,0
PM-029,116,1.3129,0.3296,37.7267,0
PM-029,117,1.3691,0.3204,37.5879,0
PM-029,118,1.3617,0.3156,37.639,0
PM-029,119,1.3051,0.3388,37.6684,0
PM-029,120,1.3125,0.3393,37.6418,0
PM-029,121,1.3724,0.3411,37.3596,0
PM-029,122,1.3505,0.3377,37.2188,0
PM-029,123,1.3308,0.3139,38.0478,0
PM-029,124,1.318,0.3259,38.3022,0
PM-029,125,1.2954,0.3234,37.7605,0
PM-029,126,1.2865,0.2968,37.9818,0
PM-029,127,1.3349,0.3249,37.6779,0
PM-029,128,1.3609,0.358,38.0561,0
PM-029,129,1.2891,0.3214,38.1457,0
PM-029,130,1.3274,0.3432,37.6206,0
PM-029,131,1.311,0.3327,37.859,0
PM-029,132,1.324,0.3414,37.1653,0
PM-029,133,1.3571,0.3137,38.2493,0
PM-029,134,1.3524,0.3167,37.4319,0
PM-029,135,1.3036,0.3208,37.7384,0
PM-029,136,1.3571,0.3111,37.831,0
PM-029,137,1.3289,0.3444,37.6832,0
PM-029,138,1.3214,0.3039,37.5859,0
PM-029,139,1.3314,0.319,37.8495,0
PM-029,140,1.3294,0.3094,37.5956,0
PM-029,141,1.3317,0.3134,37.2386,0
PM-029,142,1.3056,0.2926,37.7726,0
PM-029,143,1.345,0.3093,37.8673,0
PM-029,144,1.3283,0.3197,37.3304,0
PM-029,145,1.361,0.3458,37.8187,0
PM-029,146,1.3208,0.3233,37.4891,0
PM-029,147,1.3093,0.3325,37.4229,0
PM-029,148,1.319,0.2887,38.0407,0
PM-029,149,1.3662,0.333,37.9652,0
PM-029,150,1.3092,0.318,37.94,0
PM-029,151,1.3165,0.3158,37.2315,0
PM-029,152,1.33,0.3192,37.8724,0
PM-029,153,1.3028,0.2968,38.0911,0
PM-029,154,1.3575,0.3123,38.1797,0
PM-029,155,1.3393,0.339,37.6346,0
PM-029,156,1.3423,0.3168,38.2229,0
PM-029,157,1.3328,0.3206,37.2371,0
PM-029,158,1.3336,0.348,38.128,0
PM-029,159,1.3324,0.3205,37.3481,0
PM-029,160,1.343,0.3268,37.8802,0
PM-029,161,1.3042,0.3393,37.6528,0
PM-029,162,1.3606,0.325,38.1505,0
PM-029,163,1.349,0.3094,37.9678,0
PM-029,164,1.3564,0.3251,37.6374,0
PM-029,165,1.3545,0.3392,37.3282,0
PM-029,166,1.3387,0.319,38.2905,0
PM-029,167,1.3217,0.3303,37.9295,0
PM-029,168,1.3373,0.3426,37.6933,0
PM-029,169,1.3116,0.344,37.5877,0
PM-029,170,1.3379,0.3196,37.4383,0
PM-029,171,1.3177,0.2988,37.8774,0
PM-029,172,1.3504,0.3256,37.9046,0
PM-029,173,1.3334,0.3249,37.7133,0
PM-029,174,1.3346,0.3057,38.1168,0
PM-029,175,1.3302,0.315,37.5531,0
PM-029,176,1.3283,0.3163,37.7805,0
PM-029,177,1.3024,0.309,38.1679,0
PM-029,178,1.3644,0.318,38.4703,0
PM-029,179,1.35,0.344,37.7491,0
PM-029,180,1.331,0.3362,38.057,0
PM-029,181,1.3306,0.3285,36.8403,0
PM-029,182,1.323,0.3433,37.5612,0
PM-029,183,1.335,0.3201,37.3933,0
PM-029,184,1.3343,0.3188,37.4469,0
PM-029,185,1.3331,0.3043,37.707,0
PM-029,186,1.3345,0.3515,37.4817,0
PM-029,187,1.3523,0.3002,38.4605,0
PM-029,188,1.3439,0.3255,37.9054,0
PM-029,189,1.3373,0.3157,37.4406,0
PM-029,190,1.3401,0.3407,37.1616,0
PM-029,191,1.3803,0.309,37.8144,0
PM-029,192,1.3215,0.3211,37.8199,0
PM-029,193,1.3325,0.3246,37.7547,0
PM-029,194,1.3473,0.3294,37.0714,0
PM-029,195,1.3293,0.342,37.9751,0
PM-029,196,1.3137,0.3163,37.6532,0
PM-029,197,1.3311,0.3195,37.5686,0
PM-029,198,1.3167,0.3538,37.7764,0
PM-029,199,1.3317,0.3332,37.254,0
PM-029,200,1.347,0.3,37.8304,0
PM-029,201,1.3188,0.3324,38.5189,0
PM-029,202,1.3391,0.2995,37.5265,0
PM-029,203,1.3429,0.3409,37.3868,0
PM-029,204,1.3735,0.3314,37.7185,0
PM-029,205,1.3533,0.3029,37.4477,0
PM-029,206,1.3085,0.3555,37.7257,0
PM-029,207,1.3397,0.3389,37.2944,0
PM-029,208,1.3197,0.3272,38.2277,0
PM-029,209,1.3538,0.3273,37.7992,0
PM-029,210,1.3585,0.3075,37.8115,0
PM-029,211,1.3454,0.318,37.6822,0
PM-029,212,1.3038,0.3137,37.0123,0
PM-029,213,1.3495,0.3238,37.6815,0
PM-029,214,1.3412,0.3264,37.6184,0
PM-029,215,1.3081,0.3294,37.4246,0
PM-029,216,1.343,0.3416,38.2535,0
PM-029,217,1.3436,0.3173,37.5796,0
PM-029,218,1.3428,0.2928,37.4803,0
PM-029,219,1.3208,0.3281,37.705,0
PM-029,220,1.3391,0.3201,37.6558,0
PM-029,221,1.3421,0.3324,38.0421,0
PM-029,222,1.3355,0.3377,38.1988,0
PM-029,223,1.3239,0.3338,37.5509,0
PM-029,224,1.3606,0.3247,37.6038,0
PM-029,225,1.3179,0.3133,37.675,0
PM-029,226,1.3585,0.3175,37.5865,0
PM-029,227,1.3715,0.3159,37.3747,0
PM-029,228,1.3086,0.3109,37.7208,0
PM-029,229,1.3366,0.3126,37.2581,0
PM-029,230,1.3183,0.3021,36.8208,0
PM-029,231,1.2897,0.3264,37.63,0
PM-029,232,1.3478,0.3119,37.5397,0
PM-029,233,1.3188,0.3086,37.4942,0
PM-029,234,1.3706,0.3203,37.4839,0
PM-029,235,1.3552,0.3215,38.046,0
PM-029,236,1.346,0.324,37.8115,0
PM-029,237,1.3436,0.3028,37.7572,0
PM-029,238,1.3416,0.3281,37.5752,0
PM-029,239,1.3602,0.3253,37.5978,0
PM-029,240,1.3441,0.3375,37.5035,0
PM-029,241,1.3188,0.3342,38.0109,0
PM-029,242,1.3339,0.3191,37.9884,0
PM-029,243,1.3201,0.2861,37.7553,0
PM-029,244,1.3383,0.3359,37.9625,0
PM-029,245,1.3693,0.3259,38.3852,0
PM-029,246,1.3594,0.3236,38.0424,0
PM-029,247,1.3182,0.3178,37.6767,0
PM-029,248,1.3322,0.3347,38.0527,0
PM-029,249,1.3517,0.3125,37.9256,0
PM-029,250,1.3603,0.3328,37.2985,0
PM-029,251,1.3167,0.3303,38.0707,0
PM-029,252,1.3165,0.3218,37.735,0
PM-029,253,1.3159,0.3262,37.8399,0
PM-029,254,1.3394,0.3369,37.7098,0
PM-029,255,1.3502,0.3284,37.9202,0
PM-029,256,1.3267,0.33,38.0709,0
PM-029,257,1.3548,0.3404,37.7796,0
PM-029,258,1.3681,0.3177,37.6467,0
PM-029,259,1.3711,0.3289,37.9957,0
PM-029,260,1.3018,0.3274,37.8055,0
PM-029,261,1.3476,0.3303,37.6209,0
PM-029,262,1.385,0.3101,37.6512,0
PM-029,263,1.3548,0.3069,37.7076,0
PM-029,264,1.3517,0.3151,37.5216,0
PM-029,265,1.345,0.3246,37.54,0
PM-029,266,1.3392,0.3219,38.0224,0
PM-029,267,1.3171,0.3096,37.6527,0
PM-029,268,1.3309,0.3364,37.7712,0
PM-029,269,1.3494,0.3436,37.4818,0
PM-029,270,1.3651,0.3224,37.0327,0
PM-029,271,1.3408,0.3012,37.327,0
PM-029,272,1.3162,0.3209,37.3478,0
PM-029,273,1.3614,0.3388,38.5029,0
PM-029,274,1.3345,0.3148,37.7876,0
PM-029,275,1.3534,0.3414,37.541,0
PM-029,276,1.3562,0.337,38.6101,0
PM-029,277,1.3644,0.3501,38.3194,0
PM-029,278,1.3229,0.3105,38.022,0
PM-029,279,1.3289,0.3337,37.7009,0
PM-029,280,1.3443,0.327,37.94,0
PM-029,281,1.3125,0.3027,37.6941,0
PM-029,282,1.3384,0.3471,37.8514,0
PM-029,283,1.3409,0.3182,37.878,0
PM-029,284,1.3314,0.3042,38.0429,0
PM-029,285,1.3261,0.3156,37.2957,0
PM-029,286,1.3437,0.3476,37.209,0
PM-029,287,1.3039,0.328,37.8015,0
PM-029,288,1.3266,0.3136,37.8093,0
PM-029,289,1.2981,0.3023,37.4189,0
PM-029,290,1.3282,0.3165,36.9418,0
PM-029,291,1.31,0.3306,37.8739,0
PM-029,292,1.3533,0.3298,37.6902,0
PM-029,293,1.3166,0.3071,37.4671,0
PM-029,294,1.3525,0.3298,37.4319,0
PM-029,295,1.3436,0.3313,37.8754,0
PM-029,296,1.3539,0.3227,37.6426,0
PM-029,297,1.3375,0.3372,37.9493,0
PM-029,298,1.3379,0.3391,38.2789,0
PM-029,299,1.3872,0.3601,38.6863,0
PM-029,300,1.363,0.2818,37.7854,0
PM-029,301,1.3067,0.3471,37.6279,0
PM-029,302,1.345,0.3197,38.2612,0
PM-029,303,1.3123,0.3325,37.4089,0
PM-029,304,1.2933,0.3247,37.3544,0
PM-029,305,1.3061,0.2984,37.605,0
PM-029,306,1.3547,0.3,38.0461,0
PM-029,307,1.3253,0.306,38.0859,0
PM-029,308,1.3553,0.3341,37.7912,0
PM-029,309,1.3146,0.3406,37.7303,0
PM-029,310,1.3387,0.3278,38.0191,0
PM-029,311,1.3035,0.3213,37.5856,0
PM-029,312,1.3657,0.3479,37.8096,0
PM-029,313,1.3098,0.3131,36.964,0
PM-029,314,1.3563,0.3134,38.0851,0
PM-029,315,1.3248,0.319,37.6085,0
PM-029,316,1.3041,0.2975,38.314,0
PM-029,317,1.3208,0.3331,38.5111,0
PM-029,318,1.3277,0.3288,37.8084,0
PM-029,319,1.3427,0.3293,37.3618,0
PM-029,320,1.3071,0.3214,38.1417,0
PM-029,321,1.3544,0.3007,37.8943,0
PM-029,322,1.3411,0.324,37.7584,0
PM-029,323,1.3479,0.3215,37.5424,0
PM-029,324,1.3429,0.2942,37.8785,0
PM-029,325,1.3631,0.3468,37.9054,0
PM-029,326,1.355,0.3292,37.6262,0
PM-029,327,1.3511,0.2861,37.8382,0
PM-029,328,1.3802,0.3413,38.1552,0
PM-029,329,1.3828,0.3032,37.3612,0
PM-029,330,1.386,0.3354,38.0093,0
PM-029,331,1.3786,0.2904,37.3598,0
PM-029,332,1.3543,0.327,37.6428,0
PM-029,333,1.3927,0.3291,37.6138,0
PM-029,334,1.4428,0.3191,37.2028,0
PM-029,335,1.3591,0.3299,37.912,0
PM-029,336,1.4281,0.3023,37.4562,0
PM-029,337,1.455,0.3192,37.5359,0
PM-029,338,1.4549,0.3065,37.597,0
PM-029,339,1.4576,0.3418,38.1274,0
PM-029,340,1.4533,0.3522,38.0043,0
PM-029,341,1.4509,0.3221,37.6307,0
PM-029,342,1.4251,0.2887,38.0077,0
PM-029,343,1.4536,0.3091,38.3311,0
PM-029,344,1.4853,0.3196,37.8925,0
PM-029,345,1.4665,0.3165,38.0965,0
PM-029,346,1.4781,0.3043,37.8306,0
PM-029,347,1.4911,0.3523,37.8088,0
PM-029,348,1.4853,0.3384,37.4059,0
PM-029,349,1.5443,0.3639,38.0122,0
PM-029,350,1.5019,0.3176,37.7303,0
PM-029,351,1.5112,0.3267,37.5581,0
PM-029,352,1.4972,0.3365,38.2274,0
PM-029,353,1.5093,0.3699,37.5757,0
PM-029,354,1.5114,0.3541,37.7836,0
PM-029,355,1.503,0.3626,37.3882,0
PM-029,356,1.5667,0.353,37.9812,0
PM-029,357,1.5242,0.3838,37.5795,0
PM-029,358,1.54,0.365,37.6331,0
PM-029,359,1.5174,0.3615,37.827,0
PM-029,360,1.5634,0.3592,37.5255,0
PM-029,361,1.5566,0.3812,37.8367,0
PM-029,362,1.5847,0.3889,37.4203,0
PM-029,363,1.5835,0.4023,37.2476,0
PM-029,364,1.5847,0.4112,37.5273,0
PM-029,365,1.5949,0.3847,37.6327,0
PM-029,366,1.569,0.4084,37.9513,0
PM-029,367,1.6007,0.4117,37.939,0
PM-029,368,1.6253,0.398,36.9625,0
PM-029,369,1.5956,0.4044,37.9681,0
PM-029,370,1.5644,0.4182,38.1247,0
PM-029,371,1.6154,0.4265,37.5092,0
PM-029,372,1.6352,0.4205,37.5517,0
PM-029,373,1.6277,0.4382,37.6888,0
PM-029,374,1.6289,0.4287,37.8029,0
PM-029,375,1.6421,0.4361,37.3559,0
PM-029,376,1.6407,0.4559,37.895,0
PM-029,377,1.6734,0.447,37.7871,0
PM-029,378,1.6838,0.4379,37.6388,0
PM-029,379,1.6954,0.462,37.7985,0
PM-029,380,1.6537,0.4367,37.8825,0
PM-029,381,1.6905,0.4234,38.4013,0
PM-029,382,1.692,0.4443,38.1855,0
PM-029,383,1.6734,0.45,38.3503,0
PM-029,384,1.7,0.4789,37.8217,0
PM-029,385,1.686,0.4805,38.744,0
PM-029,386,1.7056,0.4912,38.6064,0
PM-029,387,1.7168,0.4662,38.8605,0
PM-029,388,1.6859,0.4672,38.5073,0
PM-029,389,1.7512,0.481,38.9667,0
PM-029,390,1.7346,0.4981,38.6239,0
PM-029,391,1.7364,0.4794,38.5293,0
PM-029,392,1.7687,0.494,39.058,0
PM-029,393,1.7618,0.5142,39.0406,0
PM-029,394,1.7533,0.5142,38.9373,0
PM-029,395,1.7385,0.5055,39.437,0
PM-029,396,1.7855,0.5041,39.968,0
PM-029,397,1.7747,0.4941,39.7189,0
PM-029,398,1.7999,0.5191,39.4962,0
PM-029,399,1.7653,0.5332,39.3981,0
PM-029,400,1.8176,0.5463,40.1177,0
PM-029,401,1.7651,0.5557,40.3886,0
PM-029,402,1.8233,0.5426,40.1168,1
PM-029,403,1.8059,0.5491,40.5953,1
PM-029,404,1.7791,0.5492,40.459,1
PM-029,405,1.833,0.5451,40.4276,1
PM-029,406,1.8155,0.558,40.3277,1
PM-029,407,1.8366,0.5632,40.1578,1
PM-029,408,1.8059,0.5583,41.6136,1
PM-029,409,1.8294,0.5495,40.5685,1
PM-029,410,1.8507,0.5926,40.6816,1
PM-029,411,1.8501,0.5642,41.1588,1
PM-029,412,1.8411,0.5877,40.2711,1
PM-029,413,1.87,0.5757,41.3053,1
PM-029,414,1.8604,0.5638,41.27,1
PM-029,415,1.8821,0.5891,40.8689,1
PM-029,416,1.8759,0.5967,41.2739,1
PM-029,417,1.8172,0.5854,41.1121,1
PM-029,418,1.8809,0.5777,41.1983,1
PM-029,419,1.904,0.6027,41.8284,1
PM-029,420,1.8828,0.5969,41.584,1
PM-029,421,1.8898,0.601,41.5722,1
PM-029,422,1.8914,0.6146,41.6653,1
PM-029,423,1.9179,0.5919,42.1514,1
PM-029,424,1.9155,0.6241,42.2522,1
PM-029,425,1.9023,0.6239,41.9113,1
PM-029,426,1.9202,0.6409,42.0501,1
PM-029,427,1.933,0.6185,42.5317,1
PM-029,428,1.9583,0.6274,42.5998,1
PM-029,429,1.9411,0.6236,42.7364,1
PM-029,430,1.9609,0.6272,42.984,1
PM-029,431,1.9823,0.6325,43.2334,1
PM-029,432,1.9627,0.6486,43.4137,1
PM-029,433,1.9851,0.6441,42.8573,1
PM-029,434,1.9805,0.662,43.0931,1
PM-029,435,1.9656,0.6528,43.1924,1
PM-029,436,1.9537,0.6723,43.3718,1
PM-029,437,1.9724,0.6759,42.8752,1
PM-029,438,2.0042,0.6859,43.6027,1
PM-029,439,2.0145,0.6862,43.698,1
PM-029,440,2.0071,0.6752,44.018,1
PM-029,441,2.026,0.7016,44.0665,1
PM-029,442,1.9961,0.6776,43.3116,1
PM-029,443,1.9941,0.6643,43.2813,1
PM-029,444,2.0262,0.7128,44.1605,1
PM-029,445,2.0506,0.6998,44.1921,1
PM-029,446,2.0579,0.7004,44.2815,1
PM-029,447,2.0399,0.6883,44.3003,1
PM-029,448,2.0302,0.7236,44.5804,1
PM-029,449,2.0892,0.7024,44.1168,1
PM-029,450,2.0346,0.7416,44.5046,1
PM-029,451,2.0408,0.7289,44.6183,1
PM-029,452,2.0576,0.7479,44.7711,1
PM-029,453,2.0936,0.7359,45.7234,1
PM-029,454,2.0839,0.7182,44.7996,1
PM-029,455,2.1134,0.7407,44.9572,1
PM-029,456,2.1062,0.7607,45.691,1
PM-029,457,2.1124,0.7616,44.8615,1
PM-029,458,2.1231,0.7457,45.0385,1
PM-029,459,2.0978,0.7399,45.566,1
PM-029,460,2.1,0.7666,45.8621,1
PM-029,461,2.1254,0.7567,45.7148,1
PM-029,462,2.1236,0.7855,45.1357,1
PM-029,463,2.1314,0.7439,46.0306,1
PM-029,464,2.1492,0.7825,46.0007,1
PM-029,465,2.1584,0.7619,46.0921,1
PM-029,466,2.1406,0.7879,45.8583,1
PM-029,467,2.1517,0.7813,46.6971,1
PM-029,468,2.1683,0.8167,46.7472,1
PM-029,469,2.1673,0.7962,46.5938,1
PM-029,470,2.1202,0.7682,46.657,1
PM-029,471,2.195,0.8,46.2831,1
PM-029,472,2.2387,0.81,47.0181,1
PM-029,473,2.2148,0.8076,46.8326,1
PM-029,474,2.2199,0.8013,47.194,1
PM-029,475,2.2111,0.8218,47.0505,1
PM-029,476,2.1955,0.8142,47.4583,1
PM-029,477,2.2318,0.8371,47.469,1
PM-029,478,2.2132,0.8009,47.536,1
PM-029,479,2.2269,0.8385,47.7969,1
PM-030,0,1.3758,0.2257,38.1309,0
PM-030,1,1.3898,0.2522,37.6195,0
PM-030,2,1.3942,0.2374,38.0426,0
PM-030,3,1.377,0.2554,38.7943,0
PM-030,4,1.361,0.225,37.8787,0
PM-030,5,1.3896,0.2577,38.3383,0
PM-030,6,1.3922,0.2391,38.0843,0
PM-030,7,1.41,0.2518,38.3574,0
PM-030,8,1.3513,0.2391,38.124,0
PM-030,9,1.4151,0.2425,38.347,0
PM-030,10,1.3853,0.253,38.5501,0
PM-030,11,1.3627,0.2194,38.4087,0
PM-030,12,1.3918,0.2543,38.2525,0
PM-030,13,1.4091,0.2277,38.2819,0
PM-030,14,1.4021,0.2286,38.4805,0
PM-030,15,1.3573,0.242,37.7917,0
PM-030,16,1.3748,0.2537,37.85,0
PM-030,17,1.3724,0.2476,37.8467,0
PM-030,18,1.4156,0.2486,37.9467,0
PM-030,19,1.4149,0.2098,38.3217,0
PM-030,20,1.3703,0.231,38.0424,0
PM-030,21,1.4209,0.2314,38.1564,0
PM-030,22,1.3865,0.2241,37.8709,0
PM-030,23,1.4014,0.2385,38.4087,0
PM-030,24,1.3904,0.2357,38.4097,0
PM-030,25,1.3878,0.2173,38.4342,0
PM-030,26,1.3817,0.2399,37.992,0
PM-030,27,1.3758,0.2104,38.2817,0
PM-030,28,1.3274,0.2584,38.4896,0
PM-030,29,1.3771,0.2627,38.7982,0
PM-030,30,1.3898,0.245,38.2208,0
PM-030,31,1.4255,0.218,38.1118,0
PM-030,32,1.4136,0.2511,38.1671,0
PM-030,33,1.4231,0.2424,38.2141,0
PM-030,34,1.4092,0.238,38.195,0
PM-030,35,1.3795,0.2829,38.0379,0
PM-030,36,1.4098,0.2675,37.7771,0
PM-030,37,1.4075,0.2392,38.7184,0
PM-030,38,1.3771,0.2276,38.165,0
PM-030,39,1.3854,0.232,38.7885,0
PM-030,40,1.3978,0.2271,38.063,0
PM-030,41,1.4034,0.2439,38.0068,0
PM-030,42,1.3627,0.2381,38.1567,0
PM-030,43,1.3823,0.2581,38.3523,0
PM-030,44,1.3979,0.2335,38.6999,0
PM-030,45,1.3722,0.2314,38.0443,0
PM-030,46,1.4012,0.2488,37.779,0
PM-030,47,1.3816,0.2456,37.9804,0
PM-030,48,1.3872,0.2415,37.886,0
PM-030,49,1.4008,0.2481,38.1915,0
PM-030,50,1.4238,0.2498,38.1677,0
PM-030,51,1.3888,0.2652,37.9815,0
PM-030,52,1.3898,0.2327,38.2993,0
PM-030,53,1.4404,0.2426,38.0833,0
PM-030,54,1.399,0.2192,38.1236,0
PM-030,55,1.4293,0.2488,38.5493,0
PM-030,56,1.4155,0.2283,38.7536,0
PM-030,57,1.3597,0.2439,37.5621,0
PM-030,58,1.361,0.2529,37.9726,0
PM-030,59,1.4202,0.2063,38.1534,0
PM-030,60,1.3709,0.234,38.6445,0
PM-030,61,1.4311,0.2466,37.7016,0
PM-030,62,1.3711,0.2413,37.9382,0
PM-030,63,1.4084,0.264,37.8852,0
PM-030,64,1.3774,0.2212,38.1037,0
PM-030,65,1.3963,0.2392,38.4493,0
PM-030,66,1.4031,0.238,38.1922,0
PM-030,67,1.397,0.238,37.9768,0
PM-030,68,1.3712,0.241,38.0302,0
PM-030,69,1.4058,0.24,38.1844,0
PM-030,70,1.4149,0.2178,38.7107,0
PM-030,71,1.3516,0.2606,38.2402,0
PM-030,72,1.3848,0.2168,38.0001,0
PM-030,73,1.392,0.2418,38.6136,0
PM-030,74,1.3967,0.2437,38.285,0
PM-030,75,1.3887,0.236,38.1479,0
PM-030,76,1.4078,0.2252,38.028,0
PM-030,77,1.4024,0.2227,38.2141,0
PM-030,78,1.3843,0.2465,38.5921,0
PM-030,79,1.3844,0.2502,38.2401,0
PM-030,80,1.3876,0.239,38.5694,0
PM-030,81,1.3918,0.2585,38.144,0
PM-030,82,1.367,0.2367,37.7329,0
PM-030,83,1.3889,0.2335,38.725,0
PM-030,84,1.4274,0.2402,38.5434,0
PM-030,85,1.3873,0.2175,38.3383,0
PM-030,86,1.4025,0.2248,37.912,0
PM-030,87,1.414,0.2136,38.3474,0
PM-030,88,1.389,0.2473,38.4765,0
PM-030,89,1.3778,0.2218,38.6199,0
PM-030,90,1.3941,0.2438,38.4532,0
PM-030,91,1.376,0.2524,38.372,0
PM-030,92,1.4247,0.2607,38.199,0
PM-030,93,1.4103,0.2396,38.2235,0
PM-030,94,1.3727,0.2355,37.6415,0
PM-030,95,1.3925,0.2587,38.4133,0
PM-030,96,1.3975,0.2359,38.0179,0
PM-030,97,1.3769,0.2512,37.7195,0
PM-030,98,1.3641,0.2524,38.2423,0
PM-030,99,1.3961,0.242,38.783,0
PM-030,100,1.3964,0.2433,38.7974,0
PM-030,101,1.394,0.2648,37.5479,0
PM-030,102,1.372,0.2289,38.3552,0
PM-030,103,1.4307,0.23,38.4734,0
PM-030,104,1.44,0.2624,38.0588,0
PM-030,105,1.4126,0.244,37.9821,0
PM-030,106,1.4038,0.2318,38.2173,0
PM-030,107,1.3677,0.2124,38.094,0
PM-030,108,1.4016,0.222,38.3379,0
PM-030,109,1.3961,0.2486,38.4637,0
PM-030,110,1.4221,0.2479,38.0914,0
PM-030,111,1.399,0.2738,38.4756,0
PM-030,112,1.3967,0.2366,38.0005,0
PM-030,113,1.3715,0.2645,38.3235,0
PM-030,114,1.3699,0.237,38.5611,0
PM-030,115,1.3863,0.2267,38.287,0
PM-030,116,1.4084,0.2322,38.0001,0
PM-030,117,1.4045,0.222,38.0185,0
PM-030,118,1.3928,0.25,38.0517,0
PM-030,119,1.4065,0.2564,38.028,0
PM-030,120,1.4597,0.2602,38.2617,0
PM-030,121,1.3916,0.2306,38.6783,0
PM-030,122,1.3995,0.2173,37.6663,0
PM-030,123,1.3975,0.2409,37.9049,0
PM-030,124,1.365,0.2094,37.9522,0
PM-030,125,1.388,0.2493,38.1409,0
PM-030,126,1.4165,0.248,38.3339,0
PM-030,127,1.4148,0.2181,38.0191,0
PM-030,128,1.4433,0.2103,38.0906,0
PM-030,129,1.4048,0.2107,37.9542,0
PM-030,130,1.4352,0.2414,38.0076,0
PM-030,131,1.3995,0.2302,38.6937,0
PM-030,132,1.3754,0.231,37.7323,0
PM-030,133,1.3893,0.2363,38.5387,0
PM-030,134,1.3749,0.2461,38.206,0
PM-030,135,1.3574,0.228,37.9504,0
PM-030,136,1.4289,0.2471,38.2234,0
PM-030,137,1.3093,0.2103,38.3983,0
PM-030,138,1.4109,0.2278,38.1883,0
PM-030,139,1.3944,0.2414,38.0684,0
PM-030,140,1.4116,0.2555,37.8921,0
PM-030,141,1.3714,0.2269,38.1946,0
PM-030,142,1.4024,0.2507,38.4714,0
PM-030,143,1.4025,0.2423,38.6746,0
PM-030,144,1.3954,0.2477,38.276,0
PM-030,145,1.3918,0.2364,38.5766,0
PM-030,146,1.3934,0.2336,37.9589,0
PM-030,147,1.4037,0.2312,38.2795,0
PM-030,148,1.3988,0.2325,37.7613,0
PM-030,149,1.3747,0.2258,37.8788,0
PM-030,150,1.4044,0.2708,38.0267,0
PM-030,151,1.3876,0.2301,38.4373,0
PM-030,152,1.4038,0.2386,37.816,0
PM-030,153,1.3759,0.2415,38.247,0
PM-030,154,1.3949,0.2489,37.8132,0
PM-030,155,1.4013,0.2426,37.8926,0
PM-030,156,1.3832,0.2493,37.8384,0
PM-030,157,1.4445,0.2472,38.1628,0
PM-030,158,1.3902,0.2507,38.0566,0
PM-030,159,1.3878,0.2607,38.0385,0
PM-030,160,1.398,0.2275,38.2577,0
PM-030,161,1.4069,0.2641,37.8988,0
PM-030,162,1.3663,0.2349,37.9948,0
PM-030,163,1.3949,0.2467,38.8595,0
PM-030,164,1.3862,0.2057,38.1086,0
PM-030,165,1.4023,0.2243,38.2501,0
PM-030,166,1.398,0.2428,38.4174,0
PM-030,167,1.3936,0.2471,37.6403,0
PM-030,168,1.376,0.2338,37.8784,0
PM-030,169,1.3954,0.2337,38.0434,0
PM-030,170,1.4129,0.2401,37.8549,0
PM-030,171,1.3832,0.2502,38.2399,0
PM-030,172,1.4192,0.2516,38.0632,0
PM-030,173,1.424,0.2617,37.6443,0
PM-030,174,1.3959,0.2306,38.1018,0
PM-030,175,1.3789,0.2248,38.4503,0
PM-030,176,1.3719,0.2403,37.7752,0
PM-030,177,1.4206,0.2393,38.4036,0
PM-030,178,1.3992,0.2351,38.2005,0
PM-030,179,1.4254,0.2254,37.4152,0
PM-030,180,1.3795,0.2207,38.4704,0
PM-030,181,1.3917,0.2513,38.1895,0
PM-030,182,1.3954,0.2413,38.624,0
PM-030,183,1.399,0.2555,38.4935,0
PM-030,184,1.392,0.2378,38.0666,0
PM-030,185,1.4209,0.2248,37.9631,0
PM-030,186,1.3897,0.2217,38.0026,0
PM-030,187,1.418,0.2487,38.0537,0
PM-030,188,1.4113,0.2701,38.2739,0
PM-030,189,1.4237,0.2517,38.0916,0
PM-030,190,1.3992,0.2468,37.9565,0
PM-030,191,1.3431,0.2264,37.5325,0
PM-030,192,1.3802,0.2133,38.444,0
PM-030,193,1.3716,0.247,38.4099,0
PM-030,194,1.4093,0.2109,38.5168,0
PM-030,195,1.4037,0.2509,38.7289,0
PM-030,196,1.4111,0.2211,38.376,0
PM-030,197,1.3652,0.2379,38.029,0
PM-030,198,1.3955,0.2162,37.7617,0
PM-030,199,1.3863,0.2355,38.0522,0
PM-030,200,1.4243,0.2452,38.2988,0
PM-030,201,1.3876,0.218,38.1787,0
PM-030,202,1.4314,0.2422,38.5139,0
PM-030,203,1.42,0.2473,38.246,0
PM-030,204,1.3755,0.2358,38.0717,0
PM-030,205,1.4019,0.2177,38.0188,0
PM-030,206,1.4033,0.2284,37.9053,0
PM-030,207,1.3794,0.2348,37.4658,0
PM-030,208,1.3803,0.2532,38.2771,0
PM-030,209,1.4037,0.2115,38.0557,0
PM-030,210,1.3929,0.2458,38.5132,0
PM-030,211,1.4143,0.2301,38.0112,0
PM-030,212,1.4235,0.2335,37.8552,0
PM-030,213,1.3911,0.2591,37.9085,0
PM-030,214,1.3867,0.2259,38.4669,0
PM-030,215,1.401,0.2528,38.6495,0
PM-030,216,1.365,0.2275,38.0499,0
PM-030,217,1.3966,0.2465,38.0325,0
PM-030,218,1.3814,0.2532,38.3438,0
PM-030,219,1.4016,0.2067,38.542,0
PM-030,220,1.3989,0.2365,37.9342,0
PM-030,221,1.3826,0.2255,37.5807,0
PM-030,222,1.3789,0.2149,38.1618,0
PM-030,223,1.3722,0.2498,37.6807,0
PM-030,224,1.4191,0.2514,37.8601,0
PM-030,225,1.3934,0.2261,38.3535,0
PM-030,226,1.4313,0.2566,37.9736,0
PM-030,227,1.3975,0.2617,38.3372,0
PM-030,228,1.4155,0.2487,38.2028,0
PM-030,229,1.3939,0.2207,37.9502,0
PM-030,230,1.3772,0.2336,38.2098,0
PM-030,231,1.3931,0.2421,38.3792,0
PM-030,232,1.3869,0.25,38.5214,0
PM-030,233,1.4036,0.2307,38.464,0
PM-030,234,1.4049,0.2482,38.6405,0
PM-030,235,1.4094,0.2625,38.1354,0
PM-030,236,1.3866,0.2561,37.8842,0
PM-030,237,1.433,0.2584,38.2063,0
PM-030,238,1.4193,0.2488,37.793,0
PM-030,239,1.3789,0.2432,38.2278,0
PM-030,240,1.4214,0.2434,37.7994,0
PM-030,241,1.3843,0.25,37.6332,0
PM-030,242,1.367,0.2333,38.458,0
PM-030,243,1.3909,0.2458,38.1814,0
PM-030,244,1.3924,0.2291,38.4319,0
PM-030,245,1.3702,0.2354,38.5238,0
PM-030,246,1.38,0.2155,37.5449,0
PM-030,247,1.4086,0.2499,38.0767,0
PM-030,248,1.3698,0.2367,38.5334,0
PM-030,249,1.3699,0.2548,37.6714,0
PM-030,250,1.3725,0.2405,38.4643,0
PM-030,251,1.4247,0.2538,38.6456,0
PM-030,252,1.3989,0.2296,38.5352,0
PM-030,253,1.4225,0.2528,38.3637,0
PM-030,254,1.4231,0.244,38.1738,0
PM-030,255,1.4098,0.246,38.4456,0
PM-030,256,1.3926,0.2525,38.4373,0
PM-030,257,1.3995,0.2276,38.5522,0
PM-030,258,1.3711,0.2245,38.2304,0
PM-030,259,1.3451,0.262,38.1844,0
PM-030,260,1.426,0.2659,38.1335,0
PM-030,261,1.4222,0.223,38.31,0
PM-030,262,1.3858,0.2493,38.4447,0
PM-030,263,1.3921,0.2471,38.4634,0
PM-030,264,1.399,0.277,38.1388,0
PM-030,265,1.4284,0.2561,37.622,0
PM-030,266,1.4251,0.255,38.2142,0
PM-030,267,1.4026,0.2463,38.5926,0
PM-030,268,1.387,0.2627,37.8547,0
PM-030,269,1.3601,0.2478,38.5577,0
PM-030,270,1.3917,0.2049,37.7327,0
PM-030,271,1.404,0.2387,38.5653,0
PM-030,272,1.3967,0.2278,38.2727,0
PM-030,273,1.4156,0.2592,38.1467,0
PM-030,274,1.3966,0.2506,37.9554,0
PM-030,275,1.41,0.2354,38.1573,0
PM-030,276,1.3953,0.2408,38.7541,0
PM-030,277,1.3859,0.2326,38.614,0
PM-030,278,1.4041,0.2504,37.8709,0
PM-030,279,1.4002,0.251,37.9777,0
PM-030,280,1.4078,0.2358,37.9863,0
PM-030,281,1.4155,0.256,38.2186,0
PM-030,282,1.4043,0.2588,38.0613,0
PM-030,283,1.4022,0.2331,37.8744,0
PM-030,284,1.3874,0.222,38.3076,0
PM-030,285,1.3798,0.2179,38.4028,0
PM-030,286,1.4088,0.2339,38.3909,0
PM-030,287,1.3791,0.2333,38.3022,0
PM-030,288,1.4159,0.2331,38.0012,0
PM-030,289,1.4149,0.2481,38.2246,0
PM-030,290,1.4189,0.2681,38.2897,0
PM-030,291,1.3835,0.2463,37.934,0
PM-030,292,1.4201,0.2284,38.122,0
PM-030,293,1.3785,0.2416,38.2452,0
PM-030,294,1.4101,0.2407,38.1938,0
PM-030,295,1.3838,0.2346,37.7621,0
PM-030,296,1.4231,0.2375,38.6722,0
PM-030,297,1.3928,0.2104,38.0448,0
PM-030,298,1.3952,0.2399,38.383,0
PM-030,299,1.3987,0.2338,37.9055,0
PM-030,300,1.3871,0.248,38.4375,0
PM-030,301,1.3818,0.254,38.3507,0
PM-030,302,1.3775,0.2426,38.2909,0
PM-030,303,1.374,0.2185,38.3221,0
PM-030,304,1.3862,0.2616,38.6963,0
PM-030,305,1.4047,0.2532,37.8728,0
PM-030,306,1.3686,0.2368,37.794,0
PM-030,307,1.4014,0.2271,38.2371,0
PM-030,308,1.3918,0.2484,38.2779,0
PM-030,309,1.3872,0.2184,38.2287,0
PM-030,310,1.3604,0.2576,38.3386,0
PM-030,311,1.4121,0.2243,38.2868,0
PM-030,312,1.3819,0.2411,37.8804,0
PM-030,313,1.3936,0.2182,38.132,0
PM-030,314,1.3624,0.2651,38.2281,0
PM-030,315,1.3954,0.249,37.7902,0
PM-030,316,1.3796,0.2468,38.2284,0
PM-030,317,1.3809,0.2486,38.2708,0
PM-030,318,1.4054,0.2447,37.9755,0
PM-030,319,1.3937,0.211,38.0267,0
PM-030,320,1.3903,0.2483,38.3336,0
PM-030,321,1.3802,0.2273,38.5721,0
PM-030,322,1.3894,0.2406,38.4155,0
PM-030,323,1.3937,0.2366,38.0854,0
PM-030,324,1.3851,0.241,37.6332,0
PM-030,325,1.388,0.247,38.3071,0
PM-030,326,1.4235,0.2514,38.3024,0
PM-030,327,1.3958,0.232,38.3309,0
PM-030,328,1.4017,0.2333,37.9198,0
PM-030,329,1.3942,0.2562,38.213,0
PM-030,330,1.3958,0.2452,38.3244,0
PM-030,331,1.4002,0.2383,38.0275,0
PM-030,332,1.4154,0.2325,38.6517,0
PM-030,333,1.3983,0.2397,38.408,0
PM-030,334,1.3822,0.2475,38.2145,0
PM-030,335,1.4035,0.2286,37.9721,0
PM-030,336,1.3586,0.232,38.0271,0
PM-030,337,1.3819,0.2372,38.1992,0
PM-030,338,1.4052,0.2474,38.3751,0
PM-030,339,1.4091,0.243,38.1965,0
PM-030,340,1.4138,0.2493,37.7354,0
PM-030,341,1.3918,0.2118,37.6331,0
PM-030,342,1.3851,0.237,38.0527,0
PM-030,343,1.3597,0.2505,37.9679,0
PM-030,344,1.405,0.2287,38.0307,0
PM-030,345,1.4039,0.2336,38.2311,0
PM-030,346,1.4008,0.2175,38.3233,0
PM-030,347,1.3765,0.2222,37.962,0
PM-030,348,1.4115,0.2149,38.3753,0
PM-030,349,1.402,0.24,38.254,0
PM-030,350,1.3895,0.2491,38.052,0
PM-030,351,1.3628,0.2377,38.4204,0
PM-030,352,1.4051,0.2661,38.104,0
PM-030,353,1.392,0.2354,37.9471,0
PM-030,354,1.3858,0.2233,37.4918,0
PM-030,355,1.3836,0.2392,38.3692,0
PM-030,356,1.3837,0.2304,38.4892,0
PM-030,357,1.3686,0.2364,38.4671,0
PM-030,358,1.3811,0.2159,38.692,0
PM-030,359,1.4112,0.2513,38.1532,0
PM-030,360,1.4081,0.2015,38.0488,0
PM-030,361,1.4142,0.2179,38.0799,0
PM-030,362,1.4016,0.2271,38.1822,0
PM-030,363,1.403,0.2434,38.0597,0
PM-030,364,1.3864,0.2448,38.2817,0
PM-030,365,1.4164,0.2406,38.282,0
PM-030,366,1.4359,0.2435,38.2093,0
PM-030,367,1.4155,0.2597,37.8431,0
PM-030,368,1.4297,0.2312,37.6318,0
PM-030,369,1.4485,0.2358,38.1895,0
PM-030,370,1.4455,0.2502,38.4444,0
PM-030,371,1.4348,0.2654,38.1079,0
PM-030,372,1.4762,0.2416,38.2117,0
PM-030,373,1.4833,0.2587,38.4131,0
PM-030,374,1.475,0.2376,38.0109,0
PM-030,375,1.5019,0.2477,38.0773,0
PM-030,376,1.5218,0.255,38.727,0
PM-030,377,1.4871,0.2374,38.121,0
PM-030,378,1.5627,0.239,38.5595,0
PM-030,379,1.539,0.2376,38.1966,0
PM-030,380,1.5365,0.2578,38.1284,0
PM-030,381,1.5235,0.2552,37.8359,0
PM-030,382,1.5465,0.2622,38.309,0
PM-030,383,1.5378,0.2364,38.5361,0
PM-030,384,1.5533,0.2431,38.5216,0
PM-030,385,1.5805,0.2459,38.9343,0
PM-030,386,1.5614,0.2786,38.7759,0
PM-030,387,1.5976,0.2758,37.7503,0
PM-030,388,1.6284,0.2901,37.7555,0
PM-030,389,1.6261,0.2831,38.0967,0
PM-030,390,1.5915,0.2899,38.4224,0
PM-030,391,1.6007,0.2944,39.1942,0
PM-030,392,1.6278,0.3121,37.8925,0
PM-030,393,1.5989,0.3247,38.5337,0
PM-030,394,1.668,0.3067,38.5563,0
PM-030,395,1.5903,0.3211,38.4899,0
PM-030,396,1.6353,0.334,38.126,0
PM-030,397,1.6552,0.3194,38.6544,0
PM-030,398,1.6554,0.3197,37.9228,0
PM-030,399,1.6648,0.3364,38.3715,0
PM-030,400,1.6648,0.3442,38.3636,0
PM-030,401,1.6689,0.3447,38.1545,0
PM-030,402,1.6967,0.3409,38.1393,0
PM-030,403,1.7036,0.382,38.1934,0
PM-030,404,1.7374,0.3804,37.7907,0
PM-030,405,1.7125,0.3855,38.3689,0
PM-030,406,1.7237,0.3806,38.763,0
PM-030,407,1.7331,0.3704,37.8619,0
PM-030,408,1.7423,0.3739,38.3972,0
PM-030,409,1.745,0.3785,38.8782,0
PM-030,410,1.7512,0.3966,39.0078,0
PM-030,411,1.79,0.387,39.6178,0
PM-030,412,1.7935,0.4225,39.2878,0
PM-030,413,1.7742,0.3972,39.8659,0
PM-030,414,1.8095,0.3953,39.7617,0
PM-030,415,1.7787,0.4204,39.8444,0
PM-030,416,1.8321,0.4242,39.6846,0
PM-030,417,1.8115,0.4418,40.0896,0
PM-030,418,1.818,0.403,39.2509,0
PM-030,419,1.8305,0.4183,39.9508,0
PM-030,420,1.8292,0.4723,40.2744,0
PM-030,421,1.8558,0.4539,39.6393,0
PM-030,422,1.8411,0.4331,41.0122,1
PM-030,423,1.8204,0.4503,40.5441,1
PM-030,424,1.8448,0.4632,40.7378,1
PM-030,425,1.8754,0.4744,40.9497,1
PM-030,426,1.8875,0.4886,40.512,1
PM-030,427,1.9016,0.4614,40.9424,1
PM-030,428,1.8977,0.4884,41.422,1
PM-030,429,1.884,0.5118,41.2661,1
PM-030,430,1.8962,0.4734,41.1086,1
PM-030,431,1.8903,0.5023,41.8292,1
PM-030,432,1.9087,0.4856,41.7126,1
PM-030,433,1.9357,0.5118,41.615,1
PM-030,434,1.9381,0.5365,41.6741,1
PM-030,435,1.9485,0.5256,41.8704,1
PM-030,436,1.969,0.5032,42.4793,1
PM-030,437,1.9654,0.5071,42.6234,1
PM-030,438,1.9543,0.5312,42.7344,1
PM-030,439,1.9606,0.5307,43.0114,1
PM-030,440,1.9462,0.565,42.3625,1
PM-030,441,1.9813,0.5531,43.1109,1
PM-030,442,2.0089,0.5547,42.9274,1
PM-030,443,2.0419,0.5707,43.5391,1
PM-030,444,2.0099,0.5293,43.6206,1
PM-030,445,2.0332,0.5721,43.2726,1
PM-030,446,2.0268,0.5655,43.5845,1
PM-030,447,2.0187,0.5911,44.3102,1
PM-030,448,2.0371,0.5609,43.7968,1
PM-030,449,2.0631,0.5967,44.4364,1
PM-030,450,2.0808,0.5679,43.713,1
PM-030,451,2.0803,0.5934,44.6666,1
PM-030,452,2.0611,0.6197,44.1454,1
PM-030,453,2.0928,0.598,44.6361,1
PM-030,454,2.1167,0.6193,45.1694,1
PM-030,455,2.0885,0.6221,44.9786,1
PM-030,456,2.0916,0.6267,45.0523,1
PM-030,457,2.1369,0.6481,44.7205,1
PM-030,458,2.1318,0.6163,44.8921,1
PM-030,459,2.1302,0.6584,45.396,1
PM-030,460,2.1422,0.653,45.5222,1
PM-030,461,2.1565,0.6428,45.2071,1
PM-030,462,2.1523,0.6447,45.8087,1
PM-030,463,2.1951,0.6702,45.2074,1
PM-030,464,2.1595,0.6671,45.4482,1
PM-030,465,2.1805,0.679,46.4295,1
PM-030,466,2.2239,0.6592,46.1001,1
PM-030,467,2.1932,0.6715,46.2929,1
PM-030,468,2.2013,0.6966,46.7985,1
PM-030,469,2.2133,0.6851,46.2121,1
PM-030,470,2.2592,0.7112,46.7678,1
PM-030,471,2.2227,0.7269,46.7282,1
PM-030,472,2.1995,0.7118,46.536,1
PM-030,473,2.2468,0.7331,46.5308,1
PM-030,474,2.2311,0.7311,47.0109,1
PM-030,475,2.2651,0.7295,47.5558,1
PM-030,476,2.2516,0.6901,47.5362,1
PM-030,477,2.2408,0.7475,47.5327,1
PM-030,478,2.2739,0.749,47.151,1
PM-030,479,2.2836,0.7505,47.8776,1
PM-031,0,1.3906,0.2583,37.564,0
PM-031,1,1.3967,0.2699,36.8929,0
PM-031,2,1.3683,0.2605,37.6501,0
PM-031,3,1.4115,0.2731,37.7583,0
PM-031,4,1.3672,0.2635,38.0105,0
PM-031,5,1.4068,0.2565,37.8509,0
PM-031,6,1.3813,0.2544,37.3505,0
PM-031,7,1.3492,0.2652,37.3886,0
PM-031,8,1.3798,0.2586,37.2456,0
PM-031,9,1.3946,0.2488,37.3871,0
PM-031,10,1.3134,0.2533,37.1401,0
PM-031,11,1.3699,0.2394,37.2078,0
PM-031,12,1.3725,0.2583,37.8687,0
PM-031,13,1.3802,0.2441,37.3237,0
PM-031,14,1.396,0.2574,37.0421,0
PM-031,15,1.3629,0.2512,37.3503,0
PM-031,16,1.3648,0.2473,37.4874,0
PM-031,17,1.3836,0.2508,37.6796,0
PM-031,18,1.3849,0.2349,37.3015,0
PM-031,19,1.3731,0.2478,37.1655,0
PM-031,20,1.3649,0.2637,37.1066,0
PM-031,21,1.37,0.2689,37.3812,0
PM-031,22,1.4237,0.2744,36.7513,0
PM-031,23,1.3541,0.2511,37.3076,0
PM-031,24,1.3899,0.2598,36.9485,0
PM-031,25,1.3991,0.2789,36.9907,0
PM-031,26,1.3681,0.2451,37.7741,0
PM-031,27,1.4059,0.2434,37.2607,0
PM-031,28,1.3959,0.2468,37.4664,0
PM-031,29,1.3947,0.2609,37.4854,0
PM-031,30,1.3494,0.2589,37.696,0
PM-031,31,1.3906,0.2293,37.6442,0
PM-031,32,1.3614,0.2139,37.3517,0
PM-031,33,1.3526,0.2499,37.0237,0
PM-031,34,1.3713,0.2255,37.1953,0
PM-031,35,1.3823,0.2764,37.3141,0
PM-031,36,1.3753,0.2619,37.5196,0
PM-031,37,1.3847,0.2604,37.2837,0
PM-031,38,1.3598,0.2541,36.6989,0
PM-031,39,1.3345,0.2723,37.7386,0
PM-031,40,1.362,0.2314,37.5607,0
PM-031,41,1.3896,0.2365,37.36,0
PM-031,42,1.3395,0.2433,37.3272,0
PM-031,43,1.3788,0.2831,37.0443,0
PM-031,44,1.4056,0.2412,37.193,0
PM-031,45,1.3964,0.2394,37.1308,0
PM-031,46,1.3877,0.257,37.2392,0
PM-031,47,1.4115,0.2424,36.92,0
PM-031,48,1.3521,0.2318,37.2855,0
PM-031,49,1.4042,0.2227,37.9081,0
PM-031,50,1.3613,0.2411,37.1559,0
PM-031,51,1.3648,0.2459,37.3524,0
PM-031,52,1.3809,0.2181,37.3496,0
PM-031,53,1.3849,0.2486,37.3112,0
PM-031,54,1.365,0.2656,37.5364,0
PM-031,55,1.371,0.2575,37.6726,0
PM-031,56,1.348,0.2573,37.1427,0
PM-031,57,1.4012,0.2354,37.3875,0
PM-031,58,1.3809,0.2219,36.77,0
PM-031,59,1.367,0.275,37.3406,0
PM-031,60,1.385,0.203,37.6471,0
PM-031,61,1.3853,0.2597,37.4098,0
PM-031,62,1.35,0.2385,37.1246,0
PM-031,63,1.3864,0.2464,37.646,0
PM-031,64,1.388,0.2762,37.4299,0
PM-031,65,1.371,0.2513,36.5969,0
PM-031,66,1.3681,0.259,37.3079,0
PM-031,67,1.3705,0.2453,37.871,0
PM-031,68,1.3808,0.2474,38.1219,0
PM-031,69,1.3491,0.2395,37.0696,0
PM-031,70,1.3599,0.2684,37.0923,0
PM-031,71,1.3759,0.2568,37.6009,0
PM-031,72,1.3621,0.2581,37.2553,0
PM-031,73,1.3755,0.2336,37.0002,0
PM-031,74,1.3823,0.2855,37.2956,0
PM-031,75,1.3747,0.259,37.7142,0
PM-031,76,1.3977,0.2579,37.3454,0
PM-031,77,1.3891,0.2558,37.3798,0
PM-031,78,1.3938,0.2563,37.1881,0
PM-031,79,1.3543,0.226,37.1154,0
PM-031,80,1.3762,0.2653,37.3631,0
PM-031,81,1.3815,0.2589,37.0333,0
PM-031,82,1.3669,0.2325,37.297,0
PM-031,83,1.3809,0.2511,37.151,0
PM-031,84,1.3865,0.2538,37.5266,0
PM-031,85,1.3787,0.2386,37.034,0
PM-031,86,1.3833,0.2563,37.4211,0
PM-031,87,1.4176,0.243,37.501,0
PM-031,88,1.3778,0.2494,37.0786,0
PM-031,89,1.3702,0.2644,37.575,0
PM-031,90,1.3926,0.2408,37.6756,0
PM-031,91,1.3537,0.247,37.0924,0
PM-031,92,1.411,0.2523,37.6819,0
PM-031,93,1.3836,0.2579,37.0847,0
PM-031,94,1.3743,0.2337,37.2578,0
PM-031,95,1.376,0.2358,37.0079,0
PM-031,96,1.3511,0.2591,37.2978,0
PM-031,97,1.3494,0.2487,37.605,0
PM-031,98,1.3726,0.228,37.333,0
PM-031,99,1.3586,0.2529,37.2721,0
PM-031,100,1.3788,0.2232,37.4029,0
PM-031,101,1.3691,0.2357,37.3988,0
PM-031,102,1.3681,0.2479,37.0831,0
PM-031,103,1.3773,0.2212,37.3185,0
PM-031,104,1.3734,0.274,37.2933,0
PM-031,105,1.4057,0.2656,37.3349,0
PM-031,106,1.3741,0.2324,37.1952,0
PM-031,107,1.3785,0.2438,37.6375,0
PM-031,108,1.387,0.253,37.5774,0
PM-031,109,1.3824,0.2497,37.1659,0
PM-031,110,1.4118,0.2592,37.4967,0
PM-031,111,1.3595,0.2857,37.1789,0
PM-031,112,1.3761,0.2509,36.9892,0
PM-031,113,1.3843,0.2549,37.0751,0
PM-031,114,1.3901,0.2353,37.3002,0
PM-031,115,1.3599,0.2589,37.5473,0
PM-031,116,1.3529,0.2409,37.223,0
PM-031,117,1.3885,0.2392,37.3605,0
PM-031,118,1.3709,0.245,37.9142,0
PM-031,119,1.362,0.2465,37.5069,0
PM-031,120,1.3671,0.2411,37.4998,0
PM-031,121,1.3912,0.2694,37.3386,0
PM-031,122,1.3602,0.2382,37.8188,0
PM-031,123,1.3821,0.2376,37.1942,0
PM-031,124,1.3533,0.2487,37.5427,0
PM-031,125,1.4065,0.2662,37.409,0
PM-031,126,1.3617,0.2568,36.867,0
PM-031,127,1.3598,0.2594,37.6608,0
PM-031,128,1.4017,0.2482,37.7869,0
PM-031,129,1.3679,0.243,37.4902,0
PM-031,130,1.3984,0.264,37.708,0
PM-031,131,1.3861,0.2643,37.4064,0
PM-031,132,1.3819,0.2917,37.6616,0
PM-031,133,1.376,0.262,37.0813,0
PM-031,134,1.3691,0.2469,37.1828,0
PM-031,135,1.411,0.257,37.5735,0
PM-031,136,1.3735,0.2326,37.3791,0
PM-031,137,1.3671,0.2347,37.6258,0
PM-031,138,1.3702,0.2232,37.3982,0
PM-031,139,1.3759,0.2612,37.434,0
PM-031,140,1.3633,0.2574,37.2034,0
PM-031,141,1.3897,0.2672,36.654,0
PM-031,142,1.3606,0.2569,37.4257,0
PM-031,143,1.4015,0.2687,37.6758,0
PM-031,144,1.3418,0.2475,37.5902,0
PM-031,145,1.375,0.248,37.7693,0
PM-031,146,1.3827,0.2461,37.0423,0
PM-031,147,1.41,0.2544,37.258,0
PM-031,148,1.3942,0.2259,37.9236,0
PM-031,149,1.3878,0.2828,37.5879,0
PM-031,150,1.3803,0.2408,37.2665,0
PM-031,151,1.3507,0.2796,37.4378,0
PM-031,152,1.393,0.2653,37.3308,0
PM-031,153,1.3595,0.2392,36.9338,0
PM-031,154,1.3532,0.2579,37.7049,0
PM-031,155,1.3757,0.2638,37.6822,0
PM-031,156,1.3693,0.2662,37.3492,0
PM-031,157,1.367,0.2512,36.9752,0
PM-031,158,1.3748,0.2153,37.6006,0
PM-031,159,1.3497,0.2498,37.8433,0
PM-031,160,1.377,0.2215,37.4368,0
PM-031,161,1.3704,0.2639,37.364,0
PM-031,162,1.3979,0.2564,37.6605,0
PM-031,163,1.3737,0.2692,37.2445,0
PM-031,164,1.3389,0.2335,37.4342,0
PM-031,165,1.381,0.2522,37.7636,0
PM-031,166,1.3793,0.2548,37.692,0
PM-031,167,1.342,0.2607,37.7929,0
PM-031,168,1.3899,0.2546,37.6389,0
PM-031,169,1.3326,0.248,37.0085,0
PM-031,170,1.3832,0.2348,37.653,0
PM-031,171,1.3672,0.2306,37.1147,0
PM-031,172,1.3493,0.2494,37.583,0
PM-031,173,1.3627,0.228,37.3939,0
PM-031,174,1.3748,0.2424,37.1625,0
PM-031,175,1.4012,0.241,36.9657,0
PM-031,176,1.3738,0.2578,37.5362,0
PM-031,177,1.3436,0.2682,37.4611,0
PM-031,178,1.387,0.2897,37.6257,0
PM-031,179,1.387,0.2465,37.3964,0
PM-031,180,1.3515,0.2512,37.8858,0
PM-031,181,1.3841,0.2834,37.5569,0
PM-031,182,1.3812,0.2478,37.9894,0
PM-031,183,1.3663,0.239,37.1335,0
PM-031,184,1.4208,0.2521,37.4232,0
PM-031,185,1.386,0.2461,37.1689,0
PM-031,186,1.3593,0.2372,36.7974,0
PM-031,187,1.3767,0.2265,37.5628,0
PM-031,188,1.3923,0.2409,37.499,0
PM-031,189,1.3901,0.2725,37.281,0
PM-031,190,1.3473,0.2363,36.8995,0
PM-031,191,1.3851,0.2016,37.0973,0
PM-031,192,1.3758,0.2337,37.1399,0
PM-031,193,1.3921,0.2331,37.2608,0
PM-031,194,1.3941,0.2443,38.1192,0
PM-031,195,1.3975,0.2671,36.9815,0
PM-031,196,1.3736,0.2456,37.2758,0
PM-031,197,1.3648,0.2479,36.6774,0
PM-031,198,1.357,0.2751,37.2373,0
PM-031,199,1.3625,0.2489,37.4076,0
PM-031,200,1.3305,0.252,37.5625,0
PM-031,201,1.3873,0.2358,37.8604,0
PM-031,202,1.4041,0.27,37.6343,0
PM-031,203,1.3686,0.25,37.8251,0
PM-031,204,1.3299,0.2389,37.5357,0
PM-031,205,1.371,0.2439,37.8858,0
PM-031,206,1.3923,0.2643,37.1662,0
PM-031,207,1.3645,0.2559,37.5279,0
PM-031,208,1.4126,0.2555,37.8957,0
PM-031,209,1.3886,0.2465,37.1648,0
PM-031,210,1.3916,0.2444,37.3639,0
PM-031,211,1.3591,0.25,37.5761,0
PM-031,212,1.3675,0.2392,37.4181,0
PM-031,213,1.3849,0.2498,37.9659,0
PM-031,214,1.3776,0.2577,37.663,0
PM-031,215,1.3835,0.2354,37.1501,0
PM-031,216,1.3535,0.2301,37.48,0
PM-031,217,1.4004,0.2607,37.6094,0
PM-031,218,1.355,0.2573,37.5568,0
PM-031,219,1.4091,0.255,37.9196,0
PM-031,220,1.3781,0.2566,37.7475,0
PM-031,221,1.3806,0.2272,37.1002,0
PM-031,222,1.4289,0.2514,37.6064,0
PM-031,223,1.3543,0.255,37.7971,0
PM-031,224,1.3382,0.253,37.4583,0
PM-031,225,1.382,0.2817,37.3193,0
PM-031,226,1.3661,0.2473,38.1083,0
PM-031,227,1.3787,0.2586,36.7096,0
PM-031,228,1.3778,0.2473,37.4258,0
PM-031,229,1.3691,0.2305,37.3162,0
PM-031,230,1.4057,0.2518,36.859,0
PM-031,231,1.3521,0.2541,37.0795,0
PM-031,232,1.3802,0.2687,37.5397,0
PM-031,233,1.3559,0.2525,37.6206,0
PM-031,234,1.361,0.2337,37.3712,0
PM-031,235,1.4066,0.2351,37.267,0
PM-031,236,1.3517,0.2386,37.3588,0
PM-031,237,1.3726,0.2086,37.3287,0
PM-031,238,1.4109,0.252,37.3246,0
PM-031,239,1.3642,0.236,37.4301,0
PM-031,240,1.3846,0.276,37.1755,0
PM-031,241,1.4015,0.2688,37.2766,0
PM-031,242,1.3609,0.2284,37.4078,0
PM-031,243,1.3698,0.266,37.5039,0
PM-031,244,1.3359,0.2489,37.49,0
PM-031,245,1.3709,0.2633,37.2287,0
PM-031,246,1.3963,0.2416,37.2989,0
PM-031,247,1.4145,0.2301,37.4261,0
PM-031,248,1.3825,0.2407,37.5387,0
PM-031,249,1.3903,0.2541,37.4566,0
PM-031,250,1.386,0.2386,37.2087,0
PM-031,251,1.3848,0.2444,37.3829,0
PM-031,252,1.3251,0.26,37.7956,0
PM-031,253,1.3878,0.2614,37.6756,0
PM-031,254,1.3719,0.2365,37.5542,0
PM-031,255,1.3969,0.2336,37.6135,0
PM-031,256,1.3813,0.2482,37.3189,0
PM-031,257,1.381,0.2403,38.3059,0
PM-031,258,1.349,0.2117,37.4855,0
PM-031,259,1.3773,0.2579,36.5411,0
PM-031,260,1.3389,0.2432,37.6616,0
PM-031,261,1.3392,0.2566,37.3243,0
PM-031,262,1.3787,0.2495,37.3926,0
PM-031,263,1.3751,0.2665,37.4084,0
PM-031,264,1.3959,0.2433,37.7334,0
PM-031,265,1.3708,0.2465,36.8651,0
PM-031,266,1.3575,0.2394,36.8553,0
PM-031,267,1.3583,0.2602,37.637,0
PM-031,268,1.3419,0.2748,37.6497,0
PM-031,269,1.4172,0.2665,37.9656,0
PM-031,270,1.3839,0.2383,37.4764,0
PM-031,271,1.3308,0.2475,37.3844,0
PM-031,272,1.3949,0.253,37.2656,0
PM-031,273,1.3476,0.2386,37.3308,0
PM-031,274,1.3615,0.2106,37.3945,0
PM-031,275,1.3662,0.2426,37.4472,0
PM-031,276,1.3664,0.2661,37.1768,0
PM-031,277,1.3591,0.2385,37.4511,0
PM-031,278,1.3788,0.2415,37.3941,0
PM-031,279,1.3832,0.2589,37.3631,0
PM-031,280,1.3598,0.2381,37.4769,0
PM-031,281,1.3901,0.2522,37.282,0
PM-031,282,1.3642,0.262,37.0297,0
PM-031,283,1.366,0.2715,37.7488,0
PM-031,284,1.3796,0.2426,37.322,0
PM-031,285,1.3773,0.2815,37.7053,0
PM-031,286,1.3934,0.2476,37.2491,0
PM-031,287,1.3716,0.2648,37.8858,0
PM-031,288,1.3585,0.2155,37.3228,0
PM-031,289,1.3968,0.2413,37.5338,0
PM-031,290,1.3531,0.2455,37.1614,0
PM-031,291,1.3725,0.2529,37.6053,0
PM-031,292,1.3672,0.2329,36.9418,0
PM-031,293,1.3972,0.2377,37.5527,0
PM-031,294,1.3437,0.2735,38.2331,0
PM-031,295,1.3821,0.2456,37.8296,0
PM-031,296,1.3656,0.2507,36.5681,0
PM-031,297,1.374,0.2673,37.2599,0
PM-031,298,1.3667,0.2434,37.9868,0
PM-031,299,1.3801,0.2505,37.2766,0
PM-031,300,1.3961,0.2378,37.7753,0
PM-031,301,1.3732,0.2675,37.2873,0
PM-031,302,1.3919,0.258,37.3801,0
PM-031,303,1.4029,0.2693,37.2046,0
PM-031,304,1.3612,0.2463,37.3087,0
PM-031,305,1.3963,0.2553,37.1282,0
PM-031,306,1.3585,0.2516,37.6579,0
PM-031,307,1.4069,0.2525,37.3607,0
PM-031,308,1.3711,0.239,37.3747,0
PM-031,309,1.3658,0.2438,37.5764,0
PM-031,310,1.3468,0.2212,37.1126,0
PM-031,311,1.3914,0.2552,37.6802,0
PM-031,312,1.3426,0.2576,36.9666,0
PM-031,313,1.3539,0.2304,37.0591,0
PM-031,314,1.4284,0.2579,36.8436,0
PM-031,315,1.3441,0.2511,37.4484,0
PM-031,316,1.3628,0.2752,37.131,0
PM-031,317,1.3941,0.2621,38.119,0
PM-031,318,1.4245,0.2603,37.4088,0
PM-031,319,1.3827,0.2591,36.84,0
PM-031,320,1.3456,0.2645,37.808,0
PM-031,321,1.4053,0.2467,37.4962,0
PM-031,322,1.3664,0.2775,37.2815,0
PM-031,323,1.3599,0.2475,37.2806,0
PM-031,324,1.3741,0.2634,37.4361,0
PM-031,325,1.3637,0.2401,37.2372,0
PM-031,326,1.3367,0.2635,37.5831,0
PM-031,327,1.4067,0.2556,36.9461,0
PM-031,328,1.3786,0.2527,37.6205,0
PM-031,329,1.4115,0.2314,37.5681,0
PM-031,330,1.3722,0.2884,37.6626,0
PM-031,331,1.3703,0.2703,37.3243,0
PM-031,332,1.3892,0.2441,37.4204,0
PM-031,333,1.401,0.2444,36.4874,0
PM-031,334,1.3604,0.2721,37.8736,0
PM-031,335,1.3612,0.226,37.2578,0
PM-031,336,1.3949,0.2466,36.8011,0
PM-031,337,1.3869,0.2654,37.8729,0
PM-031,338,1.3343,0.2671,37.4539,0
PM-031,339,1.3624,0.2252,36.8414,0
PM-031,340,1.3602,0.2377,37.3661,0
PM-031,341,1.4052,0.2488,36.9354,0
PM-031,342,1.3552,0.2549,37.1723,0
PM-031,343,1.3732,0.2672,37.5929,0
PM-031,344,1.3646,0.2352,37.9888,0
PM-031,345,1.3615,0.2858,37.8838,0
PM-031,346,1.3738,0.2316,37.4095,0
PM-031,347,1.4019,0.2442,37.0028,0
PM-031,348,1.3644,0.2558,37.5394,0
PM-031,349,1.3772,0.2429,37.3613,0
PM-031,350,1.3664,0.2519,37.4768,0
PM-031,351,1.3707,0.2373,37.7733,0
PM-031,352,1.3815,0.2606,37.1754,0
PM-031,353,1.3738,0.2385,37.8223,0
PM-031,354,1.3539,0.2348,37.4184,0
PM-031,355,1.3522,0.2711,36.975,0
PM-031,356,1.3708,0.2436,37.4882,0
PM-031,357,1.3595,0.2538,37.1397,0
PM-031,358,1.3554,0.2465,37.3667,0
PM-031,359,1.3699,0.2441,37.8074,0
PM-031,360,1.3816,0.2536,37.7202,0
PM-031,361,1.3484,0.2811,36.8943,0
PM-031,362,1.4002,0.2247,37.3787,0
PM-031,363,1.3632,0.2728,37.6293,0
PM-031,364,1.3698,0.2579,37.4825,0
PM-031,365,1.3896,0.247,37.1897,0
PM-031,366,1.3321,0.2447,37.4383,0
PM-031,367,1.3555,0.2488,37.7322,0
PM-031,368,1.3773,0.2388,37.675,0
PM-031,369,1.3799,0.2528,37.2694,0
PM-031,370,1.3504,0.2536,37.5083,0
PM-031,371,1.3612,0.2522,37.6784,0
PM-031,372,1.3552,0.2562,37.368,0
PM-031,373,1.3948,0.2661,37.4165,0
PM-031,374,1.3755,0.2465,37.0805,0
PM-031,375,1.3834,0.2508,37.1714,0
PM-031,376,1.3362,0.2582,37.2912,0
PM-031,377,1.3892,0.2294,37.4195,0
PM-031,378,1.3749,0.2468,37.8721,0
PM-031,379,1.3788,0.2239,37.2778,0
PM-031,380,1.3433,0.2711,37.4719,0
PM-031,381,1.3724,0.2287,37.4498,0
PM-031,382,1.3965,0.2588,37.5637,0
PM-031,383,1.4042,0.2728,37.4304,0
PM-031,384,1.3873,0.2756,37.0967,0
PM-031,385,1.3851,0.2346,37.2859,0
PM-031,386,1.4023,0.2372,37.7251,0
PM-031,387,1.3634,0.2664,37.837,0
PM-031,388,1.3574,0.2595,37.7309,0
PM-031,389,1.3669,0.2584,37.0394,0
PM-031,390,1.4194,0.2387,37.3114,0
PM-031,391,1.3729,0.2511,37.5324,0
PM-031,392,1.3842,0.2333,37.0234,0
PM-031,393,1.4095,0.2673,37.0073,0
PM-031,394,1.3835,0.2621,38.017,0
PM-031,395,1.3661,0.2652,37.616,0
PM-031,396,1.3618,0.2447,37.1726,0
PM-031,397,1.3828,0.2267,37.3326,0
PM-031,398,1.3684,0.2192,37.4905,0
PM-031,399,1.3891,0.2282,37.3988,0
PM-031,400,1.348,0.2517,37.7488,0
PM-031,401,1.3654,0.2455,38.0321,0
PM-031,402,1.3607,0.2359,37.3964,0
PM-031,403,1.4239,0.2537,37.2006,0
PM-031,404,1.3875,0.2611,37.58,0
PM-031,405,1.3912,0.2639,37.3594,0
PM-031,406,1.373,0.2625,36.6647,0
PM-031,407,1.3237,0.2409,37.2951,0
PM-031,408,1.3894,0.2427,37.7496,0
PM-031,409,1.3784,0.2382,37.777,0
PM-031,410,1.3811,0.2304,37.6274,0
PM-031,411,1.3908,0.2307,37.4302,0
PM-031,412,1.3877,0.2249,37.7147,0
PM-031,413,1.3618,0.2369,37.3128,0
PM-031,414,1.3895,0.2649,37.8975,0
PM-031,415,1.3577,0.2554,37.6026,0
PM-031,416,1.3853,0.2352,37.475,0
PM-031,417,1.382,0.2405,37.543,0
PM-031,418,1.3797,0.2296,37.588,0
PM-031,419,1.3778,0.2215,37.308,0
PM-031,420,1.378,0.2391,37.4917,0
PM-031,421,1.3698,0.2653,37.4793,0
PM-031,422,1.4136,0.2283,37.494,0
PM-031,423,1.3759,0.2562,37.7906,0
PM-031,424,1.3469,0.259,37.4991,0
PM-031,425,1.3574,0.2677,37.4162,0
PM-031,426,1.3607,0.2563,37.6847,0
PM-031,427,1.3819,0.2435,37.1597,0
PM-031,428,1.3593,0.2618,37.681,0
PM-031,429,1.3705,0.2849,37.3265,0
PM-031,430,1.3741,0.244,37.3628,0
PM-031,431,1.3748,0.2586,37.3396,0
PM-031,432,1.3877,0.2259,37.2108,0
PM-031,433,1.3692,0.2461,36.848,0
PM-031,434,1.3935,0.2279,37.2085,0
PM-031,435,1.375,0.2805,37.3821,0
PM-031,436,1.3845,0.2276,37.1475,0
PM-031,437,1.3616,0.2419,37.7031,0
PM-031,438,1.3646,0.259,37.1668,0
PM-031,439,1.37,0.2139,37.3767,0
PM-031,440,1.3753,0.247,37.9876,0
PM-031,441,1.3743,0.2091,37.0321,0
PM-031,442,1.3747,0.2487,37.1541,0
PM-031,443,1.3551,0.2707,37.6949,0
PM-031,444,1.3981,0.2405,37.6081,0
PM-031,445,1.3242,0.2437,37.2326,0
PM-031,446,1.3705,0.2516,37.3466,0
PM-031,447,1.353,0.2387,37.5535,0
PM-031,448,1.3826,0.2738,37.4917,0
PM-031,449,1.4053,0.2282,37.5752,0
PM-031,450,1.3907,0.2572,37.0378,0
PM-031,451,1.3819,0.2445,37.5715,0
PM-031,452,1.3738,0.2414,38.0825,0
PM-031,453,1.3607,0.2541,37.5636,0
PM-031,454,1.3697,0.267,37.657,0
PM-031,455,1.3418,0.2592,37.9299,0
PM-031,456,1.3603,0.2292,37.3074,0
PM-031,457,1.3749,0.2504,37.7122,0
PM-031,458,1.3617,0.2579,37.6292,0
PM-031,459,1.3776,0.2405,37.051,0
PM-031,460,1.3448,0.2279,36.9151,0
PM-031,461,1.4061,0.2472,38.0108,0
PM-031,462,1.3829,0.2269,37.3386,0
PM-031,463,1.3881,0.2546,37.267,0
PM-031,464,1.3933,0.2341,37.4494,0
PM-031,465,1.3913,0.2443,37.5459,0
PM-031,466,1.373,0.2528,37.5221,0
PM-031,467,1.3696,0.2707,37.4742,0
PM-031,468,1.3866,0.2669,37.5745,0
PM-031,469,1.3565,0.2607,37.4738,0
PM-031,470,1.3615,0.267,37.0891,0
PM-031,471,1.3645,0.2436,37.0153,0
PM-031,472,1.3752,0.2399,37.4659,0
PM-031,473,1.4101,0.2493,37.5426,0
PM-031,474,1.3752,0.2452,37.6172,0
PM-031,475,1.3568,0.2649,37.1658,0
PM-031,476,1.4025,0.2444,37.1505,0
PM-031,477,1.3776,0.2263,37.0758,0
PM-031,478,1.385,0.2676,37.2217,0
PM-031,479,1.4011,0.2437,37.4526,0
PM-032,0,1.4657,0.3142,35.5866,0
PM-032,1,1.4481,0.2827,35.4774,0
PM-032,2,1.4755,0.2763,35.7978,0
PM-032,3,1.393,0.2797,35.5027,0
PM-032,4,1.4493,0.2603,35.5487,0
PM-032,5,1.4515,0.2724,35.7827,0
PM-032,6,1.4491,0.2873,35.8966,0
PM-032,7,1.469,0.272,35.4845,0
PM-032,8,1.4799,0.2639,35.4775,0
PM-032,9,1.4446,0.2649,35.6374,0
PM-032,10,1.4721,0.249,35.4487,0
PM-032,11,1.4502,0.3012,35.1555,0
PM-032,12,1.4652,0.2753,35.6523,0
PM-032,13,1.4724,0.2757,35.5938,0
PM-032,14,1.4505,0.2807,35.277,0
PM-032,15,1.4511,0.2842,35.1195,0
PM-032,16,1.4651,0.2914,35.6795,0
PM-032,17,1.4209,0.268,34.9059,0
PM-032,18,1.4407,0.264,35.5832,0
PM-032,19,1.4679,0.2702,35.7269,0
PM-032,20,1.4461,0.2642,36.0263,0
PM-032,21,1.4644,0.2611,35.7381,0
PM-032,22,1.4437,0.2854,35.2012,0
PM-032,23,1.4409,0.283,35.2773,0
PM-032,24,1.453,0.2727,35.6167,0
PM-032,25,1.4682,0.3183,35.627,0
PM-032,26,1.4441,0.3067,35.9436,0
PM-032,27,1.4834,0.2813,35.8485,0
PM-032,28,1.4488,0.2786,35.6367,0
PM-032,29,1.4562,0.2788,36.0202,0
PM-032,30,1.4593,0.2807,35.652,0
PM-032,31,1.4393,0.2614,35.9038,0
PM-032,32,1.4677,0.2611,35.278,0
PM-032,33,1.4618,0.2729,35.3066,0
PM-032,34,1.4157,0.2708,35.6428,0
PM-032,35,1.4422,0.2578,35.4271,0
PM-032,36,1.4589,0.3015,35.6175,0
PM-032,37,1.4685,0.2885,35.4293,0
PM-032,38,1.4666,0.2946,35.4583,0
PM-032,39,1.4482,0.2692,35.2265,0
PM-032,40,1.4683,0.3018,35.5851,0
PM-032,41,1.4371,0.2937,35.9564,0
PM-032,42,1.4305,0.2798,36.1974,0
PM-032,43,1.4843,0.2639,35.1861,0
PM-032,44,1.4548,0.2884,35.8194,0
PM-032,45,1.4587,0.282,35.4762,0
PM-032,46,1.4352,0.2898,35.392,0
PM-032,47,1.4145,0.2799,35.6893,0
PM-032,48,1.4863,0.2782,35.2057,0
PM-032,49,1.4722,0.277,35.5556,0
PM-032,50,1.4246,0.2854,35.6505,0
PM-032,51,1.4494,0.2918,35.9212,0
PM-032,52,1.4542,0.2858,35.7077,0
PM-032,53,1.4813,0.2641,35.2779,0
PM-032,54,1.4241,0.2855,35.5696,0
PM-032,55,1.4257,0.2748,36.2508,0
PM-032,56,1.4564,0.2998,35.2126,0
PM-032,57,1.4537,0.2854,35.8112,0
PM-032,58,1.4428,0.2925,35.7511,0
PM-032,59,1.4496,0.2713,35.158,0
PM-032,60,1.4095,0.2676,35.5573,0
PM-032,61,1.4343,0.2829,35.8505,0
PM-032,62,1.4228,0.286,35.5956,0
PM-032,63,1.4134,0.2913,35.3229,0
PM-032,64,1.4992,0.2952,35.5608,0
PM-032,65,1.4478,0.2568,36.1306,0
PM-032,66,1.4308,0.2783,35.4109,0
PM-032,67,1.457,0.2774,35.4157,0
PM-032,68,1.4571,0.3003,35.6182,0
PM-032,69,1.404,0.2834,35.1606,0
PM-032,70,1.4204,0.2556,35.8154,0
PM-032,71,1.4188,0.2925,35.8469,0
PM-032,72,1.4306,0.2849,35.957,0
PM-032,73,1.4362,0.2962,35.6542,0
PM-032,74,1.434,0.2901,35.3857,0
PM-032,75,1.4755,0.2604,35.9964,0
PM-032,76,1.4522,0.2884,35.4855,0
PM-032,77,1.4557,0.2398,35.6691,0
PM-032,78,1.4216,0.2889,35.4431,0
PM-032,79,1.4369,0.2603,35.6588,0
PM-032,80,1.4309,0.2769,35.5055,0
PM-032,81,1.4273,0.2719,35.4264,0
PM-032,82,1.4672,0.2948,35.2078,0
PM-032,83,1.4517,0.2735,35.3398,0
PM-032,84,1.4507,0.2848,34.805,0
PM-032,85,1.4679,0.2884,35.5957,0
PM-032,86,1.4303,0.2851,35.4071,0
PM-032,87,1.4732,0.2912,35.6094,0
PM-032,88,1.4317,0.2852,35.8412,0
PM-032,89,1.4411,0.2839,35.4596,0
PM-032,90,1.413,0.2528,35.6504,0
PM-032,91,1.4783,0.2632,35.3621,0
PM-032,92,1.4538,0.2783,35.6893,0
PM-032,93,1.4582,0.2774,35.6446,0
PM-032,94,1.4253,0.2714,35.9822,0
PM-032,95,1.4573,0.2819,35.3418,0
PM-032,96,1.4317,0.2616,35.053,0
PM-032,97,1.4424,0.2719,35.659,0
PM-032,98,1.4685,0.2683,35.9783,0
PM-032,99,1.4581,0.299,35.2618,0
PM-032,100,1.4713,0.2676,35.365,0
PM-032,101,1.4466,0.265,35.7323,0
PM-032,102,1.4646,0.2851,35.5867,0
PM-032,103,1.4714,0.2841,35.56,0
PM-032,104,1.4453,0.2645,35.3144,0
PM-032,105,1.4387,0.2619,35.2585,0
PM-032,106,1.4295,0.2938,35.361,0
PM-032,107,1.4643,0.2681,35.6604,0
PM-032,108,1.4315,0.2807,36.2869,0
PM-032,109,1.4339,0.2733,35.2473,0
PM-032,110,1.4698,0.2966,35.324,0
PM-032,111,1.4447,0.284,35.6237,0
PM-032,112,1.4293,0.2632,35.234,0
PM-032,113,1.4683,0.2877,36.1041,0
PM-032,114,1.4277,0.2822,35.6444,0
PM-032,115,1.4553,0.2869,36.5627,0
PM-032,116,1.511,0.2831,36.088,0
PM-032,117,1.4306,0.2762,35.3644,0
PM-032,118,1.4529,0.2856,36.2934,0
PM-032,119,1.4292,0.2976,35.4796,0
PM-032,120,1.4367,0.2742,36.1978,0
PM-032,121,1.4086,0.2845,35.9414,0
PM-032,122,1.4285,0.2857,35.3866,0
PM-032,123,1.4871,0.2584,35.7773,0
PM-032,124,1.4392,0.2756,35.5169,0
PM-032,125,1.47,0.2806,35.1818,0
PM-032,126,1.4555,0.2819,35.9192,0
PM-032,127,1.4548,0.2551,35.9603,0
PM-032,128,1.4709,0.2858,35.6946,0
PM-032,129,1.4556,0.2953,36.0161,0
PM-032,130,1.4588,0.2875,35.6677,0
PM-032,131,1.4962,0.2473,35.4096,0
PM-032,132,1.4322,0.3095,35.5427,0
PM-032,133,1.4081,0.2658,35.7761,0
PM-032,134,1.4488,0.2765,35.6707,0
PM-032,135,1.471,0.2919,35.3648,0
PM-032,136,1.4541,0.3013,35.6742,0
PM-032,137,1.4364,0.2608,35.68,0
PM-032,138,1.4439,0.2745,35.6728,0
PM-032,139,1.4343,0.2971,35.5824,0
PM-032,140,1.4875,0.2932,35.5808,0
PM-032,141,1.4222,0.2877,35.7455,0
PM-032,142,1.4338,0.2605,35.5996,0
PM-032,143,1.4525,0.2801,35.6046,0
PM-032,144,1.4717,0.2682,36.1722,0
PM-032,145,1.4145,0.2668,35.2455,0
PM-032,146,1.4522,0.2837,36.1296,0
PM-032,147,1.4521,0.2904,35.2771,0
PM-032,148,1.4202,0.2973,35.886,0
PM-032,149,1.4526,0.2646,36.3328,0
PM-032,150,1.4644,0.2673,35.6194,0
PM-032,151,1.4187,0.2795,35.4642,0
PM-032,152,1.4956,0.2891,34.8449,0
PM-032,153,1.4846,0.2838,36.0656,0
PM-032,154,1.4534,0.28,35.3532,0
PM-032,155,1.4609,0.2941,35.0776,0
PM-032,156,1.4314,0.2592,36.1391,0
PM-032,157,1.4702,0.2723,35.9263,0
PM-032,158,1.4205,0.2823,35.8838,0
PM-032,159,1.437,0.2776,35.7545,0
PM-032,160,1.4709,0.2548,35.5523,0
PM-032,161,1.4294,0.2859,35.5114,0
PM-032,162,1.4641,0.2576,35.4614,0
PM-032,163,1.4879,0.2747,35.9281,0
PM-032,164,1.4267,0.2554,36.0251,0
PM-032,165,1.4639,0.2715,36.0938,0
PM-032,166,1.4354,0.2649,35.6082,0
PM-032,167,1.4424,0.2603,35.5684,0
PM-032,168,1.4529,0.2902,36.4011,0
PM-032,169,1.4723,0.2618,36.4204,0
PM-032,170,1.4488,0.2827,35.3998,0
PM-032,171,1.4476,0.2773,35.8078,0
PM-032,172,1.466,0.272,35.9613,0
PM-032,173,1.4369,0.2945,35.4063,0
PM-032,174,1.4252,0.2733,35.5296,0
PM-032,175,1.4281,0.272,35.441,0
PM-032,176,1.4479,0.2859,35.5789,0
PM-032,177,1.4291,0.2723,35.9009,0
PM-032,178,1.4346,0.2633,35.1423,0
PM-032,179,1.4341,0.2901,35.3844,0
PM-032,180,1.4471,0.2704,35.4387,0
PM-032,181,1.4741,0.2755,35.2272,0
PM-032,182,1.4173,0.2618,35.2517,0
PM-032,183,1.4651,0.2746,35.6233,0
PM-032,184,1.4428,0.2747,35.8862,0
PM-032,185,1.4681,0.3046,35.3401,0
PM-032,186,1.44,0.2806,36.0756,0
PM-032,187,1.4339,0.2919,35.4207,0
PM-032,188,1.4673,0.2791,35.2908,0
PM-032,189,1.4455,0.2869,34.7395,0
PM-032,190,1.466,0.2557,35.5381,0
PM-032,191,1.4456,0.2368,35.4192,0
PM-032,192,1.4562,0.3057,35.8503,0
PM-032,193,1.4659,0.2453,35.5132,0
PM-032,194,1.4842,0.2927,35.4499,0
PM-032,195,1.4501,0.2924,35.8899,0
PM-032,196,1.4453,0.274,35.7361,0
PM-032,197,1.4673,0.2718,35.0486,0
PM-032,198,1.4462,0.2588,36.1836,0
PM-032,199,1.4288,0.276,35.3905,0
PM-032,200,1.4375,0.2902,35.9195,0
PM-032,201,1.4609,0.2922,35.4457,0
PM-032,202,1.4259,0.2665,35.7329,0
PM-032,203,1.4722,0.2592,35.497,0
PM-032,204,1.4424,0.2661,35.7826,0
PM-032,205,1.4678,0.3145,36.1961,0
PM-032,206,1.4636,0.2708,35.8157,0
PM-032,207,1.4087,0.2876,35.7133,0
PM-032,208,1.4494,0.266,35.8417,0
PM-032,209,1.428,0.2935,35.7839,0
PM-032,210,1.4564,0.263,35.4079,0
PM-032,211,1.4181,0.2903,35.6145,0
PM-032,212,1.4371,0.2757,35.9185,0
PM-032,213,1.425,0.2711,35.1297,0
PM-032,214,1.4268,0.274,35.9288,0
PM-032,215,1.4607,0.2926,35.8026,0
PM-032,216,1.4286,0.3031,35.8262,0
PM-032,217,1.4838,0.3028,35.5762,0
PM-032,218,1.438,0.2442,35.6534,0
PM-032,219,1.447,0.2681,35.4539,0
PM-032,220,1.4582,0.2495,35.9878,0
PM-032,221,1.4653,0.2724,35.5808,0
PM-032,222,1.4542,0.2899,36.2122,0
PM-032,223,1.4373,0.2982,35.5371,0
PM-032,224,1.4399,0.2738,35.9285,0
PM-032,225,1.4364,0.2793,35.4497,0
PM-032,226,1.4393,0.298,35.6004,0
PM-032,227,1.4345,0.2712,35.6874,0
PM-032,228,1.4468,0.2778,35.5139,0
PM-032,229,1.4687,0.2864,35.5362,0
PM-032,230,1.4504,0.2655,35.5815,0
PM-032,231,1.434,0.2807,35.5725,0
PM-032,232,1.443,0.2799,35.6932,0
PM-032,233,1.4696,0.2894,35.8889,0
PM-032,234,1.4408,0.282,36.124,0
PM-032,235,1.4495,0.2797,35.6464,0
PM-032,236,1.4531,0.297,35.4709,0
PM-032,237,1.4804,0.2893,35.5853,0
PM-032,238,1.4542,0.2772,35.9513,0
PM-032,239,1.4877,0.2897,35.5776,0
PM-032,240,1.4706,0.2871,35.5325,0
PM-032,241,1.4902,0.28,35.9078,0
PM-032,242,1.4488,0.2686,35.5037,0
PM-032,243,1.489,0.2721,36.2576,0
PM-032,244,1.46,0.293,35.9726,0
PM-032,245,1.498,0.273,35.5978,0
PM-032,246,1.5081,0.2537,35.4133,0
PM-032,247,1.4846,0.2859,35.9303,0
PM-032,248,1.5387,0.2498,35.2952,0
PM-032,249,1.4959,0.2861,35.8329,0
PM-032,250,1.4828,0.2834,34.8356,0
PM-032,251,1.5159,0.2773,35.5737,0
PM-032,252,1.5058,0.2764,35.7001,0
PM-032,253,1.5506,0.2584,35.5217,0
PM-032,254,1.5318,0.2768,35.6408,0
PM-032,255,1.5129,0.2901,34.9519,0
PM-032,256,1.5085,0.307,35.2349,0
PM-032,257,1.5145,0.2659,35.4412,0
PM-032,258,1.5352,0.2939,35.7468,0
PM-032,259,1.5346,0.304,35.4784,0
PM-032,260,1.5441,0.2795,35.8577,0
PM-032,261,1.5236,0.2624,35.8864,0
PM-032,262,1.586,0.2723,35.2251,0
PM-032,263,1.5301,0.2933,35.0976,0
PM-032,264,1.5589,0.2751,35.4009,0
PM-032,265,1.5441,0.2882,35.8368,0
PM-032,266,1.5882,0.285,35.6058,0
PM-032,267,1.5718,0.2926,35.0913,0
PM-032,268,1.5811,0.269,35.7164,0
PM-032,269,1.5553,0.2905,35.7798,0
PM-032,270,1.5654,0.2707,35.4359,0
PM-032,271,1.5843,0.3084,35.0583,0
PM-032,272,1.5934,0.2869,35.4443,0
PM-032,273,1.557,0.2798,35.2383,0
PM-032,274,1.6053,0.2645,35.5886,0
PM-032,275,1.5824,0.3045,36.0745,0
PM-032,276,1.5943,0.2744,36.1053,0
PM-032,277,1.6024,0.2973,35.5672,0
PM-032,278,1.6047,0.2876,35.0369,0
PM-032,279,1.6478,0.3004,35.5791,0
PM-032,280,1.6347,0.2915,35.7145,0
PM-032,281,1.6044,0.2972,35.7789,0
PM-032,282,1.6289,0.2999,35.8229,0
PM-032,283,1.6115,0.2935,35.4678,0
PM-032,284,1.6261,0.3047,35.4755,0
PM-032,285,1.6525,0.3347,35.5644,0
PM-032,286,1.6499,0.3035,35.5752,0
PM-032,287,1.651,0.3044,35.8286,0
PM-032,288,1.6308,0.3347,35.8584,0
PM-032,289,1.6714,0.3372,36.1834,0
PM-032,290,1.6629,0.3026,35.6422,0
PM-032,291,1.6472,0.3063,35.9872,0
PM-032,292,1.6539,0.3068,35.4101,0
PM-032,293,1.709,0.3521,35.8224,0
PM-032,294,1.68,0.3205,35.31,0
PM-032,295,1.6822,0.3603,35.2986,0
PM-032,296,1.6727,0.3425,35.4591,0
PM-032,297,1.6748,0.3259,35.6962,0
PM-032,298,1.6854,0.3531,35.5423,0
PM-032,299,1.6999,0.3513,35.9742,0
PM-032,300,1.684,0.3628,35.5363,0
PM-032,301,1.7058,0.3711,35.956,0
PM-032,302,1.6925,0.3457,35.8949,0
PM-032,303,1.6912,0.3709,35.2451,0
PM-032,304,1.7134,0.3529,35.1038,0
PM-032,305,1.6921,0.3551,36.181,0
PM-032,306,1.6513,0.3583,35.4989,0
PM-032,307,1.6955,0.3599,35.5592,0
PM-032,308,1.7052,0.3736,36.0781,0
PM-032,309,1.7212,0.3603,35.5706,0
PM-032,310,1.7189,0.3895,35.4643,0
PM-032,311,1.7393,0.3799,35.6356,0
PM-032,312,1.7105,0.3687,35.5465,0
PM-032,313,1.713,0.3657,35.4596,0
PM-032,314,1.7473,0.404,35.6837,0
PM-032,315,1.7467,0.3863,35.5013,0
PM-032,316,1.7459,0.3962,35.8874,0
PM-032,317,1.7027,0.401,35.5152,0
PM-032,318,1.765,0.398,35.564,0
PM-032,319,1.7693,0.3993,35.5923,0
PM-032,320,1.7603,0.3827,35.6079,0
PM-032,321,1.7263,0.4042,35.8832,0
PM-032,322,1.7408,0.3982,36.1453,0
PM-032,323,1.8171,0.4033,35.7991,0
PM-032,324,1.7757,0.4095,36.2121,0
PM-032,325,1.7808,0.3891,35.9795,0
PM-032,326,1.7767,0.3953,35.6275,0
PM-032,327,1.7859,0.4239,36.1956,0
PM-032,328,1.8158,0.4056,35.9743,0
PM-032,329,1.8081,0.4302,35.99,0
PM-032,330,1.7853,0.4289,36.471,0
PM-032,331,1.798,0.4312,36.2691,0
PM-032,332,1.7933,0.4378,36.261,0
PM-032,333,1.7797,0.4193,35.7155,0
PM-032,334,1.8678,0.4511,36.0553,0
PM-032,335,1.8055,0.4374,36.992,0
PM-032,336,1.8355,0.4398,36.3966,0
PM-032,337,1.8342,0.4455,36.6444,0
PM-032,338,1.8267,0.4347,37.0811,0
PM-032,339,1.7981,0.4484,36.7611,0
PM-032,340,1.7963,0.4406,36.5113,0
PM-032,341,1.8186,0.4369,37.2515,0
PM-032,342,1.8418,0.4623,36.5783,0
PM-032,343,1.8342,0.4472,37.0479,0
PM-032,344,1.8609,0.4601,36.8186,0
PM-032,345,1.8687,0.4493,37.2017,0
PM-032,346,1.8301,0.457,37.3381,0
PM-032,347,1.8633,0.4511,37.4064,0
PM-032,348,1.8493,0.4396,37.6147,0
PM-032,349,1.8485,0.48,37.2947,0
PM-032,350,1.8851,0.4589,37.6832,0
PM-032,351,1.865,0.469,36.8411,0
PM-032,352,1.8471,0.4869,37.3487,0
PM-032,353,1.844,0.4686,37.7711,0
PM-032,354,1.8629,0.4959,37.5054,0
PM-032,355,1.8828,0.4712,37.1676,0
PM-032,356,1.888,0.4838,37.9001,0
PM-032,357,1.8821,0.4629,38.3615,0
PM-032,358,1.9047,0.4887,38.2231,1
PM-032,359,1.8852,0.4752,38.1577,1
PM-032,360,1.9442,0.4734,38.0169,1
PM-032,361,1.9185,0.5036,37.9903,1
PM-032,362,1.8967,0.4681,38.746,1
PM-032,363,1.9507,0.4915,38.2065,1
PM-032,364,1.91,0.4994,38.2181,1
PM-032,365,1.9015,0.5052,38.3562,1
PM-032,366,1.8967,0.4979,37.9614,1
PM-032,367,1.9122,0.5076,38.3979,1
PM-032,368,1.9339,0.545,38.6001,1
PM-032,369,1.9483,0.5179,38.1362,1
PM-032,370,1.9418,0.5187,38.8518,1
PM-032,371,1.9258,0.5126,38.3658,1
PM-032,372,1.9383,0.5191,38.3938,1
PM-032,373,1.9719,0.5112,39.021,1
PM-032,374,1.9501,0.5214,39.1327,1
PM-032,375,1.9755,0.5379,38.4219,1
PM-032,376,1.9911,0.5556,38.9233,1
PM-032,377,1.9511,0.5178,38.9725,1
PM-032,378,1.9521,0.5351,38.9564,1
PM-032,379,1.9509,0.5307,39.2105,1
PM-032,380,1.963,0.538,39.5139,1
PM-032,381,1.9699,0.5318,39.343,1
PM-032,382,2.0119,0.5547,39.1666,1
PM-032,383,1.9788,0.5433,39.3303,1
PM-032,384,2.0459,0.555,40.0363,1
PM-032,385,2.0167,0.518,39.4069,1
PM-032,386,2.0025,0.5609,39.6409,1
PM-032,387,1.9731,0.5344,39.6686,1
PM-032,388,2.0031,0.5824,39.7445,1
PM-032,389,2.0302,0.5755,39.7833,1
PM-032,390,2.0406,0.5612,39.8492,1
PM-032,391,2.0235,0.5579,39.5782,1
PM-032,392,2.0001,0.5574,39.9464,1
PM-032,393,2.0356,0.5566,40.0647,1
PM-032,394,2.0281,0.5919,39.9581,1
PM-032,395,2.0685,0.5918,40.0707,1
PM-032,396,2.0295,0.5961,40.1313,1
PM-032,397,2.0449,0.5776,40.1256,1
PM-032,398,2.0234,0.6082,40.235,1
PM-032,399,2.0542,0.5975,40.8216,1
PM-032,400,2.044,0.558,40.5028,1
PM-032,401,2.0688,0.5869,40.701,1
PM-032,402,2.0625,0.5922,40.9953,1
PM-032,403,2.0597,0.6248,40.6684,1
PM-032,404,2.0531,0.5738,41.0767,1
PM-032,405,2.0925,0.6167,41.1658,1
PM-032,406,2.113,0.5751,40.3104,1
PM-032,407,2.0751,0.6243,40.989,1
PM-032,408,2.0902,0.6054,40.7095,1
PM-032,409,2.0861,0.6107,40.8895,1
PM-032,410,2.1043,0.6168,41.218,1
PM-032,411,2.0932,0.6297,40.815,1
PM-032,412,2.0708,0.6168,41.4366,1
PM-032,413,2.0955,0.6548,40.9625,1
PM-032,414,2.1025,0.5992,41.7725,1
PM-032,415,2.1076,0.5939,41.2955,1
PM-032,416,2.0622,0.6499,41.1779,1
PM-032,417,2.1181,0.623,41.4521,1
PM-032,418,2.1371,0.6304,41.7403,1
PM-032,419,2.0684,0.6198,41.6497,1
PM-032,420,2.1139,0.659,41.9461,1
PM-032,421,2.1592,0.6453,41.533,1
PM-032,422,2.1479,0.6304,41.7299,1
PM-032,423,2.1475,0.6381,42.5946,1
PM-032,424,2.1574,0.6373,42.2264,1
PM-032,425,2.1793,0.6309,42.3838,1
PM-032,426,2.125,0.6559,42.1134,1
PM-032,427,2.1407,0.6485,41.8651,1
PM-032,428,2.1468,0.646,42.5168,1
PM-032,429,2.1318,0.6903,42.2038,1
PM-032,430,2.123,0.6774,42.1883,1
PM-032,431,2.1447,0.6631,42.1335,1
PM-032,432,2.198,0.6589,42.0294,1
PM-032,433,2.1617,0.6582,42.8109,1
PM-032,434,2.1836,0.6535,42.2319,1
PM-032,435,2.1743,0.6503,42.2773,1
PM-032,436,2.1933,0.7076,42.1193,1
PM-032,437,2.245,0.6885,42.3913,1
PM-032,438,2.2247,0.6916,43.0464,1
PM-032,439,2.2143,0.7038,42.4783,1
PM-032,440,2.2176,0.691,43.0888,1
PM-032,441,2.1916,0.6829,42.8017,1
PM-032,442,2.2234,0.6938,42.8747,1
PM-032,443,2.2057,0.7162,43.2457,1
PM-032,444,2.2253,0.7039,43.48,1
PM-032,445,2.1986,0.7156,43.2423,1
PM-032,446,2.2048,0.7045,43.198,1
PM-032,447,2.2339,0.7207,43.0025,1
PM-032,448,2.2651,0.6845,43.1802,1
PM-032,449,2.2738,0.6898,43.2858,1
PM-032,450,2.2225,0.6783,43.4913,1
PM-032,451,2.2506,0.7236,43.4068,1
PM-032,452,2.2057,0.7089,43.3734,1
PM-032,453,2.254,0.7132,43.8239,1
PM-032,454,2.2138,0.7334,43.9137,1
PM-032,455,2.2338,0.7155,43.7222,1
PM-032,456,2.281,0.7243,43.9807,1
PM-032,457,2.263,0.7448,43.9918,1
PM-032,458,2.2419,0.7297,44.3042,1
PM-032,459,2.2769,0.7177,44.5985,1
PM-032,460,2.262,0.7525,44.5518,1
PM-032,461,2.2991,0.7279,44.5183,1
PM-032,462,2.2865,0.7239,44.2286,1
PM-032,463,2.2655,0.7521,44.5525,1
PM-032,464,2.3117,0.7475,44.1018,1
PM-032,465,2.2688,0.7613,44.7302,1
PM-032,466,2.3075,0.7407,44.3073,1
PM-032,467,2.2888,0.7334,44.7115,1
PM-032,468,2.301,0.7799,44.3296,1
PM-032,469,2.3046,0.7422,44.5681,1
PM-032,470,2.327,0.7642,44.4537,1
PM-032,471,2.2849,0.7607,44.8665,1
PM-032,472,2.335,0.757,44.6341,1
PM-032,473,2.3647,0.7703,45.2128,1
PM-032,474,2.3006,0.7779,45.2092,1
PM-032,475,2.3307,0.7494,44.7763,1
PM-032,476,2.3405,0.754,45.8696,1
PM-032,477,2.3596,0.7578,45.2494,1
PM-032,478,2.342,0.7992,44.4825,1
PM-032,479,2.3476,0.7672,45.4242,1
PM-033,0,1.3208,0.2935,39.0298,0
PM-033,1,1.3394,0.3057,39.7542,0
PM-033,2,1.33,0.3018,39.7876,0
PM-033,3,1.3674,0.2988,39.2419,0
PM-033,4,1.3318,0.2823,39.4091,0
PM-033,5,1.3292,0.3051,39.4871,0
PM-033,6,1.3493,0.2673,39.427,0
PM-033,7,1.3364,0.3274,39.0346,0
PM-033,8,1.3415,0.3007,39.1268,0
PM-033,9,1.3842,0.3241,39.1611,0
PM-033,10,1.3338,0.3271,39.8372,0
PM-033,11,1.3382,0.3014,39.0026,0
PM-033,12,1.3896,0.296,39.5943,0
PM-033,13,1.3269,0.2779,39.554,0
PM-033,14,1.3839,0.2868,39.1249,0
PM-033,15,1.3517,0.3195,39.2271,0
PM-033,16,1.3406,0.3075,39.702,0
PM-033,17,1.3399,0.3114,39.5773,0
PM-033,18,1.3459,0.3085,39.648,0
PM-033,19,1.3247,0.3172,39.5223,0
PM-033,20,1.3731,0.2957,39.4929,0
PM-033,21,1.3536,0.3031,39.8771,0
PM-033,22,1.3549,0.2945,39.7215,0
PM-033,23,1.3542,0.3392,39.5061,0
PM-033,24,1.3704,0.3081,38.8037,0
PM-033,25,1.3309,0.2883,38.9687,0
PM-033,26,1.3377,0.2743,39.0859,0
PM-033,27,1.3504,0.3237,39.01,0
PM-033,28,1.3213,0.2869,39.3745,0
PM-033,29,1.3148,0.2844,39.1812,0
PM-033,30,1.352,0.3013,39.3728,0
PM-033,31,1.3381,0.2843,39.4341,0
PM-033,32,1.3261,0.3181,38.9693,0
PM-033,33,1.3325,0.3079,39.299,0
PM-033,34,1.3591,0.3207,39.6686,0
PM-033,35,1.3216,0.2776,39.3624,0
PM-033,36,1.3545,0.313,39.1831,0
PM-033,37,1.3359,0.2912,39.3374,0
PM-033,38,1.3755,0.2934,39.4645,0
PM-033,39,1.3638,0.3188,39.4081,0
PM-033,40,1.3708,0.3223,39.3855,0
PM-033,41,1.3343,0.3277,39.755,0
PM-033,42,1.3459,0.3047,39.1051,0
PM-033,43,1.3678,0.2679,39.7398,0
PM-033,44,1.3312,0.2701,38.8182,0
PM-033,45,1.3361,0.3056,39.0017,0
PM-033,46,1.3209,0.2875,39.6609,0
PM-033,47,1.3643,0.297,39.7136,0
PM-033,48,1.3594,0.2887,39.6915,0
PM-033,49,1.3199,0.3022,39.0688,0
PM-033,50,1.3485,0.3132,39.4826,0
PM-033,51,1.3454,0.2983,39.6176,0
PM-033,52,1.3883,0.3047,39.2679,0
PM-033,53,1.3414,0.2814,39.0469,0
PM-033,54,1.297,0.288,38.9973,0
PM-033,55,1.3476,0.2873,39.093,0
PM-033,56,1.3035,0.2897,38.8929,0
PM-033,57,1.3597,0.2987,39.3506,0
PM-033,58,1.3746,0.2951,39.5345,0
PM-033,59,1.3594,0.2872,39.2652,0
PM-033,60,1.3464,0.2747,39.9542,0
PM-033,61,1.3488,0.2919,40.0443,0
PM-033,62,1.3236,0.318,39.6626,0
PM-033,63,1.368,0.2923,39.4354,0
PM-033,64,1.3388,0.3099,39.5362,0
PM-033,65,1.3344,0.2872,39.4142,0
PM-033,66,1.339,0.3165,39.6611,0
PM-033,67,1.3617,0.2984,39.1707,0
PM-033,68,1.3595,0.2634,39.4708,0
PM-033,69,1.3294,0.2816,39.2796,0
PM-033,70,1.3439,0.2946,39.6557,0
PM-033,71,1.3421,0.2934,38.9999,0
PM-033,72,1.3203,0.2992,39.6078,0
PM-033,73,1.3404,0.3089,38.9963,0
PM-033,74,1.3536,0.2821,39.1394,0
PM-033,75,1.3303,0.2937,39.5503,0
PM-033,76,1.3529,0.2906,39.6083,0
PM-033,77,1.3794,0.2931,39.4471,0
PM-033,78,1.3334,0.289,39.7931,0
PM-033,79,1.3708,0.2919,39.5657,0
PM-033,80,1.364,0.2882,39.0269,0
PM-033,81,1.3594,0.3084,39.6434,0
PM-033,82,1.3381,0.3178,39.5039,0
PM-033,83,1.3227,0.271,39.3295,0
PM-033,84,1.3501,0.2906,40.0167,0
PM-033,85,1.3537,0.2803,38.7375,0
PM-033,86,1.3503,0.3098,39.9778,0
PM-033,87,1.3416,0.3207,39.011,0
PM-033,88,1.3387,0.2797,39.6563,0
PM-033,89,1.3196,0.3009,39.0461,0
PM-033,90,1.3808,0.2893,39.532,0
PM-033,91,1.3098,0.2725,39.1866,0
PM-033,92,1.3626,0.3048,39.7442,0
PM-033,93,1.3154,0.3025,39.2507,0
PM-033,94,1.3295,0.2869,39.3837,0
PM-033,95,1.3588,0.3118,39.575,0
PM-033,96,1.3583,0.3223,39.6278,0
PM-033,97,1.3413,0.3036,39.9309,0
PM-033,98,1.3282,0.2885,39.8537,0
PM-033,99,1.3398,0.3064,39.8054,0
PM-033,100,1.3205,0.2888,39.78,0
PM-033,101,1.3431,0.2646,39.2656,0
PM-033,102,1.3615,0.3141,39.4339,0
PM-033,103,1.3553,0.2894,39.6896,0
PM-033,104,1.3741,0.3064,39.3832,0
PM-033,105,1.3543,0.3092,39.4269,0
PM-033,106,1.3616,0.3005,39.8444,0
PM-033,107,1.3596,0.2874,39.84,0
PM-033,108,1.3548,0.2928,39.0124,0
PM-033,109,1.3502,0.3224,38.5998,0
PM-033,110,1.2918,0.3064,39.4895,0
PM-033,111,1.3591,0.287,38.7761,0
PM-033,112,1.329,0.3183,39.2832,0
PM-033,113,1.3368,0.2555,38.8773,0
PM-033,114,1.3678,0.291,39.716,0
PM-033,115,1.3305,0.2729,39.3404,0
PM-033,116,1.3342,0.2824,39.1765,0
PM-033,117,1.3429,0.2875,39.1389,0
PM-033,118,1.3817,0.3018,39.4662,0
PM-033,119,1.3443,0.3049,39.5782,0
PM-033,120,1.3249,0.2719,38.7364,0
PM-033,121,1.3815,0.2882,39.5962,0
PM-033,122,1.3497,0.3086,39.3993,0
PM-033,123,1.3191,0.2794,39.3134,0
PM-033,124,1.3139,0.2821,39.059,0
PM-033,125,1.339,0.2875,39.4545,0
PM-033,126,1.3627,0.2913,38.9679,0
PM-033,127,1.3047,0.2974,39.219,0
PM-033,128,1.3425,0.2999,39.8516,0
PM-033,129,1.3107,0.2797,39.3931,0
PM-033,130,1.3228,0.2726,39.8115,0
PM-033,131,1.3247,0.2753,39.0742,0
PM-033,132,1.3673,0.2845,39.0029,0
PM-033,133,1.3288,0.2942,39.6862,0
PM-033,134,1.3618,0.2832,39.2593,0
PM-033,135,1.3877,0.3099,39.3431,0
PM-033,136,1.2997,0.288,39.0206,0
PM-033,137,1.3284,0.2804,39.3493,0
PM-033,138,1.347,0.2839,39.0353,0
PM-033,139,1.342,0.2874,38.8494,0
PM-033,140,1.3578,0.284,39.3378,0
PM-033,141,1.3412,0.2947,39.4624,0
PM-033,142,1.3195,0.2996,39.3154,0
PM-033,143,1.3673,0.3071,39.8155,0
PM-033,144,1.3268,0.3142,39.4469,0
PM-033,145,1.3594,0.305,39.5563,0
PM-033,146,1.3239,0.3092,39.5241,0
PM-033,147,1.3162,0.2877,39.0547,0
PM-033,148,1.3171,0.3077,38.9748,0
PM-033,149,1.3192,0.3246,39.2843,0
PM-033,150,1.3588,0.3118,39.6509,0
PM-033,151,1.3486,0.2944,39.5799,0
PM-033,152,1.3411,0.3053,39.3409,0
PM-033,153,1.3427,0.3231,39.2745,0
PM-033,154,1.346,0.3014,39.5671,0
PM-033,155,1.3515,0.2762,39.4672,0
PM-033,156,1.3505,0.312,39.6404,0
PM-033,157,1.3697,0.2799,39.1198,0
PM-033,158,1.3522,0.3119,39.3585,0
PM-033,159,1.3308,0.2709,39.5275,0
PM-033,160,1.3434,0.2884,39.6902,0
PM-033,161,1.3439,0.2949,39.6886,0
PM-033,162,1.3894,0.2882,39.1558,0
PM-033,163,1.3258,0.3021,39.0915,0
PM-033,164,1.3382,0.2906,39.8856,0
PM-033,165,1.3695,0.2719,39.8941,0
PM-033,166,1.3213,0.2973,39.1683,0
PM-033,167,1.3379,0.2802,39.9213,0
PM-033,168,1.3428,0.2983,39.0969,0
PM-033,169,1.3173,0.2883,39.5751,0
PM-033,170,1.3432,0.3095,39.4559,0
PM-033,171,1.3457,0.3029,39.4487,0
PM-033,172,1.3645,0.3032,39.6919,0
PM-033,173,1.3599,0.3153,39.6673,0
PM-033,174,1.3806,0.2868,39.6691,0
PM-033,175,1.318,0.3091,39.4356,0
PM-033,176,1.3644,0.3201,39.659,0
PM-033,177,1.3374,0.2786,39.5794,0
PM-033,178,1.3399,0.3049,39.2666,0
PM-033,179,1.327,0.2913,39.5689,0
PM-033,180,1.3481,0.2827,39.9588,0
PM-033,181,1.3428,0.261,39.6983,0
PM-033,182,1.3454,0.2924,39.3615,0
PM-033,183,1.3419,0.32,39.558,0
PM-033,184,1.3508,0.291,39.9372,0
PM-033,185,1.3625,0.3098,39.5021,0
PM-033,186,1.3656,0.3008,39.3072,0
PM-033,187,1.353,0.3264,39.4798,0
PM-033,188,1.371,0.3128,39.5875,0
PM-033,189,1.3788,0.2623,38.8677,0
PM-033,190,1.3802,0.2852,39.4522,0
PM-033,191,1.3806,0.2979,39.9255,0
PM-033,192,1.3379,0.3042,39.4361,0
PM-033,193,1.3754,0.291,39.1293,0
PM-033,194,1.3363,0.2886,39.2245,0
PM-033,195,1.3318,0.3117,39.841,0
PM-033,196,1.3535,0.2852,39.2434,0
PM-033,197,1.3042,0.3006,39.2138,0
PM-033,198,1.375,0.2742,39.2409,0
PM-033,199,1.3437,0.3019,39.9595,0
PM-033,200,1.3182,0.2904,38.9902,0
PM-033,201,1.3614,0.2852,39.3876,0
PM-033,202,1.3422,0.2967,39.3717,0
PM-033,203,1.3262,0.2962,39.1803,0
PM-033,204,1.3619,0.2958,39.1067,0
PM-033,205,1.3938,0.3198,40.1517,0
PM-033,206,1.3388,0.2824,39.6606,0
PM-033,207,1.3678,0.2979,38.7875,0
PM-033,208,1.326,0.3013,39.2206,0
PM-033,209,1.3183,0.2911,38.4446,0
PM-033,210,1.3336,0.2885,39.5117,0
PM-033,211,1.3566,0.3006,39.6878,0
PM-033,212,1.3423,0.2731,39.4319,0
PM-033,213,1.3281,0.2746,39.5923,0
PM-033,214,1.3174,0.3051,39.031,0
PM-033,215,1.3398,0.2865,39.7597,0
PM-033,216,1.3575,0.2826,39.3714,0
PM-033,217,1.3722,0.3173,39.008,0
PM-033,218,1.3719,0.3135,39.4722,0
PM-033,219,1.3438,0.2867,39.0426,0
PM-033,220,1.3524,0.2924,39.5491,0
PM-033,221,1.3548,0.3327,39.7776,0
PM-033,222,1.3566,0.2629,39.5363,0
PM-033,223,1.3773,0.2885,40.0758,0
PM-033,224,1.3565,0.2993,39.1214,0
PM-033,225,1.3757,0.2825,39.2493,0
PM-033,226,1.308,0.3084,39.5949,0
PM-033,227,1.3458,0.306,39.6124,0
PM-033,228,1.3383,0.2831,38.904,0
PM-033,229,1.3421,0.2753,39.4674,0
PM-033,230,1.3424,0.2889,39.7326,0
PM-033,231,1.3259,0.2672,39.351,0
PM-033,232,1.3308,0.2967,39.1446,0
PM-033,233,1.354,0.2803,39.1235,0
PM-033,234,1.3579,0.2942,39.0625,0
PM-033,235,1.3266,0.2893,39.0757,0
PM-033,236,1.3399,0.2911,39.1435,0
PM-033,237,1.3586,0.2796,39.7923,0
PM-033,238,1.3412,0.285,39.5804,0
PM-033,239,1.3463,0.3063,38.8183,0
PM-033,240,1.356,0.2871,39.4299,0
PM-033,241,1.3439,0.3151,38.8605,0
PM-033,242,1.3779,0.3055,39.4643,0
PM-033,243,1.3169,0.2698,39.2503,0
PM-033,244,1.3583,0.2948,39.5921,0
PM-033,245,1.3163,0.2956,39.7472,0
PM-033,246,1.3747,0.2761,39.3131,0
PM-033,247,1.3388,0.2855,39.691,0
PM-033,248,1.403,0.2782,39.5461,0
PM-033,249,1.3515,0.2997,39.8185,0
PM-033,250,1.3531,0.2629,38.9876,0
PM-033,251,1.3243,0.2837,39.3768,0
PM-033,252,1.3413,0.2676,38.936,0
PM-033,253,1.3032,0.2716,39.716,0
PM-033,254,1.3402,0.2806,38.8434,0
PM-033,255,1.3254,0.304,39.5613,0
PM-033,256,1.3406,0.2909,38.8873,0
PM-033,257,1.3301,0.3033,39.2162,0
PM-033,258,1.3781,0.313,39.2825,0
PM-033,259,1.3403,0.3283,39.6728,0
PM-033,260,1.347,0.2977,39.4633,0
PM-033,261,1.3453,0.2789,39.2979,0
PM-033,262,1.3169,0.3058,39.3789,0
PM-033,263,1.3611,0.2758,39.8453,0
PM-033,264,1.3716,0.2713,39.2669,0
PM-033,265,1.3377,0.2733,39.3407,0
PM-033,266,1.3568,0.2879,38.9048,0
PM-033,267,1.3611,0.283,39.2127,0
PM-033,268,1.3792,0.3009,39.1759,0
PM-033,269,1.3218,0.3094,39.6877,0
PM-033,270,1.3355,0.276,39.5343,0
PM-033,271,1.3575,0.2893,39.0877,0
PM-033,272,1.3461,0.3018,39.2725,0
PM-033,273,1.3509,0.3003,39.7623,0
PM-033,274,1.3372,0.2778,39.3984,0
PM-033,275,1.3794,0.2685,38.7247,0
PM-033,276,1.3435,0.2892,39.3561,0
PM-033,277,1.3407,0.31,39.4059,0
PM-033,278,1.362,0.2578,39.2599,0
PM-033,279,1.3293,0.2606,39.4496,0
PM-033,280,1.3436,0.2879,39.3808,0
PM-033,281,1.3477,0.3101,39.6114,0
PM-033,282,1.3522,0.3295,39.2062,0
PM-033,283,1.3184,0.3125,39.9787,0
PM-033,284,1.3329,0.3156,39.2586,0
PM-033,285,1.3573,0.3045,39.2293,0
PM-033,286,1.3826,0.3243,39.1123,0
PM-033,287,1.3496,0.3086,38.8539,0
PM-033,288,1.3461,0.2701,39.6189,0
PM-033,289,1.3473,0.2893,38.9486,0
PM-033,290,1.3336,0.3027,39.4063,0
PM-033,291,1.3695,0.3118,39.7442,0
PM-033,292,1.3349,0.2993,39.1291,0
PM-033,293,1.3204,0.3126,39.0627,0
PM-033,294,1.3197,0.2965,39.3374,0
PM-033,295,1.3419,0.3295,39.1203,0
PM-033,296,1.3555,0.2962,39.7214,0
PM-033,297,1.3299,0.2915,39.4529,0
PM-033,298,1.3169,0.2678,39.4124,0
PM-033,299,1.3724,0.2896,39.3541,0
PM-033,300,1.3686,0.2927,39.6517,0
PM-033,301,1.3989,0.2863,39.3655,0
PM-033,302,1.3535,0.3173,39.3841,0
PM-033,303,1.3602,0.3001,39.397,0
PM-033,304,1.3372,0.2858,40.3383,0
PM-033,305,1.3148,0.2732,39.4921,0
PM-033,306,1.3497,0.3013,39.1563,0
PM-033,307,1.3251,0.2906,39.6909,0
PM-033,308,1.3253,0.2972,39.265,0
PM-033,309,1.3151,0.2757,39.6917,0
PM-033,310,1.3335,0.3136,39.4075,0
PM-033,311,1.3183,0.3021,39.1782,0
PM-033,312,1.3381,0.3119,39.0317,0
PM-033,313,1.3366,0.2787,39.0615,0
PM-033,314,1.3362,0.2821,39.3365,0
PM-033,315,1.3584,0.2837,38.9782,0
PM-033,316,1.3584,0.2836,39.967,0
PM-033,317,1.3374,0.2929,38.7274,0
PM-033,318,1.3224,0.2607,39.5069,0
PM-033,319,1.344,0.3044,39.6609,0
PM-033,320,1.3648,0.2915,39.4443,0
PM-033,321,1.3572,0.283,39.1372,0
PM-033,322,1.3764,0.2678,39.5686,0
PM-033,323,1.3524,0.2781,39.2183,0
PM-033,324,1.3385,0.2982,39.5241,0
PM-033,325,1.345,0.2977,39.6165,0
PM-033,326,1.3579,0.3179,39.7316,0
PM-033,327,1.346,0.3045,39.5458,0
PM-033,328,1.3489,0.2819,39.4673,0
PM-033,329,1.3043,0.311,39.5237,0
PM-033,330,1.3424,0.2886,39.615,0
PM-033,331,1.3824,0.3005,39.9893,0
PM-033,332,1.3613,0.2828,39.5649,0
PM-033,333,1.3534,0.2828,39.2963,0
PM-033,334,1.3371,0.2964,39.3346,0
PM-033,335,1.351,0.3014,39.7989,0
PM-033,336,1.3566,0.2844,40.052,0
PM-033,337,1.3317,0.2891,39.5979,0
PM-033,338,1.4035,0.3009,39.2262,0
PM-033,339,1.3128,0.2693,39.4219,0
PM-033,340,1.3565,0.2736,39.4852,0
PM-033,341,1.3193,0.2811,39.6082,0
PM-033,342,1.3307,0.3146,39.2433,0
PM-033,343,1.3678,0.3289,39.1949,0
PM-033,344,1.3949,0.2951,39.2289,0
PM-033,345,1.3397,0.2889,39.8392,0
PM-033,346,1.372,0.3145,39.0288,0
PM-033,347,1.3494,0.2717,39.722,0
PM-033,348,1.3359,0.3025,39.2681,0
PM-033,349,1.3105,0.3082,39.7073,0
PM-033,350,1.3484,0.2632,39.6437,0
PM-033,351,1.3309,0.3027,39.2714,0
PM-033,352,1.3379,0.3024,39.1724,0
PM-033,353,1.3423,0.3026,40.0686,0
PM-033,354,1.3441,0.3075,39.0671,0
PM-033,355,1.3795,0.2828,39.379,0
PM-033,356,1.3558,0.2832,39.7429,0
PM-033,357,1.3324,0.3074,39.7389,0
PM-033,358,1.3572,0.3055,40.1779,0
PM-033,359,1.3539,0.2966,39.5195,0
PM-033,360,1.371,0.3299,39.3687,0
PM-033,361,1.3274,0.3124,39.0097,0
PM-033,362,1.3508,0.2995,39.3864,0
PM-033,363,1.3446,0.2701,39.1581,0
PM-033,364,1.3644,0.2643,39.3928,0
PM-033,365,1.3394,0.265,39.9263,0
PM-033,366,1.325,0.3032,39.278,0
PM-033,367,1.3287,0.2914,39.3117,0
PM-033,368,1.3419,0.2831,39.1144,0
PM-033,369,1.3657,0.295,39.4005,0
PM-033,370,1.3278,0.3185,39.3924,0
PM-033,371,1.3077,0.2991,39.1894,0
PM-033,372,1.3638,0.3105,39.6955,0
PM-033,373,1.3364,0.2932,39.4932,0
PM-033,374,1.3635,0.2794,39.4467,0
PM-033,375,1.383,0.2869,39.4108,0
PM-033,376,1.3979,0.2913,38.957,0
PM-033,377,1.3445,0.32,39.7356,0
PM-033,378,1.326,0.3011,39.3659,0
PM-033,379,1.3619,0.2857,39.567,0
PM-033,380,1.3838,0.2557,39.5965,0
PM-033,381,1.372,0.2716,39.2025,0
PM-033,382,1.3377,0.284,39.1769,0
PM-033,383,1.3381,0.3077,39.8649,0
PM-033,384,1.3717,0.3098,39.9683,0
PM-033,385,1.3862,0.2974,39.8479,0
PM-033,386,1.3541,0.2917,39.4037,0
PM-033,387,1.3659,0.3169,39.5928,0
PM-033,388,1.3377,0.2876,38.8626,0
PM-033,389,1.3528,0.2993,39.1052,0
PM-033,390,1.3551,0.3018,38.9735,0
PM-033,391,1.3392,0.3161,39.2287,0
PM-033,392,1.346,0.2973,39.4107,0
PM-033,393,1.3594,0.3089,39.798,0
PM-033,394,1.3393,0.3028,39.6706,0
PM-033,395,1.3433,0.2841,39.4617,0
PM-033,396,1.3335,0.2844,39.4847,0
PM-033,397,1.3419,0.2975,38.9533,0
PM-033,398,1.3421,0.261,39.105,0
PM-033,399,1.3438,0.3131,39.5797,0
PM-033,400,1.3474,0.2893,39.3435,0
PM-033,401,1.3717,0.2783,39.201,0
PM-033,402,1.367,0.2898,40.0004,0
PM-033,403,1.3594,0.3122,38.9309,0
PM-033,404,1.3668,0.2822,39.6334,0
PM-033,405,1.3383,0.2983,39.0868,0
PM-033,406,1.3112,0.2972,39.3305,0
PM-033,407,1.3277,0.2697,38.6161,0
PM-033,408,1.3561,0.2911,39.2375,0
PM-033,409,1.3499,0.3101,39.4995,0
PM-033,410,1.3368,0.3269,39.2279,0
PM-033,411,1.3174,0.2964,39.342,0
PM-033,412,1.3646,0.287,39.3691,0
PM-033,413,1.3283,0.307,39.4617,0
PM-033,414,1.3401,0.2927,39.4122,0
PM-033,415,1.3169,0.3124,39.7498,0
PM-033,416,1.3464,0.2939,39.1196,0
PM-033,417,1.3802,0.3172,39.5369,0
PM-033,418,1.362,0.3134,39.7269,0
PM-033,419,1.3285,0.2902,39.5591,0
PM-033,420,1.3497,0.3062,39.6117,0
PM-033,421,1.3506,0.2559,39.7705,0
PM-033,422,1.3624,0.326,39.2754,0
PM-033,423,1.3088,0.2922,39.5556,0
PM-033,424,1.3368,0.3155,39.2206,0
PM-033,425,1.3436,0.2912,40.2509,0
PM-033,426,1.3275,0.3037,39.0583,0
PM-033,427,1.3525,0.2806,39.7486,0
PM-033,428,1.3638,0.299,39.0012,0
PM-033,429,1.3446,0.2904,39.6677,0
PM-033,430,1.3276,0.3122,39.7088,0
PM-033,431,1.3181,0.2916,39.4032,0
PM-033,432,1.3657,0.2846,39.4809,0
PM-033,433,1.3676,0.2987,38.8614,0
PM-033,434,1.3357,0.3085,39.6524,0
PM-033,435,1.3006,0.2979,39.7024,0
PM-033,436,1.3564,0.3047,40.0373,0
PM-033,437,1.3447,0.2995,39.1368,0
PM-033,438,1.3329,0.2899,39.6735,0
PM-033,439,1.3307,0.3134,39.0907,0
PM-033,440,1.3584,0.3032,39.4959,0
PM-033,441,1.3653,0.2838,39.2788,0
PM-033,442,1.3263,0.2951,39.3826,0
PM-033,443,1.3627,0.3007,39.6255,0
PM-033,444,1.3417,0.301,39.9625,0
PM-033,445,1.3187,0.2673,39.6097,0
PM-033,446,1.3286,0.2742,39.5788,0
PM-033,447,1.3255,0.318,39.4656,0
PM-033,448,1.3416,0.2826,39.4832,0
PM-033,449,1.3138,0.2579,38.9524,0
PM-033,450,1.3684,0.2811,38.9883,0
PM-033,451,1.3438,0.3283,39.7462,0
PM-033,452,1.3296,0.2826,39.1798,0
PM-033,453,1.3274,0.3031,39.3178,0
PM-033,454,1.3234,0.2749,40.1089,0
PM-033,455,1.3604,0.2821,39.7823,0
PM-033,456,1.3226,0.2929,39.3447,0
PM-033,457,1.3493,0.2808,39.4572,0
PM-033,458,1.3106,0.2893,39.8192,0
PM-033,459,1.3661,0.2845,38.9608,0
PM-033,460,1.302,0.3042,39.5021,0
PM-033,461,1.3533,0.3203,39.4645,0
PM-033,462,1.3502,0.274,39.9058,0
PM-033,463,1.3423,0.2827,39.481,0
PM-033,464,1.3856,0.3269,39.1275,0
PM-033,465,1.3691,0.3,39.7149,0
PM-033,466,1.3512,0.3041,39.815,0
PM-033,467,1.3106,0.3003,39.0678,0
PM-033,468,1.3363,0.2949,39.1163,0
PM-033,469,1.334,0.2739,39.2406,0
PM-033,470,1.3559,0.3079,39.1878,0
PM-033,471,1.3722,0.3036,39.8486,0
PM-033,472,1.3102,0.2996,39.602,0
PM-033,473,1.3112,0.3311,39.2277,0
PM-033,474,1.3565,0.3088,39.449,0
PM-033,475,1.3733,0.3248,39.0857,0
PM-033,476,1.3479,0.3087,38.9287,0
PM-033,477,1.3669,0.3205,39.8038,0
PM-033,478,1.3544,0.318,39.5259,0
PM-033,479,1.3192,0.2871,39.3419,0
PM-034,0,1.3939,0.2839,39.0377,0
PM-034,1,1.4023,0.2678,39.0329,0
PM-034,2,1.4113,0.3122,38.8611,0
PM-034,3,1.4243,0.2875,38.8726,0
PM-034,4,1.4213,0.2922,38.3703,0
PM-034,5,1.3919,0.292,38.7334,0
PM-034,6,1.3938,0.2866,39.1896,0
PM-034,7,1.4129,0.2884,38.8418,0
PM-034,8,1.3969,0.2813,38.0789,0
PM-034,9,1.3902,0.2809,38.348,0
PM-034,10,1.4087,0.2776,39.1026,0
PM-034,11,1.4495,0.2812,38.8186,0
PM-034,12,1.4333,0.282,38.8317,0
PM-034,13,1.3812,0.2898,39.0885,0
PM-034,14,1.3867,0.2572,39.0937,0
PM-034,15,1.4027,0.2703,38.7346,0
PM-034,16,1.3981,0.2665,38.2481,0
PM-034,17,1.4452,0.3071,38.6308,0
PM-034,18,1.4614,0.302,38.6908,0
PM-034,19,1.4545,0.2514,38.643,0
PM-034,20,1.4443,0.2769,39.0576,0
PM-034,21,1.3895,0.2721,38.822,0
PM-034,22,1.4223,0.2852,38.5815,0
PM-034,23,1.3905,0.3175,38.8107,0
PM-034,24,1.4312,0.2969,38.5637,0
PM-034,25,1.4101,0.2705,38.9366,0
PM-034,26,1.4059,0.3065,38.2231,0
PM-034,27,1.4192,0.3203,38.4861,0
PM-034,28,1.4123,0.2768,38.975,0
PM-034,29,1.3691,0.264,38.4086,0
PM-034,30,1.4267,0.2794,38.5151,0
PM-034,31,1.4173,0.2854,38.6474,0
PM-034,32,1.3991,0.2685,39.1341,0
PM-034,33,1.439,0.2624,38.5889,0
PM-034,34,1.4181,0.2686,38.9286,0
PM-034,35,1.4134,0.2946,39.4012,0
PM-034,36,1.3757,0.304,38.5486,0
PM-034,37,1.4232,0.2905,39.13,0
PM-034,38,1.4112,0.2704,38.7927,0
PM-034,39,1.4437,0.288,38.5483,0
PM-034,40,1.4069,0.2865,38.7552,0
PM-034,41,1.4096,0.2975,39.3277,0
PM-034,42,1.4291,0.2921,39.0304,0
PM-034,43,1.423,0.285,38.5467,0
PM-034,44,1.3985,0.2826,38.8082,0
PM-034,45,1.4328,0.2812,38.6159,0
PM-034,46,1.4155,0.2892,38.5467,0
PM-034,47,1.3957,0.2925,38.684,0
PM-034,48,1.4337,0.287,38.6994,0
PM-034,49,1.3865,0.283,38.4262,0
PM-034,50,1.3845,0.3055,38.5749,0
PM-034,51,1.4279,0.2662,38.5076,0
PM-034,52,1.3941,0.2931,38.8548,0
PM-034,53,1.3836,0.2616,38.8654,0
PM-034,54,1.4363,0.3017,38.4878,0
PM-034,55,1.4014,0.2899,38.8843,0
PM-034,56,1.4141,0.2766,38.8481,0
PM-034,57,1.4124,0.2851,38.9735,0
PM-034,58,1.4313,0.2873,38.7944,0
PM-034,59,1.406,0.284,38.9333,0
PM-034,60,1.419,0.2739,38.5268,0
PM-034,61,1.3965,0.2993,38.2075,0
PM-034,62,1.382,0.2728,38.9317,0
PM-034,63,1.4037,0.2697,38.812,0
PM-034,64,1.4172,0.2939,39.1145,0
PM-034,65,1.4337,0.2904,38.6803,0
PM-034,66,1.4177,0.2759,38.9728,0
PM-034,67,1.3991,0.2707,38.9906,0
PM-034,68,1.3803,0.2731,38.8857,0
PM-034,69,1.4074,0.2801,38.3904,0
PM-034,70,1.3897,0.2793,38.2549,0
PM-034,71,1.4089,0.2991,39.02,0
PM-034,72,1.4197,0.2849,38.6808,0
PM-034,73,1.4102,0.2693,38.536,0
PM-034,74,1.379,0.2947,38.6744,0
PM-034,75,1.4452,0.2741,38.7032,0
PM-034,76,1.4218,0.2877,38.6835,0
PM-034,77,1.441,0.2695,38.8773,0
PM-034,78,1.4012,0.2802,38.7753,0
PM-034,79,1.4068,0.2798,38.291,0
PM-034,80,1.4252,0.2612,39.0912,0
PM-034,81,1.4072,0.2945,38.0508,0
PM-034,82,1.4084,0.2819,38.4672,0
PM-034,83,1.4246,0.2737,38.4685,0
PM-034,84,1.4026,0.2949,38.7789,0
PM-034,85,1.4161,0.2923,38.6477,0
PM-034,86,1.4277,0.2871,38.9307,0
PM-034,87,1.3951,0.2834,38.9613,0
PM-034,88,1.4419,0.2962,39.0018,0
PM-034,89,1.3811,0.2781,38.8732,0
PM-034,90,1.3844,0.288,38.6071,0
PM-034,91,1.4035,0.283,38.8114,0
PM-034,92,1.4237,0.2659,38.989,0
PM-034,93,1.4217,0.2783,38.9913,0
PM-034,94,1.3757,0.2845,38.5385,0
PM-034,95,1.3882,0.2598,38.895,0
PM-034,96,1.4193,0.3,38.9051,0
PM-034,97,1.4032,0.3228,39.01,0
PM-034,98,1.3861,0.2801,38.7736,0
PM-034,99,1.4038,0.3129,38.6186,0
PM-034,100,1.4013,0.2932,38.7417,0
PM-034,101,1.4046,0.3145,39.1664,0
PM-034,102,1.3809,0.3102,38.6519,0
PM-034,103,1.4318,0.3118,38.9485,0
PM-034,104,1.4547,0.2949,38.8942,0
PM-034,105,1.4293,0.2635,38.6443,0
PM-034,106,1.3877,0.2794,38.8404,0
PM-034,107,1.4061,0.2799,38.2986,0
PM-034,108,1.3986,0.3071,38.5385,0
PM-034,109,1.4022,0.2856,38.8169,0
PM-034,110,1.4063,0.2611,38.8678,0
PM-034,111,1.4475,0.3096,38.4903,0
PM-034,112,1.4171,0.32,38.7044,0
PM-034,113,1.4142,0.2597,39.0181,0
PM-034,114,1.4146,0.2687,38.9136,0
PM-034,115,1.4286,0.2717,38.2071,0
PM-034,116,1.4119,0.2924,38.7856,0
PM-034,117,1.4322,0.2564,38.4011,0
PM-034,118,1.4135,0.2587,38.4782,0
PM-034,119,1.3985,0.2973,39.0974,0
PM-034,120,1.4236,0.3102,39.1254,0
PM-034,121,1.4249,0.2935,38.5296,0
PM-034,122,1.3812,0.2713,38.958,0
PM-034,123,1.4028,0.2912,38.157,0
PM-034,124,1.4196,0.2692,38.4869,0
PM-034,125,1.4424,0.3143,38.3834,0
PM-034,126,1.4045,0.2802,38.9267,0
PM-034,127,1.3997,0.27,38.7935,0
PM-034,128,1.4107,0.2951,38.5008,0
PM-034,129,1.405,0.2937,38.6873,0
PM-034,130,1.3755,0.3064,38.6802,0
PM-034,131,1.4077,0.32,39.3393,0
PM-034,132,1.4281,0.2658,39.1181,0
PM-034,133,1.3736,0.2841,38.5662,0
PM-034,134,1.395,0.2855,38.8894,0
PM-034,135,1.4248,0.2808,38.6425,0
PM-034,136,1.4262,0.2952,38.7469,0
PM-034,137,1.3918,0.2567,38.9034,0
PM-034,138,1.4285,0.279,38.8175,0
PM-034,139,1.4355,0.3122,38.5869,0
PM-034,140,1.4073,0.2889,38.341,0
PM-034,141,1.3662,0.262,38.623,0
PM-034,142,1.3946,0.2698,38.7208,0
PM-034,143,1.4088,0.2707,38.2212,0
PM-034,144,1.4172,0.2979,38.52,0
PM-034,145,1.4014,0.2942,39.0201,0
PM-034,146,1.3999,0.2805,39.1481,0
PM-034,147,1.4266,0.265,38.1906,0
PM-034,148,1.4035,0.2676,38.8459,0
PM-034,149,1.4233,0.2859,38.4638,0
PM-034,150,1.3837,0.292,38.9542,0
PM-034,151,1.4312,0.2777,38.6781,0
PM-034,152,1.4253,0.2822,38.5338,0
PM-034,153,1.3923,0.2928,38.618,0
PM-034,154,1.3982,0.2888,38.4918,0
PM-034,155,1.3975,0.2827,38.5656,0
PM-034,156,1.4374,0.2901,38.7436,0
PM-034,157,1.4372,0.2833,39.0301,0
PM-034,158,1.3892,0.2726,38.4181,0
PM-034,159,1.4192,0.2589,38.8008,0
PM-034,160,1.3992,0.284,38.6997,0
PM-034,161,1.4202,0.3156,39.3113,0
PM-034,162,1.4254,0.2769,38.7621,0
PM-034,163,1.4011,0.271,38.1197,0
PM-034,164,1.4045,0.2862,38.889,0
PM-034,165,1.4113,0.2716,38.556,0
PM-034,166,1.4275,0.2564,38.5527,0
PM-034,167,1.4095,0.2759,38.2501,0
PM-034,168,1.4278,0.2995,38.4094,0
PM-034,169,1.3449,0.3121,38.5808,0
PM-034,170,1.3896,0.2804,38.8017,0
PM-034,171,1.3965,0.284,38.6697,0
PM-034,172,1.3953,0.2576,39.1051,0
PM-034,173,1.4204,0.2705,38.8273,0
PM-034,174,1.3917,0.2815,38.8836,0
PM-034,175,1.4184,0.276,38.9504,0
PM-034,176,1.4093,0.2742,39.2081,0
PM-034,177,1.3866,0.2881,39.1306,0
PM-034,178,1.375,0.3066,39.2124,0
PM-034,179,1.3997,0.2864,38.4846,0
PM-034,180,1.3926,0.2651,39.2138,0
PM-034,181,1.4044,0.2613,39.0171,0
PM-034,182,1.4225,0.2877,38.508,0
PM-034,183,1.401,0.3131,38.8211,0
PM-034,184,1.3985,0.2932,38.9586,0
PM-034,185,1.4453,0.283,38.9253,0
PM-034,186,1.4197,0.2713,38.2958,0
PM-034,187,1.4215,0.2924,37.9759,0
PM-034,188,1.4197,0.2809,38.8362,0
PM-034,189,1.3995,0.3039,39.0145,0
PM-034,190,1.3813,0.2674,38.7236,0
PM-034,191,1.3967,0.2983,38.4018,0
PM-034,192,1.4305,0.2456,38.5841,0
PM-034,193,1.4368,0.2812,38.7139,0
PM-034,194,1.4246,0.29,38.6719,0
PM-034,195,1.4354,0.284,38.8683,0
PM-034,196,1.428,0.2456,38.4897,0
PM-034,197,1.3973,0.2919,39.2285,0
PM-034,198,1.3718,0.2758,39.0338,0
PM-034,199,1.3743,0.2878,38.8422,0
PM-034,200,1.4198,0.2652,38.6934,0
PM-034,201,1.385,0.2987,38.3863,0
PM-034,202,1.4098,0.3134,39.0438,0
PM-034,203,1.3737,0.2775,38.7253,0
PM-034,204,1.4053,0.2879,38.8902,0
PM-034,205,1.4457,0.275,38.9285,0
PM-034,206,1.4054,0.3056,38.8229,0
PM-034,207,1.4099,0.2781,38.4445,0
PM-034,208,1.4264,0.2697,38.1457,0
PM-034,209,1.3899,0.2844,38.339,0
PM-034,210,1.393,0.2537,38.4573,0
PM-034,211,1.4433,0.2726,38.6731,0
PM-034,212,1.4539,0.287,38.7931,0
PM-034,213,1.39,0.2855,39.2251,0
PM-034,214,1.3849,0.2793,38.3533,0
PM-034,215,1.4414,0.2644,38.4944,0
PM-034,216,1.3859,0.2613,38.7332,0
PM-034,217,1.4021,0.2873,38.8919,0
PM-034,218,1.3754,0.2866,38.4317,0
PM-034,219,1.412,0.2871,38.6279,0
PM-034,220,1.4354,0.2606,38.3678,0
PM-034,221,1.414,0.3137,38.4231,0
PM-034,222,1.4078,0.2999,38.9804,0
PM-034,223,1.4214,0.2713,38.6979,0
PM-034,224,1.4097,0.2977,38.6656,0
PM-034,225,1.4362,0.2812,38.7474,0
PM-034,226,1.4065,0.2794,38.6842,0
PM-034,227,1.4098,0.2577,38.6216,0
PM-034,228,1.4429,0.2549,38.6321,0
PM-034,229,1.3979,0.287,38.8586,0
PM-034,230,1.412,0.2519,38.0972,0
PM-034,231,1.3558,0.28,38.2125,0
PM-034,232,1.3621,0.2683,38.5007,0
PM-034,233,1.4074,0.2822,38.7237,0
PM-034,234,1.4255,0.2777,38.9302,0
PM-034,235,1.4021,0.2761,38.5341,0
PM-034,236,1.4083,0.292,38.8975,0
PM-034,237,1.4213,0.2867,38.3598,0
PM-034,238,1.4642,0.2621,38.7422,0
PM-034,239,1.469,0.2953,38.4954,0
PM-034,240,1.4334,0.285,38.4606,0
PM-034,241,1.4134,0.2766,38.6411,0
PM-034,242,1.4099,0.2926,38.976,0
PM-034,243,1.3945,0.2875,38.6252,0
PM-034,244,1.4244,0.2667,38.6993,0
PM-034,245,1.3725,0.2926,39.246,0
PM-034,246,1.44,0.2946,38.878,0
PM-034,247,1.4504,0.2737,38.6295,0
PM-034,248,1.4373,0.28,38.428,0
PM-034,249,1.3787,0.2695,39.233,0
PM-034,250,1.407,0.2707,38.679,0
PM-034,251,1.4156,0.2542,38.4383,0
PM-034,252,1.3793,0.304,38.6701,0
PM-034,253,1.4056,0.2794,38.3696,0
PM-034,254,1.4194,0.3096,38.5202,0
PM-034,255,1.4268,0.2804,38.4765,0
PM-034,256,1.4272,0.2577,38.2788,0
PM-034,257,1.4444,0.276,39.063,0
PM-034,258,1.4067,0.244,38.9096,0
PM-034,259,1.4164,0.2708,39.0344,0
PM-034,260,1.4278,0.2707,39.0303,0
PM-034,261,1.4135,0.2831,38.4844,0
PM-034,262,1.3908,0.3033,38.8205,0
PM-034,263,1.428,0.2749,38.8567,0
PM-034,264,1.4021,0.2921,38.2847,0
PM-034,265,1.3814,0.2655,38.7019,0
PM-034,266,1.3647,0.289,38.8895,0
PM-034,267,1.3741,0.276,39.2625,0
PM-034,268,1.4003,0.2669,38.5929,0
PM-034,269,1.4325,0.2648,38.8712,0
PM-034,270,1.4175,0.2819,38.5923,0
PM-034,271,1.4276,0.265,38.8266,0
PM-034,272,1.3781,0.2965,38.9327,0
PM-034,273,1.4007,0.2786,38.8489,0
PM-034,274,1.382,0.2776,38.7049,0
PM-034,275,1.3749,0.2955,39.3296,0
PM-034,276,1.4572,0.2528,39.0537,0
PM-034,277,1.3965,0.2804,38.4109,0
PM-034,278,1.4212,0.2445,38.3456,0
PM-034,279,1.3639,0.2734,38.6115,0
PM-034,280,1.3776,0.2899,38.8355,0
PM-034,281,1.4264,0.3032,38.6257,0
PM-034,282,1.4135,0.2667,38.7257,0
PM-034,283,1.4113,0.3049,38.8664,0
PM-034,284,1.4202,0.2775,37.7256,0
PM-034,285,1.4096,0.2749,38.372,0
PM-034,286,1.4239,0.2969,38.4035,0
PM-034,287,1.4098,0.2804,39.0463,0
PM-034,288,1.4178,0.2927,38.5949,0
PM-034,289,1.4173,0.2951,39.4003,0
PM-034,290,1.3983,0.2766,38.4839,0
PM-034,291,1.4001,0.3028,38.4569,0
PM-034,292,1.4169,0.297,39.0653,0
PM-034,293,1.4382,0.2891,38.8174,0
PM-034,294,1.3977,0.2525,38.5269,0
PM-034,295,1.4123,0.2973,39.1559,0
PM-034,296,1.4092,0.2989,38.7558,0
PM-034,297,1.4132,0.2776,38.5629,0
PM-034,298,1.3974,0.2738,38.5032,0
PM-034,299,1.4261,0.3011,38.4778,0
PM-034,300,1.3912,0.2793,38.4437,0
PM-034,301,1.3887,0.2768,38.7786,0
PM-034,302,1.4137,0.2774,38.5482,0
PM-034,303,1.4213,0.2879,38.7572,0
PM-034,304,1.3978,0.3021,38.3123,0
PM-034,305,1.3979,0.2673,38.7061,0
PM-034,306,1.3957,0.2835,38.8626,0
PM-034,307,1.4344,0.2853,38.7653,0
PM-034,308,1.4177,0.2478,38.7228,0
PM-034,309,1.3869,0.2723,38.6695,0
PM-034,310,1.4281,0.2555,38.7772,0
PM-034,311,1.4111,0.2885,39.3766,0
PM-034,312,1.4402,0.2864,38.8737,0
PM-034,313,1.4083,0.2934,38.7162,0
PM-034,314,1.4176,0.2721,38.7747,0
PM-034,315,1.4363,0.2906,38.7405,0
PM-034,316,1.351,0.2878,38.6794,0
PM-034,317,1.3876,0.2811,38.6868,0
PM-034,318,1.4092,0.2932,38.6421,0
PM-034,319,1.4042,0.2768,38.7789,0
PM-034,320,1.4199,0.3014,38.8643,0
PM-034,321,1.4306,0.2948,38.7514,0
PM-034,322,1.3946,0.2881,39.173,0
PM-034,323,1.4308,0.3012,38.1524,0
PM-034,324,1.3698,0.2748,38.8479,0
PM-034,325,1.4016,0.2791,38.2616,0
PM-034,326,1.3969,0.2687,38.4485,0
PM-034,327,1.3944,0.2656,37.9866,0
PM-034,328,1.4373,0.2803,38.4994,0
PM-034,329,1.4062,0.2871,38.7395,0
PM-034,330,1.3944,0.297,38.5272,0
PM-034,331,1.4044,0.3079,39.3235,0
PM-034,332,1.432,0.272,38.578,0
PM-034,333,1.3935,0.2785,38.8658,0
PM-034,334,1.3715,0.2665,38.7383,0
PM-034,335,1.4072,0.2753,38.2865,0
PM-034,336,1.3972,0.2748,38.3063,0
PM-034,337,1.3924,0.2791,38.8473,0
PM-034,338,1.4274,0.2663,38.6005,0
PM-034,339,1.4042,0.2791,38.6255,0
PM-034,340,1.3857,0.2892,38.6113,0
PM-034,341,1.4097,0.2832,38.5236,0
PM-034,342,1.4244,0.2753,38.7561,0
PM-034,343,1.411,0.2859,39.0282,0
PM-034,344,1.3946,0.2819,38.693,0
PM-034,345,1.4032,0.2894,38.3562,0
PM-034,346,1.437,0.3037,38.5158,0
PM-034,347,1.4071,0.2552,38.5094,0
PM-034,348,1.4553,0.2911,38.9108,0
PM-034,349,1.3992,0.2805,38.6876,0
PM-034,350,1.3811,0.2838,38.9306,0
PM-034,351,1.4444,0.2857,38.6651,0
PM-034,352,1.4064,0.2876,38.9363,0
PM-034,353,1.4304,0.2502,39.0251,0
PM-034,354,1.3851,0.2673,38.6425,0
PM-034,355,1.4191,0.2623,38.5271,0
PM-034,356,1.4148,0.2893,38.8432,0
PM-034,357,1.4279,0.2992,38.7378,0
PM-034,358,1.4077,0.2702,38.532,0
PM-034,359,1.3818,0.3029,38.685,0
PM-034,360,1.424,0.3222,39.3734,0
PM-034,361,1.4313,0.2764,38.9458,0
PM-034,362,1.409,0.268,38.4319,0
PM-034,363,1.4261,0.2931,39.0716,0
PM-034,364,1.4044,0.2754,38.3788,0
PM-034,365,1.3759,0.2693,38.5099,0
PM-034,366,1.3863,0.2744,39.2743,0
PM-034,367,1.3953,0.2543,38.7511,0
PM-034,368,1.4219,0.2688,38.9329,0
PM-034,369,1.4452,0.2786,38.9285,0
PM-034,370,1.4276,0.2882,38.9781,0
PM-034,371,1.4197,0.2679,38.0337,0
PM-034,372,1.4128,0.2786,38.2175,0
PM-034,373,1.4048,0.28,38.7952,0
PM-034,374,1.4314,0.2699,38.0862,0
PM-034,375,1.401,0.2943,39.107,0
PM-034,376,1.397,0.2908,38.3755,0
PM-034,377,1.4092,0.2393,38.6073,0
PM-034,378,1.4155,0.2752,38.2844,0
PM-034,379,1.4106,0.3093,38.4563,0
PM-034,380,1.3948,0.2785,39.2047,0
PM-034,381,1.3824,0.2705,38.9082,0
PM-034,382,1.3844,0.2692,39.238,0
PM-034,383,1.444,0.2909,38.804,0
PM-034,384,1.3973,0.2821,38.4766,0
PM-034,385,1.4394,0.2843,38.6589,0
PM-034,386,1.4102,0.2725,38.8596,0
PM-034,387,1.4047,0.3257,38.5745,0
PM-034,388,1.4258,0.3097,37.8686,0
PM-034,389,1.4005,0.305,38.0313,0
PM-034,390,1.433,0.287,39.168,0
PM-034,391,1.4031,0.286,38.3546,0
PM-034,392,1.4045,0.2704,38.53,0
PM-034,393,1.412,0.2703,38.0359,0
PM-034,394,1.414,0.2853,38.9284,0
PM-034,395,1.4089,0.2658,39.1631,0
PM-034,396,1.4023,0.2675,39.1419,0
PM-034,397,1.4431,0.2406,38.4273,0
PM-034,398,1.4054,0.2862,38.9018,0
PM-034,399,1.4594,0.2656,38.7527,0
PM-034,400,1.3796,0.2855,39.2029,0
PM-034,401,1.3532,0.2605,38.9405,0
PM-034,402,1.4253,0.2696,38.9506,0
PM-034,403,1.4352,0.2903,39.1437,0
PM-034,404,1.4156,0.2781,38.791,0
PM-034,405,1.4259,0.2579,38.7866,0
PM-034,406,1.4065,0.2741,38.365,0
PM-034,407,1.3715,0.2743,38.5269,0
PM-034,408,1.4279,0.299,38.4496,0
PM-034,409,1.3918,0.2736,39.0413,0
PM-034,410,1.3956,0.3115,38.7432,0
PM-034,411,1.4179,0.275,39.1913,0
PM-034,412,1.4178,0.2749,38.31,0
PM-034,413,1.4228,0.2725,38.6522,0
PM-034,414,1.3903,0.2682,38.5224,0
PM-034,415,1.4078,0.2642,38.6298,0
PM-034,416,1.3947,0.2802,38.9805,0
PM-034,417,1.4133,0.2729,38.6911,0
PM-034,418,1.421,0.2926,38.7679,0
PM-034,419,1.445,0.2688,38.8637,0
PM-034,420,1.4077,0.2973,38.7085,0
PM-034,421,1.4508,0.2834,38.9255,0
PM-034,422,1.4051,0.2872,38.522,0
PM-034,423,1.4177,0.2526,38.5441,0
PM-034,424,1.3953,0.3106,38.4878,0
PM-034,425,1.3994,0.2706,38.8289,0
PM-034,426,1.4024,0.2752,39.3471,0
PM-034,427,1.4121,0.2922,38.8276,0
PM-034,428,1.3923,0.2734,38.3692,0
PM-034,429,1.3845,0.2826,38.7357,0
PM-034,430,1.4065,0.2877,38.6556,0
PM-034,431,1.4339,0.2746,38.9996,0
PM-034,432,1.4242,0.2436,38.2528,0
PM-034,433,1.3746,0.2866,38.3794,0
PM-034,434,1.43,0.2656,38.7585,0
PM-034,435,1.3888,0.2906,38.6098,0
PM-034,436,1.4,0.2717,38.3731,0
PM-034,437,1.4163,0.2718,39.4238,0
PM-034,438,1.4409,0.278,38.582,0
PM-034,439,1.4052,0.3046,39.3366,0
PM-034,440,1.3697,0.3021,38.6188,0
PM-034,441,1.3926,0.2988,38.73,0
PM-034,442,1.4364,0.2963,38.8051,0
PM-034,443,1.4415,0.2798,38.3765,0
PM-034,444,1.4474,0.2785,38.7576,0
PM-034,445,1.3978,0.2836,38.8015,0
PM-034,446,1.3868,0.2657,38.4406,0
PM-034,447,1.4065,0.2886,39.0944,0
PM-034,448,1.4581,0.2847,38.5702,0
PM-034,449,1.3615,0.2859,38.6544,0
PM-034,450,1.4019,0.2722,38.5178,0
PM-034,451,1.4156,0.2917,38.6977,0
PM-034,452,1.4248,0.3014,38.6776,0
PM-034,453,1.4335,0.2678,38.7925,0
PM-034,454,1.4014,0.2894,38.0588,0
PM-034,455,1.4326,0.2813,38.8358,0
PM-034,456,1.3934,0.3071,38.8089,0
PM-034,457,1.4015,0.2506,38.6012,0
PM-034,458,1.3627,0.284,38.8828,0
PM-034,459,1.4233,0.2692,38.5157,0
PM-034,460,1.4072,0.2738,38.2076,0
PM-034,461,1.3967,0.288,38.5676,0
PM-034,462,1.4044,0.2743,39.4081,0
PM-034,463,1.4116,0.2854,38.5341,0
PM-034,464,1.4185,0.2835,38.1832,0
PM-034,465,1.439,0.2804,38.8663,0
PM-034,466,1.3964,0.2888,38.9054,0
PM-034,467,1.3798,0.2899,38.6734,0
PM-034,468,1.3885,0.3071,38.4256,0
PM-034,469,1.4137,0.2634,38.3752,0
PM-034,470,1.4303,0.2768,39.1383,0
PM-034,471,1.4008,0.2752,38.4772,0
PM-034,472,1.3992,0.2913,38.7315,0
PM-034,473,1.4029,0.2924,38.8707,0
PM-034,474,1.4035,0.3049,38.243,0
PM-034,475,1.4172,0.2802,38.8564,0
PM-034,476,1.4112,0.286,38.1689,0
PM-034,477,1.4136,0.2977,38.5244,0
PM-034,478,1.429,0.2768,38.5277,0
PM-034,479,1.3977,0.2667,38.7271,0
PM-035,0,1.3984,0.2877,37.2821,0
PM-035,1,1.3505,0.2857,36.9211,0
PM-035,2,1.3991,0.2854,37.0764,0
PM-035,3,1.3525,0.2711,37.4013,0
PM-035,4,1.3748,0.2749,37.5262,0
PM-035,5,1.3594,0.3006,37.6579,0
PM-035,6,1.3907,0.2845,37.7795,0
PM-035,7,1.3263,0.2787,37.8803,0
PM-035,8,1.389,0.2882,37.2204,0
PM-035,9,1.3825,0.2862,37.0368,0
PM-035,10,1.3897,0.2763,37.1325,0
PM-035,11,1.3443,0.2712,37.5064,0
PM-035,12,1.3599,0.2655,37.2219,0
PM-035,13,1.3725,0.2933,37.4467,0
PM-035,14,1.4043,0.2656,37.2352,0
PM-035,15,1.38,0.2765,37.77,0
PM-035,16,1.3416,0.2833,37.635,0
PM-035,17,1.3325,0.2593,37.2423,0
PM-035,18,1.3417,0.2777,37.6337,0
PM-035,19,1.3581,0.2901,37.1196,0
PM-035,20,1.353,0.2687,37.3654,0
PM-035,21,1.3358,0.2572,36.9472,0
PM-035,22,1.3735,0.284,36.4966,0
PM-035,23,1.4017,0.2496,37.6992,0
PM-035,24,1.3899,0.2961,37.2334,0
PM-035,25,1.371,0.2762,37.9697,0
PM-035,26,1.3635,0.2998,37.1242,0
PM-035,27,1.3563,0.2745,37.434,0
PM-035,28,1.3677,0.2701,36.795,0
PM-035,29,1.3435,0.2873,37.6919,0
PM-035,30,1.3631,0.2668,36.923,0
PM-035,31,1.3965,0.2871,37.0595,0
PM-035,32,1.3755,0.2801,37.7397,0
PM-035,33,1.3722,0.2777,37.613,0
PM-035,34,1.3884,0.2791,37.0922,0
PM-035,35,1.3804,0.2883,37.5236,0
PM-035,36,1.3772,0.2713,37.4685,0
PM-035,37,1.388,0.2854,37.7123,0
PM-035,38,1.3873,0.3063,37.7709,0
PM-035,39,1.3579,0.2723,36.8784,0
PM-035,40,1.3528,0.2862,37.702,0
PM-035,41,1.3501,0.2912,37.4738,0
PM-035,42,1.3917,0.2967,37.5484,0
PM-035,43,1.3622,0.2836,37.7249,0
PM-035,44,1.3937,0.2748,37.8206,0
PM-035,45,1.366,0.3187,37.2781,0
PM-035,46,1.3518,0.2924,37.6624,0
PM-035,47,1.3453,0.2779,37.6068,0
PM-035,48,1.3697,0.2933,37.5537,0
PM-035,49,1.3855,0.2828,37.7332,0
PM-035,50,1.3894,0.2818,37.4239,0
PM-035,51,1.3619,0.275,37.5248,0
PM-035,52,1.3835,0.2965,36.918,0
PM-035,53,1.323,0.2768,37.4688,0
PM-035,54,1.3299,0.2824,37.0929,0
PM-035,55,1.3715,0.2502,37.2618,0
PM-035,56,1.3741,0.2877,37.4605,0
PM-035,57,1.3471,0.2848,37.1718,0
PM-035,58,1.378,0.3041,37.3348,0
PM-035,59,1.4105,0.2882,37.3554,0
PM-035,60,1.4067,0.279,37.1662,0
PM-035,61,1.3565,0.2802,37.2204,0
PM-035,62,1.3616,0.27,37.6004,0
PM-035,63,1.4085,0.2771,37.1604,0
PM-035,64,1.3674,0.2644,38.3687,0
PM-035,65,1.3906,0.3023,37.6807,0
PM-035,66,1.3451,0.2852,37.5541,0
PM-035,67,1.3906,0.2844,37.1799,0
PM-035,68,1.41,0.2918,37.3312,0
PM-035,69,1.3689,0.2865,37.3316,0
PM-035,70,1.3714,0.2841,37.3769,0
PM-035,71,1.3835,0.2744,37.2441,0
PM-035,72,1.3888,0.2886,37.4227,0
PM-035,73,1.3558,0.2919,37.4137,0
PM-035,74,1.3642,0.2704,37.0722,0
PM-035,75,1.3891,0.266,37.0178,0
PM-035,76,1.367,0.2834,37.8826,0
PM-035,77,1.3751,0.2487,37.1347,0
PM-035,78,1.3993,0.2786,37.1086,0
PM-035,79,1.342,0.2879,37.1528,0
PM-035,80,1.3668,0.2732,37.9571,0
PM-035,81,1.3471,0.2999,38.1021,0
PM-035,82,1.3478,0.2575,37.5205,0
PM-035,83,1.3701,0.2993,37.0706,0
PM-035,84,1.3733,0.2857,37.4633,0
PM-035,85,1.3607,0.2783,38.3576,0
PM-035,86,1.3349,0.3132,37.2801,0
PM-035,87,1.3459,0.2629,37.387,0
PM-035,88,1.3715,0.2802,37.3108,0
PM-035,89,1.4011,0.262,37.3192,0
PM-035,90,1.3682,0.2783,37.0952,0
PM-035,91,1.3708,0.2849,37.5512,0
PM-035,92,1.3775,0.2679,37.095,0
PM-035,93,1.3507,0.267,36.7261,0
PM-035,94,1.3645,0.2769,37.1203,0
PM-035,95,1.3787,0.2754,37.57,0
PM-035,96,1.3578,0.2708,37.6711,0
PM-035,97,1.3384,0.2788,37.5541,0
PM-035,98,1.3911,0.2839,37.1238,0
PM-035,99,1.3583,0.2515,37.2272,0
PM-035,100,1.3903,0.2987,37.3465,0
PM-035,101,1.405,0.2694,37.4858,0
PM-035,102,1.327,0.2778,37.448,0
PM-035,103,1.3558,0.2961,36.9005,0
PM-035,104,1.333,0.2806,36.7626,0
PM-035,105,1.3834,0.2759,37.6358,0
PM-035,106,1.3704,0.2837,37.4003,0
PM-035,107,1.3928,0.295,37.5435,0
PM-035,108,1.3747,0.2895,37.3856,0
PM-035,109,1.3758,0.2688,37.0364,0
PM-035,110,1.3667,0.2941,37.6353,0
PM-035,111,1.3472,0.2685,37.3102,0
PM-035,112,1.3406,0.2678,37.0494,0
PM-035,113,1.3618,0.2716,37.6771,0
PM-035,114,1.3743,0.2951,36.788,0
PM-035,115,1.3471,0.2842,37.5104,0
PM-035,116,1.3622,0.2935,37.4137,0
PM-035,117,1.4145,0.2805,37.24,0
PM-035,118,1.4002,0.2793,37.6129,0
PM-035,119,1.3496,0.2844,37.4129,0
PM-035,120,1.3823,0.2738,36.9301,0
PM-035,121,1.383,0.2788,37.2289,0
PM-035,122,1.3715,0.2815,37.5589,0
PM-035,123,1.3769,0.3,37.3339,0
PM-035,124,1.389,0.2732,36.9678,0
PM-035,125,1.3944,0.2663,37.6703,0
PM-035,126,1.3704,0.2824,37.7645,0
PM-035,127,1.3252,0.2912,37.624,0
PM-035,128,1.3508,0.2791,37.6903,0
PM-035,129,1.3474,0.2761,37.7573,0
PM-035,130,1.3406,0.283,37.5112,0
PM-035,131,1.3729,0.2603,37.4125,0
PM-035,132,1.3691,0.2764,37.6688,0
PM-035,133,1.3687,0.2822,37.0129,0
PM-035,134,1.3507,0.269,37.2542,0
PM-035,135,1.3692,0.2657,37.0582,0
PM-035,136,1.3709,0.278,37.5174,0
PM-035,137,1.4117,0.26,37.4382,0
PM-035,138,1.3678,0.2805,38.0618,0
PM-035,139,1.3167,0.2731,37.4258,0
PM-035,140,1.3791,0.2894,36.9085,0
PM-035,141,1.365,0.2647,37.535,0
PM-035,142,1.3718,0.2701,37.9616,0
PM-035,143,1.3629,0.274,37.1566,0
PM-035,144,1.3089,0.2799,37.1616,0
PM-035,145,1.3725,0.3235,37.4889,0
PM-035,146,1.3725,0.2939,37.8307,0
PM-035,147,1.3729,0.2818,37.2632,0
PM-035,148,1.3798,0.288,37.4401,0
PM-035,149,1.3448,0.2819,37.6605,0
PM-035,150,1.3496,0.2829,37.6548,0
PM-035,151,1.3753,0.3061,37.2175,0
PM-035,152,1.348,0.2652,37.2561,0
PM-035,153,1.3548,0.2911,36.856,0
PM-035,154,1.3545,0.2933,37.3717,0
PM-035,155,1.3438,0.2716,37.8159,0
PM-035,156,1.3651,0.2836,37.3683,0
PM-035,157,1.4009,0.2742,37.2578,0
PM-035,158,1.3831,0.2878,37.3782,0
PM-035,159,1.3727,0.2894,37.2601,0
PM-035,160,1.3848,0.2803,37.5148,0
PM-035,161,1.3574,0.2789,37.1673,0
PM-035,162,1.3581,0.2959,37.1106,0
PM-035,163,1.357,0.2663,37.543,0
PM-035,164,1.397,0.2754,36.8302,0
PM-035,165,1.3828,0.2774,37.5654,0
PM-035,166,1.3826,0.2699,37.0904,0
PM-035,167,1.3453,0.3066,37.2712,0
PM-035,168,1.3597,0.2875,37.4094,0
PM-035,169,1.3234,0.263,37.4861,0
PM-035,170,1.3496,0.3025,37.0481,0
PM-035,171,1.3464,0.2633,37.5797,0
PM-035,172,1.3444,0.3023,37.8062,0
PM-035,173,1.3869,0.2541,37.5061,0
PM-035,174,1.3255,0.3003,37.5211,0
PM-035,175,1.3788,0.2725,37.4621,0
PM-035,176,1.3694,0.2821,37.6017,0
PM-035,177,1.3384,0.2814,37.826,0
PM-035,178,1.36,0.3001,36.9582,0
PM-035,179,1.4051,0.26,37.4602,0
PM-035,180,1.3746,0.2799,37.2032,0
PM-035,181,1.3909,0.266,38.2087,0
PM-035,182,1.3488,0.2945,37.0018,0
PM-035,183,1.3544,0.232,37.8051,0
PM-035,184,1.3806,0.2473,37.0575,0
PM-035,185,1.3291,0.2741,37.3196,0
PM-035,186,1.3898,0.277,37.9462,0
PM-035,187,1.3433,0.2739,37.246,0
PM-035,188,1.3572,0.2907,37.6167,0
PM-035,189,1.3393,0.2772,37.4795,0
PM-035,190,1.3963,0.3039,37.5579,0
PM-035,191,1.3719,0.286,37.1269,0
PM-035,192,1.3576,0.2647,37.7648,0
PM-035,193,1.3614,0.2753,37.4833,0
PM-035,194,1.3783,0.3067,37.4584,0
PM-035,195,1.3665,0.2972,37.4097,0
PM-035,196,1.3495,0.2461,37.539,0
PM-035,197,1.366,0.3032,37.3618,0
PM-035,198,1.348,0.2905,37.4559,0
PM-035,199,1.3858,0.2823,37.5002,0
PM-035,200,1.3719,0.2703,37.4528,0
PM-035,201,1.37,0.3039,37.4409,0
PM-035,202,1.3632,0.2952,37.1619,0
PM-035,203,1.3794,0.2617,36.8902,0
PM-035,204,1.3915,0.2737,36.7822,0
PM-035,205,1.3527,0.2762,38.1384,0
PM-035,206,1.3209,0.2919,37.269,0
PM-035,207,1.3679,0.2679,37.7288,0
PM-035,208,1.3739,0.2656,37.6986,0
PM-035,209,1.3974,0.2962,38.1514,0
PM-035,210,1.3908,0.2809,37.2525,0
PM-035,211,1.3874,0.2691,37.7943,0
PM-035,212,1.3649,0.2846,37.0765,0
PM-035,213,1.3638,0.2643,37.9343,0
PM-035,214,1.3631,0.278,37.1066,0
PM-035,215,1.3382,0.2659,37.1702,0
PM-035,216,1.3511,0.2654,37.6509,0
PM-035,217,1.3596,0.2877,37.2855,0
PM-035,218,1.3736,0.289,37.2129,0
PM-035,219,1.3935,0.2799,37.0719,0
PM-035,220,1.3558,0.2736,37.2891,0
PM-035,221,1.3201,0.2618,37.6279,0
PM-035,222,1.3642,0.283,37.497,0
PM-035,223,1.364,0.2677,37.25,0
PM-035,224,1.3718,0.2626,37.5471,0
PM-035,225,1.3966,0.2451,37.5889,0
PM-035,226,1.3649,0.2866,37.2561,0
PM-035,227,1.3964,0.2761,37.481,0
PM-035,228,1.3769,0.281,37.482,0
PM-035,229,1.3744,0.2716,37.3417,0
PM-035,230,1.3895,0.2558,37.1846,0
PM-035,231,1.3345,0.2536,37.1299,0
PM-035,232,1.3643,0.287,37.5428,0
PM-035,233,1.381,0.2696,38.0094,0
PM-035,234,1.3681,0.2993,37.304,0
PM-035,235,1.355,0.2832,37.0439,0
PM-035,236,1.3429,0.2974,37.46,0
PM-035,237,1.3627,0.2992,37.2101,0
PM-035,238,1.4216,0.2765,37.199,0
PM-035,239,1.389,0.2683,37.4493,0
PM-035,240,1.4093,0.2738,37.4281,0
PM-035,241,1.3726,0.2972,37.3553,0
PM-035,242,1.4009,0.2755,37.6712,0
PM-035,243,1.3576,0.2819,37.5977,0
PM-035,244,1.3688,0.2658,37.3182,0
PM-035,245,1.3879,0.2724,38.0542,0
PM-035,246,1.3717,0.2812,37.521,0
PM-035,247,1.3716,0.3047,37.3251,0
PM-035,248,1.3776,0.2951,37.9323,0
PM-035,249,1.3765,0.2594,37.0024,0
PM-035,250,1.3774,0.2866,37.4636,0
PM-035,251,1.3636,0.2781,37.4038,0
PM-035,252,1.3664,0.285,37.4383,0
PM-035,253,1.355,0.2738,37.0161,0
PM-035,254,1.3266,0.2798,37.5084,0
PM-035,255,1.3459,0.2863,37.5146,0
PM-035,256,1.3554,0.2776,37.0315,0
PM-035,257,1.3804,0.2491,37.3721,0
PM-035,258,1.3939,0.2784,37.2795,0
PM-035,259,1.3415,0.3111,37.0306,0
PM-035,260,1.3937,0.2728,37.4811,0
PM-035,261,1.3659,0.2607,37.1893,0
PM-035,262,1.3943,0.2468,37.3773,0
PM-035,263,1.4034,0.2859,37.5656,0
PM-035,264,1.3786,0.2781,37.3018,0
PM-035,265,1.3921,0.2616,37.5819,0
PM-035,266,1.3504,0.2693,37.7738,0
PM-035,267,1.3625,0.2696,37.933,0
PM-035,268,1.3487,0.3083,37.5019,0
PM-035,269,1.392,0.2676,37.7152,0
PM-035,270,1.3866,0.2704,37.3136,0
PM-035,271,1.3384,0.2629,37.6677,0
PM-035,272,1.3656,0.2587,37.5663,0
PM-035,273,1.396,0.2948,37.765,0
PM-035,274,1.3305,0.2859,36.8666,0
PM-035,275,1.3442,0.2933,37.542,0
PM-035,276,1.3959,0.2765,37.8019,0
PM-035,277,1.3746,0.2654,37.7187,0
PM-035,278,1.3687,0.283,37.7615,0
PM-035,279,1.4155,0.2738,37.6085,0
PM-035,280,1.3666,0.2688,37.3931,0
PM-035,281,1.385,0.2907,36.9901,0
PM-035,282,1.3635,0.3044,36.9755,0
PM-035,283,1.3421,0.2963,37.3487,0
PM-035,284,1.3292,0.2762,37.2551,0
PM-035,285,1.3519,0.3134,36.8926,0
PM-035,286,1.3557,0.2818,36.9548,0
PM-035,287,1.3929,0.2666,37.0716,0
PM-035,288,1.3813,0.2878,37.4245,0
PM-035,289,1.3495,0.2716,37.4376,0
PM-035,290,1.3516,0.3,37.9754,0
PM-035,291,1.3416,0.3038,37.3663,0
PM-035,292,1.341,0.2863,37.3329,0
PM-035,293,1.3771,0.2928,37.6296,0
PM-035,294,1.3543,0.3052,37.3212,0
PM-035,295,1.3845,0.2901,37.5385,0
PM-035,296,1.3774,0.2644,37.3236,0
PM-035,297,1.3485,0.293,37.2814,0
PM-035,298,1.3606,0.2708,37.2782,0
PM-035,299,1.3659,0.2735,37.4842,0
PM-035,300,1.3649,0.2589,37.6636,0
PM-035,301,1.3744,0.29,37.4419,0
PM-035,302,1.3782,0.2612,37.2922,0
PM-035,303,1.3805,0.2721,37.8267,0
PM-035,304,1.398,0.2831,37.4478,0
PM-035,305,1.4096,0.2408,37.5344,0
PM-035,306,1.3893,0.2532,37.1736,0
PM-035,307,1.3879,0.2767,37.5793,0
PM-035,308,1.3294,0.257,37.278,0
PM-035,309,1.3937,0.2895,37.1413,0
PM-035,310,1.3519,0.2882,37.4604,0
PM-035,311,1.3769,0.2725,37.2658,0
PM-035,312,1.3679,0.2676,37.2004,0
PM-035,313,1.3326,0.2711,37.0707,0
PM-035,314,1.3554,0.2767,37.6628,0
PM-035,315,1.3635,0.2802,37.308,0
PM-035,316,1.3717,0.2774,36.8166,0
PM-035,317,1.3648,0.2773,37.5134,0
PM-035,318,1.3526,0.2731,37.6426,0
PM-035,319,1.3536,0.27,37.8427,0
PM-035,320,1.3491,0.2517,37.6825,0
PM-035,321,1.3375,0.2757,37.5283,0
PM-035,322,1.3856,0.2874,37.1255,0
PM-035,323,1.3995,0.2737,37.1703,0
PM-035,324,1.3873,0.2646,37.5355,0
PM-035,325,1.3612,0.2734,38.1507,0
PM-035,326,1.3712,0.2452,36.9573,0
PM-035,327,1.3794,0.2574,37.2368,0
PM-035,328,1.3965,0.2763,37.6407,0
PM-035,329,1.4109,0.2893,37.1455,0
PM-035,330,1.4085,0.2909,37.4095,0
PM-035,331,1.3797,0.2793,37.4703,0
PM-035,332,1.3802,0.292,37.3103,0
PM-035,333,1.409,0.2845,37.4851,0
PM-035,334,1.4132,0.2642,37.8713,0
PM-035,335,1.4489,0.2952,37.4287,0
PM-035,336,1.4382,0.2628,37.4189,0
PM-035,337,1.3986,0.2701,37.5912,0
PM-035,338,1.4589,0.2649,37.1874,0
PM-035,339,1.4524,0.2518,37.8589,0
PM-035,340,1.4325,0.2764,37.6229,0
PM-035,341,1.4519,0.2732,37.5644,0
PM-035,342,1.4517,0.283,37.4152,0
PM-035,343,1.4434,0.2974,37.312,0
PM-035,344,1.4829,0.2664,36.8469,0
PM-035,345,1.501,0.2788,37.4764,0
PM-035,346,1.4864,0.3105,37.6563,0
PM-035,347,1.5041,0.2701,37.3724,0
PM-035,348,1.4973,0.288,37.3404,0
PM-035,349,1.4961,0.2909,37.903,0
PM-035,350,1.4655,0.2953,37.3459,0
PM-035,351,1.5268,0.2841,37.313,0
PM-035,352,1.5224,0.2688,37.1166,0
PM-035,353,1.5171,0.2946,37.7947,0
PM-035,354,1.548,0.2947,37.086,0
PM-035,355,1.5388,0.3087,37.2818,0
PM-035,356,1.5386,0.3234,37.4754,0
PM-035,357,1.5501,0.309,37.8186,0
PM-035,358,1.518,0.3199,36.865,0
PM-035,359,1.552,0.292,37.5435,0
PM-035,360,1.5254,0.2984,37.41,0
PM-035,361,1.5736,0.3489,37.9269,0
PM-035,362,1.5507,0.3202,37.2933,0
PM-035,363,1.6047,0.3275,36.8521,0
PM-035,364,1.6067,0.3291,37.895,0
PM-035,365,1.6047,0.353,37.6336,0
PM-035,366,1.5823,0.3134,37.9182,0
PM-035,367,1.6218,0.3328,36.6471,0
PM-035,368,1.6427,0.3557,37.7905,0
PM-035,369,1.6289,0.3468,37.2411,0
PM-035,370,1.6242,0.3593,37.1099,0
PM-035,371,1.6292,0.3764,37.4303,0
PM-035,372,1.65,0.373,37.7809,0
PM-035,373,1.653,0.3579,36.9913,0
PM-035,374,1.6861,0.3616,37.3494,0
PM-035,375,1.654,0.3706,37.759,0
PM-035,376,1.6616,0.3604,37.5181,0
PM-035,377,1.6635,0.3956,38.0065,0
PM-035,378,1.6577,0.3723,38.3049,0
PM-035,379,1.6555,0.4238,38.0414,0
PM-035,380,1.6775,0.4171,37.121,0
PM-035,381,1.7013,0.4177,37.2236,0
PM-035,382,1.7216,0.4213,38.1548,0
PM-035,383,1.7065,0.3757,37.8019,0
PM-035,384,1.7051,0.432,37.4517,0
PM-035,385,1.7623,0.4221,38.3796,0
PM-035,386,1.6858,0.4197,38.5894,0
PM-035,387,1.7091,0.4069,38.1298,0
PM-035,388,1.7514,0.4252,38.1769,0
PM-035,389,1.739,0.43,38.4893,0
PM-035,390,1.7163,0.4201,38.5232,0
PM-035,391,1.7374,0.4582,38.3858,0
PM-035,392,1.765,0.4548,38.4739,0
PM-035,393,1.7594,0.4512,38.4049,0
PM-035,394,1.7875,0.4471,38.5314,0
PM-035,395,1.7749,0.4776,38.8727,0
PM-035,396,1.7747,0.4643,38.9263,0
PM-035,397,1.7672,0.4676,39.018,0
PM-035,398,1.762,0.4659,39.1029,0
PM-035,399,1.7916,0.4554,39.4736,0
PM-035,400,1.8241,0.4764,39.2974,0
PM-035,401,1.8125,0.4851,39.2895,0
PM-035,402,1.8258,0.4752,39.2312,0
PM-035,403,1.8144,0.4919,39.6076,0
PM-035,404,1.8388,0.4917,40.1572,1
PM-035,405,1.8484,0.473,39.7356,1
PM-035,406,1.8199,0.5088,40.1874,1
PM-035,407,1.8556,0.4843,39.9902,1
PM-035,408,1.868,0.514,39.4361,1
PM-035,409,1.8907,0.5128,40.3815,1
PM-035,410,1.8598,0.5083,39.8271,1
PM-035,411,1.8562,0.5273,40.3973,1
PM-035,412,1.8789,0.5163,40.4769,1
PM-035,413,1.886,0.5251,40.5262,1
PM-035,414,1.895,0.5305,40.4927,1
PM-035,415,1.886,0.5298,40.5607,1
PM-035,416,1.9343,0.5294,41.0233,1
PM-035,417,1.8956,0.5616,41.4264,1
PM-035,418,1.9164,0.5592,40.6502,1
PM-035,419,1.9367,0.5617,41.0333,1
PM-035,420,1.906,0.5529,41.9714,1
PM-035,421,1.9185,0.5486,41.2221,1
PM-035,422,1.8915,0.5741,41.7603,1
PM-035,423,1.8773,0.589,41.5713,1
PM-035,424,1.9288,0.5472,41.3335,1
PM-035,425,1.9555,0.5885,41.5015,1
PM-035,426,1.9159,0.5748,41.608,1
PM-035,427,1.9606,0.5965,41.7095,1
PM-035,428,1.9737,0.6037,42.162,1
PM-035,429,1.9802,0.579,42.6005,1
PM-035,430,1.9862,0.5791,42.8439,1
PM-035,431,1.9375,0.6147,42.043,1
PM-035,432,1.9892,0.6201,42.0951,1
PM-035,433,2.0015,0.5762,42.5146,1
PM-035,434,2.0287,0.6066,42.9757,1
PM-035,435,2.0222,0.5943,42.3501,1
PM-035,436,2.0246,0.6239,42.6085,1
PM-035,437,2.0111,0.6248,42.7864,1
PM-035,438,2.042,0.6253,43.0272,1
PM-035,439,2.0213,0.6363,43.1512,1
PM-035,440,1.9974,0.6602,42.6247,1
PM-035,441,2.0688,0.6239,43.2085,1
PM-035,442,2.0841,0.6051,43.4443,1
PM-035,443,2.0789,0.6356,43.6824,1
PM-035,444,2.0813,0.6469,44.0854,1
PM-035,445,2.0635,0.6442,43.9068,1
PM-035,446,2.093,0.6454,43.7873,1
PM-035,447,2.0526,0.6546,43.8046,1
PM-035,448,2.0869,0.6371,43.9979,1
PM-035,449,2.1029,0.6751,44.4054,1
PM-035,450,2.1075,0.6834,43.9466,1
PM-035,451,2.0838,0.6885,43.7347,1
PM-035,452,2.0691,0.6752,44.4313,1
PM-035,453,2.0991,0.6558,44.8879,1
PM-035,454,2.1035,0.6659,43.8336,1
PM-035,455,2.1395,0.6902,44.4759,1
PM-035,456,2.1451,0.704,44.883,1
PM-035,457,2.134,0.6929,45.0948,1
PM-035,458,2.1037,0.6975,44.5866,1
PM-035,459,2.1515,0.7201,45.1452,1
PM-035,460,2.1472,0.6883,45.3295,1
PM-035,461,2.1745,0.7131,45.1464,1
PM-035,462,2.1449,0.7365,45.9812,1
PM-035,463,2.1681,0.7216,45.5846,1
PM-035,464,2.1924,0.7394,46.0223,1
PM-035,465,2.1848,0.764,45.9106,1
PM-035,466,2.1852,0.7532,46.5694,1
PM-035,467,2.1806,0.7338,45.9865,1
PM-035,468,2.1837,0.7571,45.8954,1
PM-035,469,2.1951,0.7543,46.6315,1
PM-035,470,2.1879,0.7322,46.2311,1
PM-035,471,2.1868,0.7445,46.2567,1
PM-035,472,2.2416,0.7379,46.3278,1
PM-035,473,2.2135,0.748,46.549,1
PM-035,474,2.2431,0.7637,46.713,1
PM-035,475,2.2175,0.7769,46.8725,1
PM-035,476,2.2582,0.7419,47.0013,1
PM-035,477,2.2606,0.7954,46.5408,1
PM-035,478,2.2637,0.7756,46.4638,1
PM-035,479,2.2648,0.7573,47.0003,1
PM-036,0,1.3462,0.2552,40.1845,0
PM-036,1,1.359,0.3044,40.0832,0
PM-036,2,1.3145,0.2974,39.5923,0
PM-036,3,1.317,0.2793,39.8027,0
PM-036,4,1.3406,0.2758,40.0115,0
PM-036,5,1.3083,0.2868,39.8308,0
PM-036,6,1.356,0.3029,39.8616,0
PM-036,7,1.2966,0.2641,40.2497,0
PM-036,8,1.3329,0.3124,40.1816,0
PM-036,9,1.3409,0.2881,39.5679,0
PM-036,10,1.3231,0.2924,39.809,0
PM-036,11,1.3451,0.3016,39.8587,0
PM-036,12,1.3271,0.2727,40.163,0
PM-036,13,1.3508,0.319,39.9656,0
PM-036,14,1.3338,0.2932,39.8262,0
PM-036,15,1.318,0.2875,40.0499,0
PM-036,16,1.3462,0.2928,40.2317,0
PM-036,17,1.3462,0.2902,39.5329,0
PM-036,18,1.3407,0.2836,39.5761,0
PM-036,19,1.3458,0.294,40.0402,0
PM-036,20,1.3469,0.288,39.8385,0
PM-036,21,1.3712,0.2884,39.1498,0
PM-036,22,1.2872,0.3043,39.3624,0
PM-036,23,1.3249,0.2679,39.8218,0
PM-036,24,1.3435,0.2762,39.6679,0
PM-036,25,1.3503,0.3257,40.0747,0
PM-036,26,1.3175,0.2993,40.4358,0
PM-036,27,1.357,0.263,40.0711,0
PM-036,28,1.3266,0.287,39.8003,0
PM-036,29,1.3506,0.2809,40.3379,0
PM-036,30,1.3357,0.2828,40.0841,0
PM-036,31,1.3429,0.2952,39.8726,0
PM-036,32,1.3624,0.301,39.9089,0
PM-036,33,1.3522,0.2822,40.0836,0
PM-036,34,1.3523,0.2899,39.6665,0
PM-036,35,1.3119,0.2906,39.6954,0
PM-036,36,1.3568,0.2636,40.3077,0
PM-036,37,1.3368,0.2734,39.7772,0
PM-036,38,1.3317,0.2934,39.545,0
PM-036,39,1.3166,0.2813,39.9033,0
PM-036,40,1.3501,0.2902,39.7957,0
PM-036,41,1.3405,0.2887,39.837,0
PM-036,42,1.3381,0.2539,40.1926,0
PM-036,43,1.3467,0.3087,39.6693,0
PM-036,44,1.3472,0.2576,39.3829,0
PM-036,45,1.331,0.2775,40.2268,0
PM-036,46,1.3593,0.3054,40.0919,0
PM-036,47,1.3486,0.267,40.3325,0
PM-036,48,1.3608,0.2655,40.053,0
PM-036,49,1.3248,0.3139,39.6201,0
PM-036,50,1.3376,0.289,39.8966,0
PM-036,51,1.3787,0.3116,39.4213,0
PM-036,52,1.3455,0.286,40.1629,0
PM-036,53,1.34,0.274,39.6013,0
PM-036,54,1.3277,0.2844,39.9707,0
PM-036,55,1.3243,0.3118,40.0731,0
PM-036,56,1.3532,0.2841,39.6013,0
PM-036,57,1.3534,0.2713,39.3057,0
PM-036,58,1.3471,0.2749,39.8123,0
PM-036,59,1.3496,0.2722,39.4319,0
PM-036,60,1.3601,0.2853,40.2898,0
PM-036,61,1.3483,0.296,39.9616,0
PM-036,62,1.339,0.3032,40.1569,0
PM-036,63,1.324,0.2936,39.7268,0
PM-036,64,1.3295,0.2947,39.7222,0
PM-036,65,1.3387,0.2919,39.8108,0
PM-036,66,1.3501,0.2796,40.1954,0
PM-036,67,1.3384,0.2888,39.6429,0
PM-036,68,1.3311,0.2891,40.2199,0
PM-036,69,1.3293,0.3015,39.6859,0
PM-036,70,1.3424,0.2786,40.3758,0
PM-036,71,1.363,0.2905,39.752,0
PM-036,72,1.3054,0.2919,39.9748,0
PM-036,73,1.3529,0.2642,39.955,0
PM-036,74,1.3443,0.2727,39.9475,0
PM-036,75,1.3212,0.2738,39.7534,0
PM-036,76,1.3304,0.3048,39.816,0
PM-036,77,1.3188,0.2984,40.2209,0
PM-036,78,1.3521,0.3067,39.9702,0
PM-036,79,1.3389,0.2756,40.3323,0
PM-036,80,1.3339,0.2816,39.7947,0
PM-036,81,1.3485,0.2874,39.9694,0
PM-036,82,1.3293,0.2832,39.8681,0
PM-036,83,1.3642,0.2592,40.047,0
PM-036,84,1.3575,0.2586,39.8911,0
PM-036,85,1.3554,0.2749,39.9931,0
PM-036,86,1.3171,0.2867,40.2958,0
PM-036,87,1.3697,0.29,39.5289,0
PM-036,88,1.3295,0.259,39.8244,0
PM-036,89,1.355,0.2657,39.8504,0
PM-036,90,1.3194,0.3131,40.0322,0
PM-036,91,1.3528,0.2906,40.1409,0
PM-036,92,1.3574,0.2868,39.7532,0
PM-036,93,1.317,0.3126,40.1588,0
PM-036,94,1.2913,0.2825,40.0374,0
PM-036,95,1.3692,0.2696,40.0405,0
PM-036,96,1.3278,0.2682,40.3162,0
PM-036,97,1.3165,0.3007,39.4342,0
PM-036,98,1.326,0.2948,40.1276,0
PM-036,99,1.3445,0.301,39.826,0
PM-036,100,1.3636,0.2915,40.133,0
PM-036,101,1.343,0.2936,39.6122,0
PM-036,102,1.3169,0.2781,40.0669,0
PM-036,103,1.324,0.2817,39.8908,0
PM-036,104,1.3641,0.2952,39.4742,0
PM-036,105,1.3389,0.2816,39.8441,0
PM-036,106,1.3358,0.3031,39.6685,0
PM-036,107,1.3398,0.2905,39.8462,0
PM-036,108,1.323,0.2749,39.7864,0
PM-036,109,1.3505,0.2808,39.8828,0
PM-036,110,1.3126,0.2791,39.9814,0
PM-036,111,1.3024,0.3019,39.7347,0
PM-036,112,1.371,0.2925,39.3621,0
PM-036,113,1.3413,0.2814,39.9996,0
PM-036,114,1.3681,0.2968,39.8448,0
PM-036,115,1.3078,0.2993,40.0655,0
PM-036,116,1.3589,0.284,40.0011,0
PM-036,117,1.3308,0.2875,39.4582,0
PM-036,118,1.3421,0.2919,39.7614,0
PM-036,119,1.3479,0.2993,40.3326,0
PM-036,120,1.3154,0.2962,40.3139,0
PM-036,121,1.3287,0.3071,39.6948,0
PM-036,122,1.3371,0.2603,39.3524,0
PM-036,123,1.3047,0.3075,39.6799,0
PM-036,124,1.3203,0.2923,39.6895,0
PM-036,125,1.3599,0.3141,39.2461,0
PM-036,126,1.3462,0.2553,39.5045,0
PM-036,127,1.3453,0.272,39.9908,0
PM-036,128,1.3364,0.2615,40.1098,0
PM-036,129,1.3417,0.2868,39.7182,0
PM-036,130,1.3435,0.2668,39.6102,0
PM-036,131,1.3422,0.3016,39.7694,0
PM-036,132,1.3449,0.2893,40.0369,0
PM-036,133,1.3219,0.2839,39.9011,0
PM-036,134,1.3657,0.2696,39.4914,0
PM-036,135,1.3957,0.2908,40.0771,0
PM-036,136,1.3486,0.2978,40.1823,0
PM-036,137,1.3513,0.3031,39.9628,0
PM-036,138,1.3572,0.3146,39.9713,0
PM-036,139,1.3454,0.2775,39.8631,0
PM-036,140,1.3428,0.2803,39.9403,0
PM-036,141,1.3426,0.309,39.6534,0
PM-036,142,1.3442,0.2771,40.1424,0
PM-036,143,1.3527,0.3113,39.7849,0
PM-036,144,1.3387,0.2982,40.1102,0
PM-036,145,1.286,0.2759,40.0836,0
PM-036,146,1.3316,0.2984,40.2252,0
PM-036,147,1.3315,0.2952,40.3494,0
PM-036,148,1.3561,0.2746,39.857,0
PM-036,149,1.3363,0.2722,40.2336,0
PM-036,150,1.3229,0.2847,40.2341,0
PM-036,151,1.3267,0.2811,40.014,0
PM-036,152,1.3276,0.3092,39.6379,0
PM-036,153,1.2899,0.2988,39.8053,0
PM-036,154,1.3196,0.2919,40.0384,0
PM-036,155,1.3205,0.304,40.1711,0
PM-036,156,1.3752,0.2793,39.9594,0
PM-036,157,1.3404,0.2813,40.0335,0
PM-036,158,1.3453,0.2934,39.8146,0
PM-036,159,1.3316,0.2777,39.6873,0
PM-036,160,1.3345,0.3089,40.5243,0
PM-036,161,1.362,0.2792,40.0349,0
PM-036,162,1.2948,0.2839,39.796,0
PM-036,163,1.3732,0.2901,39.9278,0
PM-036,164,1.3344,0.2818,40.072,0
PM-036,165,1.3225,0.2944,40.3421,0
PM-036,166,1.338,0.2815,39.89,0
PM-036,167,1.3598,0.2883,39.7298,0
PM-036,168,1.3519,0.2755,39.8425,0
PM-036,169,1.3403,0.2741,39.3766,0
PM-036,170,1.3447,0.2533,39.6346,0
PM-036,171,1.3513,0.2925,39.8652,0
PM-036,172,1.3178,0.2797,40.0855,0
PM-036,173,1.3331,0.2677,39.6486,0
PM-036,174,1.3271,0.2917,39.9439,0
PM-036,175,1.3108,0.3064,39.6897,0
PM-036,176,1.3446,0.272,40.6571,0
PM-036,177,1.3623,0.2746,39.9391,0
PM-036,178,1.3152,0.2808,40.0394,0
PM-036,179,1.3527,0.2676,39.688,0
PM-036,180,1.3546,0.306,39.6806,0
PM-036,181,1.3549,0.2677,39.8233,0
PM-036,182,1.3129,0.2801,40.4853,0
PM-036,183,1.3347,0.282,39.7431,0
PM-036,184,1.3298,0.2741,39.9536,0
PM-036,185,1.3351,0.2793,39.749,0
PM-036,186,1.3394,0.2752,39.8405,0
PM-036,187,1.3267,0.2531,40.1706,0
PM-036,188,1.2991,0.2597,40.1812,0
PM-036,189,1.3136,0.255,40.3138,0
PM-036,190,1.323,0.3044,39.638,0
PM-036,191,1.3029,0.2814,39.5502,0
PM-036,192,1.3438,0.2963,40.1915,0
PM-036,193,1.3295,0.3069,39.6343,0
PM-036,194,1.3384,0.2841,40.5044,0
PM-036,195,1.3599,0.2867,39.9721,0
PM-036,196,1.3665,0.2749,39.3026,0
PM-036,197,1.3164,0.28,40.3208,0
PM-036,198,1.3565,0.2855,40.0525,0
PM-036,199,1.3216,0.3175,40.2765,0
PM-036,200,1.3368,0.2851,40.123,0
PM-036,201,1.3346,0.2589,40.3725,0
PM-036,202,1.3591,0.2918,39.7867,0
PM-036,203,1.336,0.2465,39.5803,0
PM-036,204,1.3711,0.2939,39.328,0
PM-036,205,1.3192,0.2573,39.6784,0
PM-036,206,1.3325,0.3102,40.1481,0
PM-036,207,1.3297,0.2824,39.6724,0
PM-036,208,1.3576,0.3043,39.5111,0
PM-036,209,1.3013,0.2814,39.8538,0
PM-036,210,1.3409,0.2611,39.6979,0
PM-036,211,1.3341,0.2745,40.1699,0
PM-036,212,1.3731,0.2781,40.1793,0
PM-036,213,1.3286,0.2722,39.6989,0
PM-036,214,1.3511,0.2766,39.7787,0
PM-036,215,1.3129,0.2957,40.05,0
PM-036,216,1.3649,0.2951,40.0364,0
PM-036,217,1.3474,0.2823,39.9456,0
PM-036,218,1.3544,0.2739,40.4231,0
PM-036,219,1.3485,0.3165,39.5599,0
PM-036,220,1.3122,0.2918,39.9496,0
PM-036,221,1.3266,0.2671,39.8322,0
PM-036,222,1.3401,0.2666,39.7895,0
PM-036,223,1.3434,0.298,39.8267,0
PM-036,224,1.3197,0.2879,39.8505,0
PM-036,225,1.3065,0.2794,39.7356,0
PM-036,226,1.3362,0.2752,39.748,0
PM-036,227,1.3321,0.2958,39.9404,0
PM-036,228,1.3891,0.2672,40.1861,0
PM-036,229,1.3342,0.2653,39.799,0
PM-036,230,1.3055,0.2874,39.8211,0
PM-036,231,1.3221,0.2703,40.2176,0
PM-036,232,1.3326,0.2893,39.9656,0
PM-036,233,1.3379,0.2813,40.3679,0
PM-036,234,1.3805,0.3079,39.919,0
PM-036,235,1.3348,0.3026,39.6853,0
PM-036,236,1.37,0.2981,39.8286,0
PM-036,237,1.3414,0.2956,39.7843,0
PM-036,238,1.3564,0.3053,39.8338,0
PM-036,239,1.3262,0.2846,39.5655,0
PM-036,240,1.3024,0.2797,39.6246,0
PM-036,241,1.3712,0.2793,40.0493,0
PM-036,242,1.3232,0.3129,39.8544,0
PM-036,243,1.3109,0.2962,39.9904,0
PM-036,244,1.3598,0.2839,39.9449,0
PM-036,245,1.3056,0.2987,39.9314,0
PM-036,246,1.3333,0.2827,39.8279,0
PM-036,247,1.3527,0.2723,40.1356,0
PM-036,248,1.3036,0.2574,40.3358,0
PM-036,249,1.3153,0.2878,39.8322,0
PM-036,250,1.3426,0.287,40.2255,0
PM-036,251,1.3072,0.2962,39.8972,0
PM-036,252,1.3051,0.2782,39.4314,0
PM-036,253,1.3023,0.2796,40.2685,0
PM-036,254,1.342,0.3057,39.9354,0
PM-036,255,1.3667,0.3079,39.6276,0
PM-036,256,1.3372,0.2753,39.8691,0
PM-036,257,1.3689,0.2766,39.5567,0
PM-036,258,1.3134,0.2803,41.0362,0
PM-036,259,1.3652,0.2431,39.9018,0
PM-036,260,1.3232,0.301,39.5589,0
PM-036,261,1.315,0.2776,39.7051,0
PM-036,262,1.3488,0.2812,40.2135,0
PM-036,263,1.3195,0.2992,39.5655,0
PM-036,264,1.348,0.2787,40.1801,0
PM-036,265,1.2869,0.2744,40.2631,0
PM-036,266,1.3317,0.2607,39.7005,0
PM-036,267,1.3434,0.274,40.2609,0
PM-036,268,1.3575,0.2962,40.2218,0
PM-036,269,1.3255,0.3085,40.2353,0
PM-036,270,1.3332,0.2618,39.2025,0
PM-036,271,1.3555,0.262,39.6362,0
PM-036,272,1.3453,0.2667,40.6429,0
PM-036,273,1.3405,0.3084,40.2253,0
PM-036,274,1.285,0.2974,39.9077,0
PM-036,275,1.3345,0.2858,40.229,0
PM-036,276,1.3687,0.2683,39.9358,0
PM-036,277,1.3638,0.2831,39.9735,0
PM-036,278,1.3401,0.3179,40.1371,0
PM-036,279,1.3772,0.3123,39.8445,0
PM-036,280,1.3418,0.317,39.57,0
PM-036,281,1.351,0.2978,39.8296,0
PM-036,282,1.3281,0.2825,40.1233,0
PM-036,283,1.3652,0.2973,39.5352,0
PM-036,284,1.3659,0.3041,39.8389,0
PM-036,285,1.3227,0.2726,40.2349,0
PM-036,286,1.2982,0.3027,39.7772,0
PM-036,287,1.3415,0.2349,39.3806,0
PM-036,288,1.3222,0.2725,40.1401,0
PM-036,289,1.3418,0.3152,40.0666,0
PM-036,290,1.3228,0.3045,39.7736,0
PM-036,291,1.3253,0.2862,40.3983,0
PM-036,292,1.3568,0.3015,40.5007,0
PM-036,293,1.3557,0.2678,40.0741,0
PM-036,294,1.3682,0.2634,39.908,0
PM-036,295,1.3144,0.2881,40.2531,0
PM-036,296,1.3626,0.2834,40.111,0
PM-036,297,1.3057,0.26,40.2484,0
PM-036,298,1.2752,0.2759,40.1156,0
PM-036,299,1.3402,0.2436,40.0703,0
PM-036,300,1.3185,0.288,39.7254,0
PM-036,301,1.3219,0.2592,39.8049,0
PM-036,302,1.3605,0.2798,39.7994,0
PM-036,303,1.3217,0.2669,39.6132,0
PM-036,304,1.3402,0.3231,40.2052,0
PM-036,305,1.3482,0.3161,40.0529,0
PM-036,306,1.3624,0.2894,40.0482,0
PM-036,307,1.3179,0.2815,39.744,0
PM-036,308,1.3389,0.2761,40.3419,0
PM-036,309,1.349,0.284,40.592,0
PM-036,310,1.377,0.2863,40.2301,0
PM-036,311,1.3532,0.2798,39.8041,0
PM-036,312,1.3767,0.2932,39.6278,0
PM-036,313,1.385,0.2953,39.7723,0
PM-036,314,1.3787,0.2691,39.4599,0
PM-036,315,1.3642,0.297,40.0695,0
PM-036,316,1.4309,0.2868,39.9281,0
PM-036,317,1.4042,0.2702,40.1836,0
PM-036,318,1.4103,0.272,40.0241,0
PM-036,319,1.4229,0.2662,40.2298,0
PM-036,320,1.4039,0.2401,40.2042,0
PM-036,321,1.4449,0.2693,39.4113,0
PM-036,322,1.4497,0.2769,40.316,0
PM-036,323,1.3925,0.3073,40.2346,0
PM-036,324,1.4443,0.2561,39.8038,0
PM-036,325,1.4588,0.2609,39.7559,0
PM-036,326,1.4517,0.2688,40.3027,0
PM-036,327,1.4709,0.2898,40.0428,0
PM-036,328,1.4432,0.295,39.7333,0
PM-036,329,1.4552,0.2788,40.3432,0
PM-036,330,1.4885,0.2711,40.3139,0
PM-036,331,1.4535,0.314,40.3839,0
PM-036,332,1.5185,0.2932,39.8284,0
PM-036,333,1.4737,0.2978,39.6084,0
PM-036,334,1.4367,0.2896,39.9248,0
PM-036,335,1.5012,0.305,39.9548,0
PM-036,336,1.5186,0.2894,39.711,0
PM-036,337,1.5425,0.2581,40.2483,0
PM-036,338,1.5167,0.3093,40.1814,0
PM-036,339,1.525,0.2909,39.6204,0
PM-036,340,1.5061,0.2844,39.91,0
PM-036,341,1.5336,0.3371,39.936,0
PM-036,342,1.511,0.3264,39.8889,0
PM-036,343,1.5469,0.3258,40.1794,0
PM-036,344,1.5311,0.3493,39.9658,0
PM-036,345,1.5295,0.3283,40.1307,0
PM-036,346,1.5212,0.3348,40.2333,0
PM-036,347,1.5621,0.3229,40.0059,0
PM-036,348,1.5301,0.3464,40.3265,0
PM-036,349,1.5635,0.3301,39.8553,0
PM-036,350,1.5711,0.3669,40.2375,0
PM-036,351,1.5505,0.349,40.0307,0
PM-036,352,1.5654,0.3648,39.5082,0
PM-036,353,1.5878,0.3762,39.9288,0
PM-036,354,1.5913,0.3769,39.7793,0
PM-036,355,1.6053,0.3672,39.6401,0
PM-036,356,1.6161,0.3921,40.2601,0
PM-036,357,1.6212,0.3821,40.0215,0
PM-036,358,1.6064,0.368,39.2928,0
PM-036,359,1.5821,0.3815,39.5296,0
PM-036,360,1.6269,0.411,38.945,0
PM-036,361,1.6043,0.421,40.1628,0
PM-036,362,1.6267,0.3836,40.0883,0
PM-036,363,1.6536,0.376,40.3601,0
PM-036,364,1.6472,0.4125,40.2198,0
PM-036,365,1.6506,0.4086,40.0679,0
PM-036,366,1.6423,0.4151,39.8347,0
PM-036,367,1.6546,0.4322,39.966,0
PM-036,368,1.668,0.4096,39.9528,0
PM-036,369,1.7035,0.3936,40.1639,0
PM-036,370,1.646,0.4379,40.2155,0
PM-036,371,1.6658,0.3949,40.7926,0
PM-036,372,1.6538,0.4332,40.685,0
PM-036,373,1.7289,0.4211,40.2345,0
PM-036,374,1.6821,0.4239,40.0118,0
PM-036,375,1.7285,0.4299,40.6147,0
PM-036,376,1.7134,0.4604,40.4001,0
PM-036,377,1.7132,0.4248,40.9341,0
PM-036,378,1.717,0.4394,40.9897,0
PM-036,379,1.7214,0.4487,40.944,0
PM-036,380,1.6942,0.437,40.9069,0
PM-036,381,1.7064,0.4482,41.154,0
PM-036,382,1.7335,0.4686,41.3096,0
PM-036,383,1.7393,0.4717,41.0732,0
PM-036,384,1.7254,0.4614,41.2248,0
PM-036,385,1.7121,0.4791,41.2202,0
PM-036,386,1.7886,0.4764,41.1549,0
PM-036,387,1.7708,0.4778,41.7784,0
PM-036,388,1.7527,0.4668,41.3385,0
PM-036,389,1.7421,0.4637,41.7553,0
PM-036,390,1.7719,0.4644,42.2191,0
PM-036,391,1.7809,0.5274,41.9125,0
PM-036,392,1.8278,0.5057,41.5319,0
PM-036,393,1.7645,0.5027,41.6811,1
PM-036,394,1.7755,0.4774,42.9328,1
PM-036,395,1.8206,0.4997,42.8306,1
PM-036,396,1.8289,0.5278,42.2948,1
PM-036,397,1.8027,0.4952,42.5142,1
PM-036,398,1.7978,0.4989,42.9735,1
PM-036,399,1.8326,0.5052,43.0033,1
PM-036,400,1.8305,0.5172,43.2827,1
PM-036,401,1.8356,0.552,43.0609,1
PM-036,402,1.8476,0.5126,42.8097,1
PM-036,403,1.8689,0.5496,42.9551,1
PM-036,404,1.8178,0.5605,43.4683,1
PM-036,405,1.8272,0.5219,43.7841,1
PM-036,406,1.845,0.5351,43.1156,1
PM-036,407,1.8674,0.5249,43.4767,1
PM-036,408,1.8373,0.5283,43.0814,1
PM-036,409,1.8441,0.5636,43.7937,1
PM-036,410,1.8725,0.5467,44.0771,1
PM-036,411,1.8948,0.5419,43.8534,1
PM-036,412,1.892,0.5738,44.6587,1
PM-036,413,1.8748,0.5748,44.3685,1
PM-036,414,1.9307,0.5726,43.6131,1
PM-036,415,1.8656,0.5857,44.1939,1
PM-036,416,1.9092,0.581,44.4704,1
PM-036,417,1.9227,0.586,44.0845,1
PM-036,418,1.9377,0.575,44.6386,1
PM-036,419,1.9142,0.5959,44.9631,1
PM-036,420,1.9404,0.6117,44.4083,1
PM-036,421,1.9342,0.5886,44.1075,1
PM-036,422,1.9588,0.6059,44.8405,1
PM-036,423,1.9672,0.5837,44.3642,1
PM-036,424,1.9726,0.6031,44.927,1
PM-036,425,1.9236,0.6297,45.1497,1
PM-036,426,1.9465,0.6423,44.625,1
PM-036,427,1.9566,0.6293,45.4657,1
PM-036,428,1.9385,0.6136,45.4292,1
PM-036,429,2.0029,0.6422,45.5013,1
PM-036,430,1.9804,0.6221,45.5263,1
PM-036,431,2.0124,0.625,45.3806,1
PM-036,432,2.0118,0.6475,45.3983,1
PM-036,433,1.9677,0.6093,45.673,1
PM-036,434,1.9771,0.6519,45.2047,1
PM-036,435,2.0366,0.6368,45.5658,1
PM-036,436,1.9986,0.6324,46.3455,1
PM-036,437,2.028,0.6502,45.616,1
PM-036,438,2.0187,0.6406,45.2733,1
PM-036,439,2.011,0.6647,46.0204,1
PM-036,440,2.0271,0.6747,46.4926,1
PM-036,441,2.0744,0.6296,46.067,1
PM-036,442,2.0585,0.6724,46.4353,1
PM-036,443,2.0334,0.6727,46.5418,1
PM-036,444,2.0136,0.676,46.4217,1
PM-036,445,2.0726,0.6814,47.2493,1
PM-036,446,2.0609,0.6632,46.0017,1
PM-036,447,2.0473,0.6887,47.0239,1
PM-036,448,2.0591,0.68,46.9407,1
PM-036,449,2.0839,0.7052,46.8292,1
PM-036,450,2.0666,0.7237,47.6261,1
PM-036,451,2.076,0.7139,47.8383,1
PM-036,452,2.1181,0.6887,47.294,1
PM-036,453,2.0619,0.6891,47.3437,1
PM-036,454,2.1064,0.6966,46.6085,1
PM-036,455,2.1111,0.7214,47.7495,1
PM-036,456,2.1082,0.7119,47.6794,1
PM-036,457,2.1256,0.7159,46.9942,1
PM-036,458,2.1506,0.7138,47.4097,1
PM-036,459,2.1199,0.7259,47.6798,1
PM-036,460,2.1221,0.7227,48.0568,1
PM-036,461,2.1221,0.7361,47.6199,1
PM-036,462,2.1833,0.7506,48.0373,1
PM-036,463,2.155,0.7204,48.374,1
PM-036,464,2.1704,0.7453,48.5618,1
PM-036,465,2.1585,0.7432,48.1789,1
PM-036,466,2.1749,0.7356,48.5869,1
PM-036,467,2.175,0.7718,48.7233,1
PM-036,468,2.1389,0.7451,48.4271,1
PM-036,469,2.1645,0.773,48.0587,1
PM-036,470,2.2128,0.7769,48.8611,1
PM-036,471,2.1965,0.7665,48.9387,1
PM-036,472,2.2171,0.7654,49.157,1
PM-036,473,2.1823,0.7802,48.9807,1
PM-036,474,2.2135,0.7626,49.2831,1
PM-036,475,2.2091,0.8025,49.3117,1
PM-036,476,2.225,0.7758,49.4133,1
PM-036,477,2.2298,0.7806,49.2758,1
PM-036,478,2.2093,0.7882,49.2952,1
PM-036,479,2.2365,0.7809,49.5401,1
PM-037,0,1.336,0.3812,40.5101,0
PM-037,1,1.3195,0.365,40.4147,0
PM-037,2,1.3634,0.3851,41.3587,0
PM-037,3,1.3537,0.3849,40.9475,0
PM-037,4,1.3585,0.357,40.7587,0
PM-037,5,1.3454,0.3808,40.1984,0
PM-037,6,1.3738,0.3679,40.6306,0
PM-037,7,1.3596,0.3716,40.8782,0
PM-037,8,1.3789,0.3451,40.4134,0
PM-037,9,1.3416,0.3929,41.0678,0
PM-037,10,1.3502,0.381,41.0825,0
PM-037,11,1.3631,0.3882,40.8832,0
PM-037,12,1.3625,0.3794,40.7075,0
PM-037,13,1.35,0.3796,40.5378,0
PM-037,14,1.3382,0.368,40.8468,0
PM-037,15,1.3523,0.3717,40.871,0
PM-037,16,1.348,0.3617,40.8414,0
PM-037,17,1.3655,0.3848,40.2334,0
PM-037,18,1.3329,0.3861,40.7467,0
PM-037,19,1.316,0.3903,41.1324,0
PM-037,20,1.3291,0.3543,41.7252,0
PM-037,21,1.3344,0.3902,41.2939,0
PM-037,22,1.3237,0.3583,41.14,0
PM-037,23,1.3255,0.3559,40.7718,0
PM-037,24,1.3502,0.3883,40.9995,0
PM-037,25,1.3568,0.3697,40.5154,0
PM-037,26,1.377,0.374,41.0272,0
PM-037,27,1.3571,0.3736,40.8618,0
PM-037,28,1.3528,0.3698,40.6509,0
PM-037,29,1.3633,0.3888,40.9027,0
PM-037,30,1.3848,0.365,41.4746,0
PM-037,31,1.3616,0.3303,41.4042,0
PM-037,32,1.3337,0.3751,40.9839,0
PM-037,33,1.3541,0.3702,40.6382,0
PM-037,34,1.3425,0.3898,40.5255,0
PM-037,35,1.3538,0.3826,40.5142,0
PM-037,36,1.3621,0.3877,40.9365,0
PM-037,37,1.3752,0.3713,40.5764,0
PM-037,38,1.3497,0.3515,41.5433,0
PM-037,39,1.3526,0.3437,40.6351,0
PM-037,40,1.3487,0.3528,40.4434,0
PM-037,41,1.3458,0.38,41.1155,0
PM-037,42,1.375,0.3631,40.0281,0
PM-037,43,1.3883,0.3687,40.6995,0
PM-037,44,1.3775,0.3673,40.9778,0
PM-037,45,1.3576,0.3534,40.5044,0
PM-037,46,1.3483,0.3717,40.6441,0
PM-037,47,1.3401,0.3709,40.6194,0
PM-037,48,1.3706,0.3765,40.6723,0
PM-037,49,1.3645,0.3919,40.8838,0
PM-037,50,1.3238,0.3955,41.3314,0
PM-037,51,1.3775,0.3814,40.9828,0
PM-037,52,1.3556,0.3734,40.482,0
PM-037,53,1.3299,0.3587,40.228,0
PM-037,54,1.3278,0.3718,40.1603,0
PM-037,55,1.3337,0.3685,40.6008,0
PM-037,56,1.346,0.3762,41.1189,0
PM-037,57,1.338,0.3674,40.1671,0
PM-037,58,1.3646,0.359,40.9334,0
PM-037,59,1.3464,0.4054,41.3797,0
PM-037,60,1.3653,0.3783,40.907,0
PM-037,61,1.3435,0.3603,40.5483,0
PM-037,62,1.34,0.3782,40.759,0
PM-037,63,1.3118,0.4104,40.7816,0
PM-037,64,1.3957,0.3659,40.7567,0
PM-037,65,1.3713,0.3674,40.9511,0
PM-037,66,1.3461,0.3648,41.2915,0
PM-037,67,1.3286,0.3643,41.3783,0
PM-037,68,1.3461,0.3499,41.015,0
PM-037,69,1.352,0.3787,40.8503,0
PM-037,70,1.3306,0.3755,41.2107,0
PM-037,71,1.3427,0.3586,40.7785,0
PM-037,72,1.3485,0.3671,41.2011,0
PM-037,73,1.3576,0.3968,40.8987,0
PM-037,74,1.3599,0.4046,40.9335,0
PM-037,75,1.3476,0.3578,40.5742,0
PM-037,76,1.3444,0.3682,40.2116,0
PM-037,77,1.3524,0.331,41.2136,0
PM-037,78,1.3149,0.3747,40.8743,0
PM-037,79,1.3796,0.374,40.8008,0
PM-037,80,1.359,0.364,40.6769,0
PM-037,81,1.357,0.3675,41.023,0
PM-037,82,1.3351,0.3862,40.9716,0
PM-037,83,1.3532,0.3488,41.0819,0
PM-037,84,1.392,0.365,41.0883,0
PM-037,85,1.3504,0.3555,40.6004,0
PM-037,86,1.3506,0.3787,40.3925,0
PM-037,87,1.3386,0.3724,40.4525,0
PM-037,88,1.3606,0.3978,40.8001,0
PM-037,89,1.3674,0.3528,40.6414,0
PM-037,90,1.3726,0.3515,40.6176,0
PM-037,91,1.3756,0.3628,40.2306,0
PM-037,92,1.3414,0.3981,41.2625,0
PM-037,93,1.3511,0.3684,41.5383,0
PM-037,94,1.334,0.3623,41.1484,0
PM-037,95,1.3354,0.3774,40.4596,0
PM-037,96,1.3825,0.3654,40.6357,0
PM-037,97,1.3359,0.3547,40.7257,0
PM-037,98,1.3055,0.3556,40.8356,0
PM-037,99,1.3545,0.3709,40.6029,0
PM-037,100,1.383,0.385,40.7993,0
PM-037,101,1.3504,0.3648,40.6376,0
PM-037,102,1.3496,0.3861,40.6965,0
PM-037,103,1.3783,0.3622,41.278,0
PM-037,104,1.3468,0.3821,41.5133,0
PM-037,105,1.4011,0.3518,41.1407,0
PM-037,106,1.3338,0.3776,40.9772,0
PM-037,107,1.3699,0.3527,40.477,0
PM-037,108,1.3362,0.3807,40.9042,0
PM-037,109,1.3609,0.3543,40.8808,0
PM-037,110,1.3395,0.3627,40.7922,0
PM-037,111,1.3224,0.3799,40.4006,0
PM-037,112,1.3445,0.3831,40.3771,0
PM-037,113,1.3247,0.3875,40.5081,0
PM-037,114,1.3721,0.3785,40.4286,0
PM-037,115,1.3561,0.3787,40.4122,0
PM-037,116,1.3539,0.3845,40.806,0
PM-037,117,1.3557,0.3698,41.1376,0
PM-037,118,1.3508,0.3615,40.7632,0
PM-037,119,1.3214,0.3267,40.5822,0
PM-037,120,1.3832,0.3872,40.3376,0
PM-037,121,1.3317,0.3626,40.7733,0
PM-037,122,1.3321,0.3627,41.138,0
PM-037,123,1.3327,0.3804,41.0591,0
PM-037,124,1.4007,0.3616,40.4951,0
PM-037,125,1.3183,0.3818,40.9591,0
PM-037,126,1.3506,0.3768,40.8555,0
PM-037,127,1.3445,0.3669,40.8015,0
PM-037,128,1.4017,0.3856,40.481,0
PM-037,129,1.3607,0.3718,41.3723,0
PM-037,130,1.3779,0.3704,40.8221,0
PM-037,131,1.33,0.3818,41.1745,0
PM-037,132,1.3551,0.3759,40.7326,0
PM-037,133,1.3703,0.3518,40.495,0
PM-037,134,1.3713,0.3508,40.6405,0
PM-037,135,1.3471,0.379,40.8767,0
PM-037,136,1.2912,0.3806,40.7643,0
PM-037,137,1.374,0.3574,41.3033,0
PM-037,138,1.3292,0.365,41.2086,0
PM-037,139,1.3978,0.3543,41.5786,0
PM-037,140,1.3051,0.3833,41.359,0
PM-037,141,1.3321,0.3904,40.6772,0
PM-037,142,1.3377,0.3516,40.8069,0
PM-037,143,1.3556,0.354,41.2579,0
PM-037,144,1.3406,0.3714,40.9001,0
PM-037,145,1.4126,0.3912,41.0752,0
PM-037,146,1.3439,0.3775,40.9737,0
PM-037,147,1.3521,0.3863,41.7699,0
PM-037,148,1.3305,0.3781,40.9479,0
PM-037,149,1.348,0.3619,40.6142,0
PM-037,150,1.3975,0.3743,41.1345,0
PM-037,151,1.3471,0.3784,40.9855,0
PM-037,152,1.3479,0.3759,41.2157,0
PM-037,153,1.3305,0.3753,41.0022,0
PM-037,154,1.3687,0.3863,41.0478,0
PM-037,155,1.3766,0.3658,41.2681,0
PM-037,156,1.3552,0.385,40.4379,0
PM-037,157,1.366,0.3742,40.7404,0
PM-037,158,1.3786,0.3753,40.8911,0
PM-037,159,1.3241,0.3616,40.8858,0
PM-037,160,1.3392,0.3937,40.7425,0
PM-037,161,1.3334,0.3552,40.7906,0
PM-037,162,1.3697,0.3578,40.5169,0
PM-037,163,1.3412,0.3709,40.5134,0
PM-037,164,1.3551,0.3953,40.8265,0
PM-037,165,1.3446,0.3887,40.485,0
PM-037,166,1.3633,0.3723,41.3383,0
PM-037,167,1.3778,0.3426,40.8934,0
PM-037,168,1.3235,0.389,40.5447,0
PM-037,169,1.3685,0.3892,40.284,0
PM-037,170,1.3822,0.3888,40.5146,0
PM-037,171,1.3759,0.3539,41.1031,0
PM-037,172,1.3509,0.3506,41.2734,0
PM-037,173,1.3822,0.3748,40.8373,0
PM-037,174,1.3447,0.3802,40.9532,0
PM-037,175,1.3832,0.3751,41.2505,0
PM-037,176,1.3155,0.3841,40.884,0
PM-037,177,1.3599,0.3992,41.1627,0
PM-037,178,1.3457,0.3591,40.2557,0
PM-037,179,1.3617,0.3904,41.211,0
PM-037,180,1.3446,0.3907,41.2117,0
PM-037,181,1.372,0.3727,40.817,0
PM-037,182,1.3634,0.3822,40.6882,0
PM-037,183,1.3455,0.376,40.645,0
PM-037,184,1.3425,0.3455,40.5278,0
PM-037,185,1.3676,0.387,40.8188,0
PM-037,186,1.3685,0.3385,40.959,0
PM-037,187,1.3235,0.3593,41.0253,0
PM-037,188,1.3691,0.3433,40.3303,0
PM-037,189,1.3393,0.3451,40.7064,0
PM-037,190,1.37,0.3486,41.4344,0
PM-037,191,1.3475,0.3775,40.5221,0
PM-037,192,1.3735,0.3754,40.9069,0
PM-037,193,1.3604,0.3525,40.9537,0
PM-037,194,1.3668,0.349,40.7497,0
PM-037,195,1.3466,0.3726,41.047,0
PM-037,196,1.3691,0.3704,41.1173,0
PM-037,197,1.3252,0.3759,40.2263,0
PM-037,198,1.3428,0.3792,41.0448,0
PM-037,199,1.3586,0.3955,40.8631,0
PM-037,200,1.3186,0.3378,40.5329,0
PM-037,201,1.3327,0.3725,40.6652,0
PM-037,202,1.3337,0.3632,40.7292,0
PM-037,203,1.336,0.3725,41.1148,0
PM-037,204,1.3397,0.3732,41.4515,0
PM-037,205,1.3576,0.3883,40.6888,0
PM-037,206,1.3761,0.3599,41.0111,0
PM-037,207,1.3743,0.3951,40.8683,0
PM-037,208,1.3473,0.3512,40.8085,0
PM-037,209,1.3688,0.3824,40.8247,0
PM-037,210,1.3601,0.397,41.0349,0
PM-037,211,1.348,0.3719,41.0332,0
PM-037,212,1.3646,0.4058,41.3258,0
PM-037,213,1.3322,0.3622,41.214,0
PM-037,214,1.3372,0.3745,41.3179,0
PM-037,215,1.359,0.3867,40.897,0
PM-037,216,1.3513,0.3443,40.9077,0
PM-037,217,1.3421,0.3921,40.0729,0
PM-037,218,1.3426,0.3928,41.4174,0
PM-037,219,1.3758,0.382,40.3133,0
PM-037,220,1.3315,0.3859,40.4436,0
PM-037,221,1.348,0.3673,40.9564,0
PM-037,222,1.3661,0.3338,40.916,0
PM-037,223,1.3391,0.3803,40.2968,0
PM-037,224,1.373,0.3612,40.7145,0
PM-037,225,1.3853,0.3699,41.1269,0
PM-037,226,1.3522,0.3969,40.9325,0
PM-037,227,1.363,0.3746,40.7417,0
PM-037,228,1.3702,0.3607,41.0491,0
PM-037,229,1.3719,0.38,40.548,0
PM-037,230,1.3617,0.3877,40.4505,0
PM-037,231,1.3222,0.3846,40.6366,0
PM-037,232,1.3676,0.3976,40.389,0
PM-037,233,1.3215,0.384,41.2243,0
PM-037,234,1.387,0.384,40.7903,0
PM-037,235,1.3546,0.377,41.3357,0
PM-037,236,1.3586,0.3616,40.8975,0
PM-037,237,1.3215,0.3636,40.7383,0
PM-037,238,1.3449,0.3481,40.4745,0
PM-037,239,1.3523,0.3845,40.7053,0
PM-037,240,1.3542,0.3851,41.6318,0
PM-037,241,1.3464,0.3593,41.0676,0
PM-037,242,1.3698,0.3523,40.4949,0
PM-037,243,1.3253,0.3612,41.0896,0
PM-037,244,1.3599,0.3745,40.536,0
PM-037,245,1.3315,0.373,40.816,0
PM-037,246,1.3625,0.3927,40.4889,0
PM-037,247,1.3497,0.3736,40.8886,0
PM-037,248,1.3542,0.3714,40.8874,0
PM-037,249,1.3631,0.3613,40.9714,0
PM-037,250,1.363,0.3755,41.3035,0
PM-037,251,1.357,0.3774,40.5374,0
PM-037,252,1.3735,0.4007,40.8775,0
PM-037,253,1.3114,0.3881,41.2414,0
PM-037,254,1.357,0.3642,41.2126,0
PM-037,255,1.3767,0.3757,41.1724,0
PM-037,256,1.3382,0.3913,40.9126,0
PM-037,257,1.3466,0.3737,41.0729,0
PM-037,258,1.3589,0.3995,41.1946,0
PM-037,259,1.3293,0.3858,41.1324,0
PM-037,260,1.365,0.3577,41.1663,0
PM-037,261,1.3579,0.3568,40.9376,0
PM-037,262,1.3754,0.3593,40.5779,0
PM-037,263,1.3673,0.3774,41.077,0
PM-037,264,1.3541,0.4096,40.7251,0
PM-037,265,1.3661,0.3651,40.4105,0
PM-037,266,1.3503,0.3678,41.3666,0
PM-037,267,1.3615,0.3604,40.8502,0
PM-037,268,1.3348,0.3683,41.144,0
PM-037,269,1.3623,0.3473,40.5945,0
PM-037,270,1.3362,0.3617,40.9196,0
PM-037,271,1.3737,0.3669,40.6422,0
PM-037,272,1.3694,0.3766,40.6743,0
PM-037,273,1.345,0.3676,41.1639,0
PM-037,274,1.3615,0.3995,40.9951,0
PM-037,275,1.335,0.3469,40.6439,0
PM-037,276,1.3201,0.3603,40.8365,0
PM-037,277,1.3267,0.3837,40.6787,0
PM-037,278,1.3687,0.3578,41.0477,0
PM-037,279,1.3426,0.3684,40.64,0
PM-037,280,1.3497,0.3806,40.4171,0
PM-037,281,1.3971,0.4054,40.6805,0
PM-037,282,1.3726,0.354,40.3387,0
PM-037,283,1.3914,0.3838,40.8776,0
PM-037,284,1.3678,0.362,40.8627,0
PM-037,285,1.3576,0.3503,41.1778,0
PM-037,286,1.3438,0.3544,41.3381,0
PM-037,287,1.3775,0.3688,40.4558,0
PM-037,288,1.3634,0.3731,41.4907,0
PM-037,289,1.3797,0.3652,41.2711,0
PM-037,290,1.38,0.3458,41.0088,0
PM-037,291,1.3772,0.3659,40.463,0
PM-037,292,1.4131,0.396,40.9187,0
PM-037,293,1.3107,0.3663,41.4335,0
PM-037,294,1.3804,0.3686,40.6937,0
PM-037,295,1.3829,0.3691,40.8089,0
PM-037,296,1.3624,0.3816,40.5166,0
PM-037,297,1.3662,0.3578,41.2367,0
PM-037,298,1.3471,0.3771,39.9853,0
PM-037,299,1.3706,0.3874,40.6918,0
PM-037,300,1.3264,0.3517,40.8481,0
PM-037,301,1.3315,0.3718,40.8826,0
PM-037,302,1.3584,0.3944,41.2404,0
PM-037,303,1.357,0.3828,40.9677,0
PM-037,304,1.3833,0.3751,41.1273,0
PM-037,305,1.3982,0.3793,40.7082,0
PM-037,306,1.3454,0.362,41.0808,0
PM-037,307,1.3614,0.3676,41.3151,0
PM-037,308,1.3463,0.3745,40.6183,0
PM-037,309,1.352,0.361,40.8215,0
PM-037,310,1.3332,0.3654,40.6389,0
PM-037,311,1.3409,0.3594,40.7488,0
PM-037,312,1.3036,0.3829,40.9323,0
PM-037,313,1.3598,0.3701,41.2217,0
PM-037,314,1.3393,0.3471,40.9233,0
PM-037,315,1.3916,0.3942,41.116,0
PM-037,316,1.3988,0.3663,40.7033,0
PM-037,317,1.3482,0.3349,41.2775,0
PM-037,318,1.3532,0.3629,40.7769,0
PM-037,319,1.3341,0.3729,40.6803,0
PM-037,320,1.3436,0.3588,40.8438,0
PM-037,321,1.3427,0.3923,40.9925,0
PM-037,322,1.3266,0.3811,40.9332,0
PM-037,323,1.3541,0.3696,41.1836,0
PM-037,324,1.3306,0.3709,40.3276,0
PM-037,325,1.3634,0.371,40.5364,0
PM-037,326,1.3564,0.3924,40.864,0
PM-037,327,1.3212,0.3716,40.9189,0
PM-037,328,1.3389,0.4052,40.3957,0
PM-037,329,1.3018,0.3579,40.246,0
PM-037,330,1.3716,0.3879,40.3473,0
PM-037,331,1.3309,0.3537,40.8237,0
PM-037,332,1.3621,0.3944,40.958,0
PM-037,333,1.346,0.3662,40.8599,0
PM-037,334,1.3559,0.3701,40.8598,0
PM-037,335,1.3522,0.3502,40.8749,0
PM-037,336,1.3352,0.375,40.9774,0
PM-037,337,1.3763,0.3714,40.6391,0
PM-037,338,1.3696,0.3729,41.4196,0
PM-037,339,1.3244,0.3632,40.6166,0
PM-037,340,1.3896,0.3788,40.2693,0
PM-037,341,1.3168,0.3848,40.5132,0
PM-037,342,1.3528,0.3688,41.424,0
PM-037,343,1.348,0.3656,40.9998,0
PM-037,344,1.375,0.3738,40.1418,0
PM-037,345,1.3689,0.3516,40.3699,0
PM-037,346,1.3429,0.3738,41.2682,0
PM-037,347,1.312,0.3743,41.2738,0
PM-037,348,1.3507,0.3835,41.0366,0
PM-037,349,1.3413,0.381,40.8658,0
PM-037,350,1.3464,0.3959,40.7782,0
PM-037,351,1.3829,0.3668,40.7922,0
PM-037,352,1.3481,0.3877,40.5712,0
PM-037,353,1.3619,0.3779,40.9509,0
PM-037,354,1.3937,0.3687,41.6502,0
PM-037,355,1.3751,0.3502,40.4888,0
PM-037,356,1.3733,0.3608,40.9044,0
PM-037,357,1.3389,0.365,40.7541,0
PM-037,358,1.3724,0.3685,41.2586,0
PM-037,359,1.3332,0.3838,40.8947,0
PM-037,360,1.328,0.3631,40.7952,0
PM-037,361,1.3775,0.37,41.4509,0
PM-037,362,1.3463,0.3734,41.2273,0
PM-037,363,1.3275,0.39,40.6355,0
PM-037,364,1.348,0.3757,40.5883,0
PM-037,365,1.4059,0.3753,40.8719,0
PM-037,366,1.3409,0.3518,41.1714,0
PM-037,367,1.3473,0.3769,40.5377,0
PM-037,368,1.369,0.3672,40.3348,0
PM-037,369,1.3469,0.3836,41.0069,0
PM-037,370,1.3604,0.3714,40.8421,0
PM-037,371,1.3416,0.3894,40.8154,0
PM-037,372,1.3422,0.3988,41.202,0
PM-037,373,1.3547,0.3667,40.7344,0
PM-037,374,1.3334,0.3862,41.3822,0
PM-037,375,1.3642,0.3952,41.0889,0
PM-037,376,1.3233,0.3939,40.7632,0
PM-037,377,1.3571,0.3583,40.3041,0
PM-037,378,1.3403,0.376,40.8692,0
PM-037,379,1.3687,0.3763,40.8764,0
PM-037,380,1.3418,0.4023,41.4214,0
PM-037,381,1.3581,0.3512,40.9414,0
PM-037,382,1.3275,0.351,41.1304,0
PM-037,383,1.3356,0.3645,41.1059,0
PM-037,384,1.3622,0.3824,41.3705,0
PM-037,385,1.342,0.377,41.2814,0
PM-037,386,1.3343,0.37,41.0896,0
PM-037,387,1.3281,0.3754,40.7442,0
PM-037,388,1.3346,0.39,41.1061,0
PM-037,389,1.3634,0.3825,40.7106,0
PM-037,390,1.3538,0.3596,41.0625,0
PM-037,391,1.3346,0.3644,40.5237,0
PM-037,392,1.357,0.368,40.9513,0
PM-037,393,1.3394,0.3606,40.9618,0
PM-037,394,1.35,0.4146,41.0262,0
PM-037,395,1.3555,0.3914,41.1312,0
PM-037,396,1.3564,0.4176,41.1773,0
PM-037,397,1.3304,0.3669,40.2934,0
PM-037,398,1.3234,0.4167,41.2361,0
PM-037,399,1.319,0.3718,40.7239,0
PM-037,400,1.4057,0.3366,40.6401,0
PM-037,401,1.3402,0.3612,40.9079,0
PM-037,402,1.3705,0.3641,40.8075,0
PM-037,403,1.3336,0.3588,40.9539,0
PM-037,404,1.3643,0.3443,40.612,0
PM-037,405,1.3463,0.3661,40.7514,0
PM-037,406,1.3025,0.388,40.8074,0
PM-037,407,1.4089,0.3814,40.9453,0
PM-037,408,1.3356,0.3632,41.0713,0
PM-037,409,1.3472,0.3615,41.3973,0
PM-037,410,1.3602,0.3838,40.7384,0
PM-037,411,1.3771,0.364,41.1877,0
PM-037,412,1.3437,0.3965,41.2238,0
PM-037,413,1.3443,0.4061,40.8741,0
PM-037,414,1.3872,0.3551,41.0422,0
PM-037,415,1.3607,0.3661,41.1197,0
PM-037,416,1.3788,0.38,40.9494,0
PM-037,417,1.3581,0.3798,41.0714,0
PM-037,418,1.3678,0.3811,40.6981,0
PM-037,419,1.373,0.3806,40.9476,0
PM-037,420,1.3483,0.3868,40.219,0
PM-037,421,1.3516,0.3661,40.6882,0
PM-037,422,1.3475,0.3565,40.7272,0
PM-037,423,1.3292,0.3781,41.1132,0
PM-037,424,1.3737,0.3802,40.6623,0
PM-037,425,1.3306,0.3622,40.7355,0
PM-037,426,1.3401,0.4084,41.042,0
PM-037,427,1.3643,0.3766,40.6797,0
PM-037,428,1.3555,0.3824,41.1199,0
PM-037,429,1.3587,0.3834,40.6866,0
PM-037,430,1.3213,0.3917,40.6521,0
PM-037,431,1.3407,0.3588,40.9232,0
PM-037,432,1.3419,0.3943,41.269,0
PM-037,433,1.3605,0.3614,41.3884,0
PM-037,434,1.3758,0.3619,40.9576,0
PM-037,435,1.3585,0.3808,40.875,0
PM-037,436,1.3532,0.416,41.0098,0
PM-037,437,1.3397,0.3661,41.3994,0
PM-037,438,1.3471,0.3588,40.8672,0
PM-037,439,1.3504,0.394,41.3299,0
PM-037,440,1.3484,0.3856,40.8159,0
PM-037,441,1.3383,0.4001,41.4428,0
PM-037,442,1.3616,0.3639,40.5653,0
PM-037,443,1.3679,0.3934,40.9063,0
PM-037,444,1.3769,0.3705,40.6982,0
PM-037,445,1.3603,0.3436,40.7226,0
PM-037,446,1.3717,0.3374,40.4844,0
PM-037,447,1.3527,0.356,40.7278,0
PM-037,448,1.3147,0.3835,41.199,0
PM-037,449,1.325,0.3771,40.8109,0
PM-037,450,1.3646,0.3961,40.528,0
PM-037,451,1.3806,0.3993,40.3508,0
PM-037,452,1.3752,0.3611,41.0628,0
PM-037,453,1.3397,0.3657,40.6765,0
PM-037,454,1.3362,0.3852,41.0161,0
PM-037,455,1.3656,0.3684,40.7908,0
PM-037,456,1.3629,0.3618,40.7236,0
PM-037,457,1.3739,0.3798,41.2179,0
PM-037,458,1.3048,0.3959,41.1478,0
PM-037,459,1.3742,0.3497,40.7042,0
PM-037,460,1.3468,0.3764,41.4029,0
PM-037,461,1.3594,0.3915,41.288,0
PM-037,462,1.3691,0.3773,41.2415,0
PM-037,463,1.3238,0.3834,41.3293,0
PM-037,464,1.3582,0.3827,41.1753,0
PM-037,465,1.3477,0.419,40.5053,0
PM-037,466,1.3175,0.3842,40.6778,0
PM-037,467,1.3584,0.3776,40.994,0
PM-037,468,1.3284,0.3622,41.2002,0
PM-037,469,1.3437,0.3714,40.6805,0
PM-037,470,1.3638,0.3665,41.3348,0
PM-037,471,1.3381,0.3512,40.484,0
PM-037,472,1.3766,0.3544,40.4354,0
PM-037,473,1.3689,0.3996,41.487,0
PM-037,474,1.3511,0.3264,40.7871,0
PM-037,475,1.3781,0.3569,40.6752,0
PM-037,476,1.36,0.3906,40.5552,0
PM-037,477,1.3754,0.3834,40.771,0
PM-037,478,1.3694,0.3879,41.3452,0
PM-037,479,1.3842,0.3557,40.9923,0
PM-038,0,1.4363,0.2936,39.0047,0
PM-038,1,1.428,0.2997,38.7144,0
PM-038,2,1.4544,0.3042,39.1814,0
PM-038,3,1.444,0.2874,39.3652,0
PM-038,4,1.4299,0.2955,39.0326,0
PM-038,5,1.4391,0.34,39.1472,0
PM-038,6,1.4247,0.3294,38.4792,0
PM-038,7,1.4247,0.2926,38.967,0
PM-038,8,1.4413,0.3075,39.0934,0
PM-038,9,1.447,0.3,39.3552,0
PM-038,10,1.4021,0.2627,39.1905,0
PM-038,11,1.4277,0.3267,39.2811,0
PM-038,12,1.4461,0.2936,39.171,0
PM-038,13,1.4264,0.3018,38.8704,0
PM-038,14,1.4396,0.2972,39.2685,0
PM-038,15,1.4434,0.2933,38.8341,0
PM-038,16,1.409,0.2717,39.2481,0
PM-038,17,1.4272,0.2827,39.1016,0
PM-038,18,1.4199,0.2999,38.5806,0
PM-038,19,1.4474,0.3023,39.1182,0
PM-038,20,1.4258,0.3047,38.5317,0
PM-038,21,1.4799,0.3072,39.4805,0
PM-038,22,1.429,0.2852,38.8208,0
PM-038,23,1.4335,0.2992,39.5267,0
PM-038,24,1.4173,0.2919,39.1822,0
PM-038,25,1.4026,0.3003,39.0108,0
PM-038,26,1.443,0.3062,39.5646,0
PM-038,27,1.4167,0.2913,39.1511,0
PM-038,28,1.4389,0.3062,38.5467,0
PM-038,29,1.478,0.3077,38.4936,0
PM-038,30,1.4466,0.2844,39.247,0
PM-038,31,1.4081,0.316,38.602,0
PM-038,32,1.4149,0.303,38.7848,0
PM-038,33,1.4233,0.278,38.8693,0
PM-038,34,1.452,0.3291,39.2165,0
PM-038,35,1.4481,0.2756,38.9597,0
PM-038,36,1.4213,0.2783,38.5866,0
PM-038,37,1.4477,0.2926,38.5258,0
PM-038,38,1.4216,0.3053,38.766,0
PM-038,39,1.4102,0.2871,39.2336,0
PM-038,40,1.3928,0.2969,38.9337,0
PM-038,41,1.4193,0.2866,39.2633,0
PM-038,42,1.454,0.3025,38.8053,0
PM-038,43,1.4366,0.307,38.9347,0
PM-038,44,1.443,0.2956,38.0229,0
PM-038,45,1.4305,0.3112,38.9775,0
PM-038,46,1.4412,0.2969,38.9104,0
PM-038,47,1.4378,0.3301,39.221,0
PM-038,48,1.4486,0.304,38.5688,0
PM-038,49,1.4589,0.3146,39.0781,0
PM-038,50,1.4335,0.3091,38.8989,0
PM-038,51,1.4489,0.2884,38.3953,0
PM-038,52,1.4103,0.3031,38.8778,0
PM-038,53,1.4314,0.2815,39.0589,0
PM-038,54,1.4136,0.3084,38.5438,0
PM-038,55,1.4176,0.2863,39.1404,0
PM-038,56,1.4251,0.3073,39.3104,0
PM-038,57,1.47,0.3044,38.6377,0
PM-038,58,1.4594,0.3236,38.9503,0
PM-038,59,1.4607,0.3059,38.4705,0
PM-038,60,1.4218,0.2934,38.8592,0
PM-038,61,1.4157,0.2865,39.3721,0
PM-038,62,1.3996,0.2901,39.1546,0
PM-038,63,1.4232,0.3069,38.8479,0
PM-038,64,1.4431,0.2854,38.4107,0
PM-038,65,1.4263,0.2741,38.9482,0
PM-038,66,1.4116,0.2841,39.4099,0
PM-038,67,1.4398,0.2779,38.9538,0
PM-038,68,1.4315,0.2699,39.0726,0
PM-038,69,1.4534,0.2946,38.8807,0
PM-038,70,1.4232,0.3067,38.8934,0
PM-038,71,1.4302,0.2888,39.5807,0
PM-038,72,1.4292,0.3115,39.0479,0
PM-038,73,1.3832,0.2954,38.6224,0
PM-038,74,1.4539,0.2819,39.1167,0
PM-038,75,1.4543,0.3051,38.9694,0
PM-038,76,1.4265,0.2991,38.5662,0
PM-038,77,1.4379,0.3167,38.7066,0
PM-038,78,1.4347,0.2994,39.0621,0
PM-038,79,1.4236,0.2783,38.6322,0
PM-038,80,1.388,0.3126,39.0876,0
PM-038,81,1.4341,0.2905,38.9197,0
PM-038,82,1.4338,0.2931,38.8233,0
PM-038,83,1.4606,0.2822,39.2661,0
PM-038,84,1.4021,0.3251,38.2514,0
PM-038,85,1.4437,0.2911,38.9182,0
PM-038,86,1.4317,0.31,38.3798,0
PM-038,87,1.4338,0.3037,38.7699,0
PM-038,88,1.4322,0.291,39.1347,0
PM-038,89,1.4417,0.3042,39.167,0
PM-038,90,1.4593,0.2861,39.6349,0
PM-038,91,1.4422,0.2934,39.6582,0
PM-038,92,1.4261,0.2828,38.8153,0
PM-038,93,1.4232,0.3172,38.9344,0
PM-038,94,1.4364,0.3019,39.3181,0
PM-038,95,1.4279,0.2979,38.7617,0
PM-038,96,1.426,0.3088,39.1869,0
PM-038,97,1.4684,0.2994,38.8891,0
PM-038,98,1.4423,0.2939,38.7761,0
PM-038,99,1.4408,0.2951,38.8814,0
PM-038,100,1.4465,0.3056,39.5684,0
PM-038,101,1.4528,0.2894,38.8483,0
PM-038,102,1.4069,0.2863,39.3469,0
PM-038,103,1.4288,0.2802,38.3841,0
PM-038,104,1.4049,0.2889,38.9694,0
PM-038,105,1.4264,0.3114,38.6875,0
PM-038,106,1.4589,0.2989,39.1058,0
PM-038,107,1.424,0.3162,38.5701,0
PM-038,108,1.4097,0.2864,39.3211,0
PM-038,109,1.4296,0.2867,38.9094,0
PM-038,110,1.4378,0.2848,39.0161,0
PM-038,111,1.4316,0.2934,38.5884,0
PM-038,112,1.4521,0.2939,38.0879,0
PM-038,113,1.4415,0.3067,39.2482,0
PM-038,114,1.4426,0.303,38.8222,0
PM-038,115,1.4247,0.3111,38.9212,0
PM-038,116,1.4056,0.2958,38.952,0
PM-038,117,1.3946,0.3121,38.9685,0
PM-038,118,1.4071,0.2965,38.9376,0
PM-038,119,1.4533,0.3147,39.2917,0
PM-038,120,1.4419,0.2911,38.6961,0
PM-038,121,1.4204,0.3,38.9607,0
PM-038,122,1.455,0.2971,38.3612,0
PM-038,123,1.4105,0.2863,38.6753,0
PM-038,124,1.3783,0.3245,38.3135,0
PM-038,125,1.4229,0.3108,39.1452,0
PM-038,126,1.405,0.319,39.2866,0
PM-038,127,1.4307,0.3014,38.6942,0
PM-038,128,1.4394,0.3043,38.8223,0
PM-038,129,1.4473,0.3059,39.9323,0
PM-038,130,1.4163,0.3209,38.7126,0
PM-038,131,1.4449,0.262,38.8146,0
PM-038,132,1.4438,0.3045,38.3667,0
PM-038,133,1.4261,0.3231,39.277,0
PM-038,134,1.4536,0.3362,38.4448,0
PM-038,135,1.4265,0.3014,38.7489,0
PM-038,136,1.4369,0.3205,39.0014,0
PM-038,137,1.3903,0.3111,38.9638,0
PM-038,138,1.3908,0.2917,38.4476,0
PM-038,139,1.4286,0.2934,38.5107,0
PM-038,140,1.4394,0.2847,39.3655,0
PM-038,141,1.4377,0.297,39.3445,0
PM-038,142,1.4396,0.3061,38.9488,0
PM-038,143,1.4281,0.307,39.4255,0
PM-038,144,1.366,0.329,38.6659,0
PM-038,145,1.4382,0.2752,39.4157,0
PM-038,146,1.4067,0.3178,38.8959,0
PM-038,147,1.4311,0.2821,39.334,0
PM-038,148,1.4314,0.3117,38.3484,0
PM-038,149,1.4165,0.3047,38.4949,0
PM-038,150,1.4416,0.291,38.735,0
PM-038,151,1.4446,0.3035,38.6311,0
PM-038,152,1.4568,0.3085,38.3639,0
PM-038,153,1.4283,0.3065,38.9349,0
PM-038,154,1.3679,0.3019,39.1955,0
PM-038,155,1.4327,0.3018,39.2742,0
PM-038,156,1.4027,0.312,39.0702,0
PM-038,157,1.4019,0.3114,39.5101,0
PM-038,158,1.441,0.3093,38.6487,0
PM-038,159,1.422,0.2857,39.087,0
PM-038,160,1.424,0.2922,39.1794,0
PM-038,161,1.4678,0.2996,38.4958,0
PM-038,162,1.4352,0.3038,39.2177,0
PM-038,163,1.4279,0.3142,39.1866,0
PM-038,164,1.4284,0.3132,39.2473,0
PM-038,165,1.4125,0.3153,38.9323,0
PM-038,166,1.4294,0.2993,39.3406,0
PM-038,167,1.4591,0.3081,39.0492,0
PM-038,168,1.4323,0.3414,38.7628,0
PM-038,169,1.4254,0.3055,38.6963,0
PM-038,170,1.4553,0.2789,38.7541,0
PM-038,171,1.4263,0.2859,39.2806,0
PM-038,172,1.4081,0.2865,38.7652,0
PM-038,173,1.4512,0.3227,39.125,0
PM-038,174,1.4081,0.2916,39.4399,0
PM-038,175,1.4349,0.2793,39.6265,0
PM-038,176,1.423,0.2999,38.7629,0
PM-038,177,1.4153,0.3204,39.0271,0
PM-038,178,1.4407,0.2818,38.8785,0
PM-038,179,1.4219,0.2886,39.1085,0
PM-038,180,1.4276,0.3113,39.1845,0
PM-038,181,1.4257,0.3078,38.8296,0
PM-038,182,1.4186,0.285,38.9941,0
PM-038,183,1.4195,0.3216,39.4561,0
PM-038,184,1.4439,0.3046,38.9738,0
PM-038,185,1.4818,0.3304,38.9069,0
PM-038,186,1.4304,0.3058,38.6144,0
PM-038,187,1.3984,0.2809,38.8778,0
PM-038,188,1.4155,0.3228,38.5275,0
PM-038,189,1.4077,0.2734,38.7747,0
PM-038,190,1.4264,0.2997,38.9578,0
PM-038,191,1.4219,0.2852,39.0939,0
PM-038,192,1.4164,0.3127,38.5236,0
PM-038,193,1.4194,0.3316,39.6219,0
PM-038,194,1.4071,0.3191,39.4523,0
PM-038,195,1.4556,0.2999,38.3893,0
PM-038,196,1.4361,0.3071,39.0398,0
PM-038,197,1.4439,0.2888,38.8231,0
PM-038,198,1.3865,0.3143,38.699,0
PM-038,199,1.4294,0.3047,38.8001,0
PM-038,200,1.4129,0.3048,38.4332,0
PM-038,201,1.4497,0.3108,38.8034,0
PM-038,202,1.4245,0.2861,38.8536,0
PM-038,203,1.4304,0.2962,39.4029,0
PM-038,204,1.3994,0.2873,39.1877,0
PM-038,205,1.4755,0.288,39.2719,0
PM-038,206,1.4114,0.2951,38.9713,0
PM-038,207,1.4206,0.2947,38.5592,0
PM-038,208,1.4479,0.2875,38.7691,0
PM-038,209,1.4187,0.29,39.0116,0
PM-038,210,1.4356,0.3387,38.8948,0
PM-038,211,1.4324,0.321,39.0357,0
PM-038,212,1.4324,0.2989,39.0265,0
PM-038,213,1.4539,0.3211,39.2777,0
PM-038,214,1.4437,0.3041,39.5797,0
PM-038,215,1.4249,0.3114,39.3205,0
PM-038,216,1.4553,0.2895,39.8128,0
PM-038,217,1.4678,0.3168,38.6663,0
PM-038,218,1.454,0.2663,38.8986,0
PM-038,219,1.4365,0.2942,39.4433,0
PM-038,220,1.4364,0.2865,39.1942,0
PM-038,221,1.4423,0.2746,39.3697,0
PM-038,222,1.4364,0.3157,39.0914,0
PM-038,223,1.4276,0.3073,38.938,0
PM-038,224,1.4402,0.31,39.0123,0
PM-038,225,1.4437,0.2954,38.7968,0
PM-038,226,1.4499,0.3227,38.813,0
PM-038,227,1.4407,0.2798,39.5097,0
PM-038,228,1.4573,0.2922,38.8624,0
PM-038,229,1.4586,0.3036,39.1581,0
PM-038,230,1.4146,0.3096,38.9237,0
PM-038,231,1.4403,0.295,38.905,0
PM-038,232,1.4364,0.2922,39.6488,0
PM-038,233,1.4133,0.3084,39.0591,0
PM-038,234,1.4496,0.2634,38.4622,0
PM-038,235,1.4234,0.3147,38.8891,0
PM-038,236,1.4283,0.3012,38.716,0
PM-038,237,1.4438,0.3038,39.119,0
PM-038,238,1.4647,0.2975,39.0013,0
PM-038,239,1.4147,0.2822,38.9661,0
PM-038,240,1.4364,0.3113,39.1409,0
PM-038,241,1.4395,0.3262,38.8747,0
PM-038,242,1.4306,0.3052,38.6131,0
PM-038,243,1.4481,0.302,38.9953,0
PM-038,244,1.4452,0.3066,39.0916,0
PM-038,245,1.4266,0.3245,38.5296,0
PM-038,246,1.4207,0.2927,38.7521,0
PM-038,247,1.3994,0.3256,39.161,0
PM-038,248,1.4217,0.3114,38.9201,0
PM-038,249,1.4286,0.2865,38.9734,0
PM-038,250,1.4217,0.2864,39.255,0
PM-038,251,1.4179,0.322,38.7539,0
PM-038,252,1.4043,0.3088,38.8342,0
PM-038,253,1.4028,0.3048,38.5765,0
PM-038,254,1.3946,0.3111,39.415,0
PM-038,255,1.4265,0.3191,39.2089,0
PM-038,256,1.4477,0.2984,38.7894,0
PM-038,257,1.4413,0.3107,38.5901,0
PM-038,258,1.4279,0.2981,38.8836,0
PM-038,259,1.4209,0.281,38.877,0
PM-038,260,1.4288,0.2939,39.1631,0
PM-038,261,1.407,0.3051,38.4302,0
PM-038,262,1.433,0.2671,38.7013,0
PM-038,263,1.4339,0.2796,38.5427,0
PM-038,264,1.454,0.277,38.9326,0
PM-038,265,1.4639,0.3031,38.977,0
PM-038,266,1.4201,0.2903,38.9179,0
PM-038,267,1.3944,0.3161,39.0305,0
PM-038,268,1.3994,0.3163,39.172,0
PM-038,269,1.4432,0.3345,38.9972,0
PM-038,270,1.465,0.3013,39.104,0
PM-038,271,1.4233,0.2727,38.4203,0
PM-038,272,1.4327,0.2974,38.6143,0
PM-038,273,1.4288,0.3077,39.3556,0
PM-038,274,1.4205,0.3068,39.49,0
PM-038,275,1.4494,0.2894,38.9987,0
PM-038,276,1.4381,0.3105,38.98,0
PM-038,277,1.444,0.3162,38.6527,0
PM-038,278,1.408,0.3101,38.9223,0
PM-038,279,1.4516,0.3173,38.4132,0
PM-038,280,1.4176,0.2991,38.6612,0
PM-038,281,1.4249,0.2818,38.8367,0
PM-038,282,1.4151,0.3061,39.239,0
PM-038,283,1.4425,0.3399,39.2499,0
PM-038,284,1.4524,0.2997,38.8762,0
PM-038,285,1.4598,0.2971,38.9788,0
PM-038,286,1.4309,0.309,39.2357,0
PM-038,287,1.4557,0.2964,39.0229,0
PM-038,288,1.441,0.3229,38.4324,0
PM-038,289,1.4346,0.2913,38.8085,0
PM-038,290,1.4174,0.309,38.2331,0
PM-038,291,1.4316,0.2736,38.7605,0
PM-038,292,1.4301,0.2949,39.1726,0
PM-038,293,1.4594,0.3303,38.966,0
PM-038,294,1.4576,0.3229,38.8254,0
PM-038,295,1.459,0.2683,39.0576,0
PM-038,296,1.4665,0.3024,38.9112,0
PM-038,297,1.4305,0.323,38.4908,0
PM-038,298,1.4266,0.3136,39.0636,0
PM-038,299,1.4581,0.3112,38.8267,0
PM-038,300,1.446,0.2811,38.3631,0
PM-038,301,1.4221,0.3021,38.7248,0
PM-038,302,1.4379,0.3018,38.4102,0
PM-038,303,1.4236,0.3151,39.1142,0
PM-038,304,1.4204,0.3102,39.4948,0
PM-038,305,1.4259,0.3121,39.1434,0
PM-038,306,1.4248,0.284,39.4635,0
PM-038,307,1.4561,0.2968,39.3323,0
PM-038,308,1.4455,0.319,38.4305,0
PM-038,309,1.4262,0.3245,39.7639,0
PM-038,310,1.4266,0.2948,39.1732,0
PM-038,311,1.4413,0.3089,38.3196,0
PM-038,312,1.4296,0.313,38.262,0
PM-038,313,1.402,0.2743,39.1635,0
PM-038,314,1.4158,0.2829,38.9848,0
PM-038,315,1.4096,0.3077,39.6925,0
PM-038,316,1.427,0.2718,38.8324,0
PM-038,317,1.4442,0.3068,39.2198,0
PM-038,318,1.4225,0.2967,38.2327,0
PM-038,319,1.4467,0.2813,39.0283,0
PM-038,320,1.4169,0.2996,39.2558,0
PM-038,321,1.4256,0.2898,38.969,0
PM-038,322,1.4215,0.2868,39.5283,0
PM-038,323,1.3973,0.3108,38.9276,0
PM-038,324,1.4179,0.3062,38.9786,0
PM-038,325,1.4608,0.2839,38.8134,0
PM-038,326,1.4546,0.2979,39.1323,0
PM-038,327,1.4587,0.3094,38.7849,0
PM-038,328,1.4274,0.3193,39.0148,0
PM-038,329,1.4303,0.3067,38.583,0
PM-038,330,1.4296,0.2998,38.9398,0
PM-038,331,1.4265,0.2963,38.9341,0
PM-038,332,1.4636,0.2679,39.178,0
PM-038,333,1.4326,0.3,38.8464,0
PM-038,334,1.4444,0.3152,38.3994,0
PM-038,335,1.4762,0.3031,39.0012,0
PM-038,336,1.4065,0.2924,39.376,0
PM-038,337,1.4357,0.3072,38.8299,0
PM-038,338,1.4738,0.2986,39.3074,0
PM-038,339,1.4313,0.3062,39.0739,0
PM-038,340,1.4529,0.312,38.8261,0
PM-038,341,1.4576,0.2861,38.6132,0
PM-038,342,1.4285,0.3068,38.6616,0
PM-038,343,1.4328,0.2802,38.8874,0
PM-038,344,1.4538,0.2883,38.6018,0
PM-038,345,1.4419,0.2891,39.6951,0
PM-038,346,1.4382,0.3163,38.5739,0
PM-038,347,1.4435,0.2859,38.9145,0
PM-038,348,1.4193,0.3165,39.0646,0
PM-038,349,1.4367,0.3214,38.973,0
PM-038,350,1.455,0.328,39.0103,0
PM-038,351,1.4396,0.3153,39.3993,0
PM-038,352,1.4369,0.2914,39.2282,0
PM-038,353,1.4458,0.3138,39.1779,0
PM-038,354,1.4385,0.3049,39.1789,0
PM-038,355,1.4054,0.3209,39.1033,0
PM-038,356,1.4174,0.3037,39.3639,0
PM-038,357,1.4402,0.29,38.5859,0
PM-038,358,1.4837,0.2749,39.0693,0
PM-038,359,1.4226,0.3166,38.6034,0
PM-038,360,1.4665,0.2991,38.9022,0
PM-038,361,1.4281,0.2921,38.8577,0
PM-038,362,1.4487,0.2751,38.7436,0
PM-038,363,1.4643,0.2996,38.7965,0
PM-038,364,1.4089,0.2834,39.2629,0
PM-038,365,1.4179,0.313,38.6741,0
PM-038,366,1.4319,0.2999,38.7422,0
PM-038,367,1.4359,0.2692,38.9417,0
PM-038,368,1.4433,0.2884,39.0322,0
PM-038,369,1.4374,0.3038,38.5648,0
PM-038,370,1.4363,0.2751,38.7794,0
PM-038,371,1.4343,0.3041,38.6055,0
PM-038,372,1.4287,0.3129,38.6744,0
PM-038,373,1.3913,0.3089,38.6856,0
PM-038,374,1.4216,0.3029,38.9915,0
PM-038,375,1.4548,0.2973,38.9888,0
PM-038,376,1.4005,0.3104,38.7609,0
PM-038,377,1.499,0.2977,39.0956,0
PM-038,378,1.4471,0.2996,39.0993,0
PM-038,379,1.4795,0.2896,38.2953,0
PM-038,380,1.4083,0.3159,38.8246,0
PM-038,381,1.481,0.3118,38.7724,0
PM-038,382,1.4188,0.2942,38.3489,0
PM-038,383,1.4399,0.3113,38.6781,0
PM-038,384,1.4033,0.2873,39.2674,0
PM-038,385,1.4504,0.3042,39.4608,0
PM-038,386,1.4006,0.2978,39.1363,0
PM-038,387,1.4502,0.313,39.1855,0
PM-038,388,1.4608,0.3124,38.622,0
PM-038,389,1.4253,0.2755,39.2672,0
PM-038,390,1.4583,0.2826,38.8543,0
PM-038,391,1.3993,0.2991,38.7202,0
PM-038,392,1.411,0.3006,39.5328,0
PM-038,393,1.4503,0.2972,38.9537,0
PM-038,394,1.4719,0.3198,38.8751,0
PM-038,395,1.4444,0.286,38.9757,0
PM-038,396,1.4497,0.3162,38.7762,0
PM-038,397,1.4544,0.3032,38.8817,0
PM-038,398,1.4726,0.2955,38.6359,0
PM-038,399,1.4209,0.3118,38.6723,0
PM-038,400,1.451,0.2881,38.9458,0
PM-038,401,1.4786,0.2877,38.3623,0
PM-038,402,1.4617,0.2799,38.7246,0
PM-038,403,1.4489,0.3113,38.2561,0
PM-038,404,1.4275,0.3137,39.5768,0
PM-038,405,1.4096,0.317,38.7697,0
PM-038,406,1.4552,0.2853,38.8993,0
PM-038,407,1.4421,0.3153,39.1394,0
PM-038,408,1.4258,0.2934,39.502,0
PM-038,409,1.4399,0.2938,39.1297,0
PM-038,410,1.4468,0.2806,39.1142,0
PM-038,411,1.4042,0.2913,38.6724,0
PM-038,412,1.4318,0.2944,38.9082,0
PM-038,413,1.3965,0.2998,38.6379,0
PM-038,414,1.48,0.2949,38.8909,0
PM-038,415,1.4483,0.3208,38.615,0
PM-038,416,1.4458,0.3154,39.0237,0
PM-038,417,1.4377,0.2933,38.8716,0
PM-038,418,1.4322,0.2946,39.2347,0
PM-038,419,1.4169,0.3138,39.3666,0
PM-038,420,1.4418,0.2741,39.1519,0
PM-038,421,1.4215,0.293,39.0769,0
PM-038,422,1.4565,0.276,38.9855,0
PM-038,423,1.4742,0.2845,38.9082,0
PM-038,424,1.4221,0.3115,38.5931,0
PM-038,425,1.403,0.3134,39.0399,0
PM-038,426,1.4106,0.2999,38.5837,0
PM-038,427,1.4528,0.3051,38.7539,0
PM-038,428,1.4228,0.2941,38.6458,0
PM-038,429,1.4612,0.3184,38.8479,0
PM-038,430,1.4281,0.2841,38.9201,0
PM-038,431,1.4442,0.3187,38.6994,0
PM-038,432,1.4007,0.2858,39.1351,0
PM-038,433,1.4335,0.3158,38.9808,0
PM-038,434,1.4667,0.2772,38.2212,0
PM-038,435,1.4614,0.289,39.0096,0
PM-038,436,1.4371,0.3058,38.8262,0
PM-038,437,1.4153,0.2855,39.1494,0
PM-038,438,1.4498,0.2972,38.7892,0
PM-038,439,1.4457,0.2787,39.5532,0
PM-038,440,1.4434,0.2986,39.2172,0
PM-038,441,1.447,0.3045,38.4012,0
PM-038,442,1.4426,0.3228,38.8017,0
PM-038,443,1.4535,0.3137,39.0565,0
PM-038,444,1.4378,0.3093,39.093,0
PM-038,445,1.4722,0.3154,39.1804,0
PM-038,446,1.4555,0.3116,38.344,0
PM-038,447,1.432,0.2916,39.0667,0
PM-038,448,1.4232,0.3098,38.8419,0
PM-038,449,1.4683,0.3257,38.5343,0
PM-038,450,1.4408,0.294,39.0439,0
PM-038,451,1.4461,0.2818,38.6762,0
PM-038,452,1.4174,0.2927,38.8116,0
PM-038,453,1.4503,0.3043,38.7069,0
PM-038,454,1.428,0.2654,39.5742,0
PM-038,455,1.4347,0.3158,39.2062,0
PM-038,456,1.4336,0.2652,38.8009,0
PM-038,457,1.4414,0.3019,39.2804,0
PM-038,458,1.4343,0.3286,38.6504,0
PM-038,459,1.4447,0.2855,39.2425,0
PM-038,460,1.4193,0.2746,38.5224,0
PM-038,461,1.4249,0.3243,39.1907,0
PM-038,462,1.4433,0.3,38.6304,0
PM-038,463,1.4157,0.2927,38.7756,0
PM-038,464,1.4212,0.2867,38.9701,0
PM-038,465,1.4193,0.3179,39.3047,0
PM-038,466,1.4464,0.3082,38.5026,0
PM-038,467,1.4802,0.2967,39.2064,0
PM-038,468,1.451,0.2853,38.7799,0
PM-038,469,1.4423,0.2778,38.9415,0
PM-038,470,1.3865,0.3011,39.3808,0
PM-038,471,1.4343,0.279,38.8024,0
PM-038,472,1.4467,0.3034,39.1039,0
PM-038,473,1.4309,0.2895,39.0059,0
PM-038,474,1.4357,0.3164,38.8273,0
PM-038,475,1.4353,0.2988,39.6505,0
PM-038,476,1.4193,0.2952,38.681,0
PM-038,477,1.4604,0.3216,38.9032,0
PM-038,478,1.4581,0.3059,39.1789,0
PM-038,479,1.4145,0.3034,39.53,0
PM-039,0,1.502,0.3145,39.5185,0
PM-039,1,1.4665,0.3102,39.7813,0
PM-039,2,1.4644,0.3044,40.1049,0
PM-039,3,1.478,0.3003,39.9869,0
PM-039,4,1.4851,0.3068,39.4569,0
PM-039,5,1.4715,0.3072,40.0541,0
PM-039,6,1.4596,0.3032,40.251,0
PM-039,7,1.4691,0.3069,40.3374,0
PM-039,8,1.456,0.3271,39.6749,0
PM-039,9,1.4782,0.3117,39.7197,0
PM-039,10,1.455,0.2974,39.7285,0
PM-039,11,1.4582,0.3073,39.5621,0
PM-039,12,1.4559,0.2836,40.295,0
PM-039,13,1.4719,0.2972,39.4956,0
PM-039,14,1.463,0.2794,39.6094,0
PM-039,15,1.488,0.2977,39.9749,0
PM-039,16,1.4922,0.317,39.7998,0
PM-039,17,1.4974,0.3242,39.5775,0
PM-039,18,1.4566,0.3007,39.6963,0
PM-039,19,1.4973,0.3193,39.8301,0
PM-039,20,1.4773,0.291,40.1195,0
PM-039,21,1.4774,0.2916,39.2843,0
PM-039,22,1.4484,0.3085,39.0259,0
PM-039,23,1.4505,0.3146,39.6586,0
PM-039,24,1.4384,0.2979,39.7603,0
PM-039,25,1.4927,0.3142,39.9152,0
PM-039,26,1.4883,0.2822,40.1629,0
PM-039,27,1.4988,0.2982,38.8909,0
PM-039,28,1.5005,0.2661,39.9031,0
PM-039,29,1.4649,0.2983,39.6599,0
PM-039,30,1.4765,0.2752,39.7324,0
PM-039,31,1.4453,0.2998,39.8382,0
PM-039,32,1.4914,0.2963,40.3267,0
PM-039,33,1.456,0.2943,40.0981,0
PM-039,34,1.4689,0.31,39.6429,0
PM-039,35,1.4664,0.3126,40.1709,0
PM-039,36,1.4767,0.3138,40.0841,0
PM-039,37,1.4646,0.2927,39.4823,0
PM-039,38,1.4562,0.2917,40.1195,0
PM-039,39,1.4362,0.3162,39.422,0
PM-039,40,1.5097,0.3134,39.5267,0
PM-039,41,1.463,0.3061,39.9803,0
PM-039,42,1.4806,0.3071,39.5775,0
PM-039,43,1.4681,0.3275,40.428,0
PM-039,44,1.4959,0.293,40.2194,0
PM-039,45,1.4673,0.3074,39.4109,0
PM-039,46,1.4761,0.2956,40.2022,0
PM-039,47,1.5248,0.3073,39.9327,0
PM-039,48,1.4677,0.3091,39.6122,0
PM-039,49,1.4801,0.3134,39.8792,0
PM-039,50,1.4888,0.3019,40.5965,0
PM-039,51,1.4608,0.2974,39.0348,0
PM-039,52,1.489,0.2644,39.6871,0
PM-039,53,1.4588,0.2858,39.8088,0
PM-039,54,1.5092,0.3183,39.5607,0
PM-039,55,1.5137,0.2964,40.1177,0
PM-039,56,1.4391,0.3039,39.433,0
PM-039,57,1.5154,0.297,39.4833,0
PM-039,58,1.4832,0.3036,40.4337,0
PM-039,59,1.48,0.3083,40.0057,0
PM-039,60,1.4694,0.3109,39.5383,0
PM-039,61,1.4614,0.2936,39.9067,0
PM-039,62,1.4606,0.319,39.5299,0
PM-039,63,1.4545,0.3109,39.8311,0
PM-039,64,1.491,0.2896,39.328,0
PM-039,65,1.4982,0.287,40.0385,0
PM-039,66,1.4268,0.3159,39.7862,0
PM-039,67,1.482,0.3189,40.0738,0
PM-039,68,1.4832,0.3199,40.1265,0
PM-039,69,1.4994,0.3151,39.5054,0
PM-039,70,1.4688,0.3059,39.5856,0
PM-039,71,1.4509,0.3212,39.8797,0
PM-039,72,1.4605,0.3079,39.8798,0
PM-039,73,1.4508,0.2954,39.6954,0
PM-039,74,1.4708,0.2834,40.0134,0
PM-039,75,1.4745,0.3036,39.5751,0
PM-039,76,1.4536,0.3076,39.8369,0
PM-039,77,1.5133,0.3382,39.6293,0
PM-039,78,1.4547,0.2884,39.8159,0
PM-039,79,1.4489,0.2867,39.5693,0
PM-039,80,1.4617,0.2962,39.3043,0
PM-039,81,1.4721,0.3057,40.1909,0
PM-039,82,1.449,0.3152,40.325,0
PM-039,83,1.4447,0.291,39.4122,0
PM-039,84,1.4828,0.3135,40.0755,0
PM-039,85,1.4755,0.3344,39.952,0
PM-039,86,1.499,0.3097,39.6738,0
PM-039,87,1.4703,0.3279,40.0279,0
PM-039,88,1.4885,0.3222,39.8688,0
PM-039,89,1.5302,0.304,39.8223,0
PM-039,90,1.4649,0.3148,39.2619,0
PM-039,91,1.4147,0.2976,39.9647,0
PM-039,92,1.4944,0.2884,39.2898,0
PM-039,93,1.4594,0.2962,39.8548,0
PM-039,94,1.4764,0.3293,39.6654,0
PM-039,95,1.4473,0.3119,39.4999,0
PM-039,96,1.4549,0.3328,40.0687,0
PM-039,97,1.4653,0.3347,40.0385,0
PM-039,98,1.4816,0.2972,39.172,0
PM-039,99,1.4568,0.3,39.4305,0
PM-039,100,1.4763,0.2768,40.1887,0
PM-039,101,1.4647,0.3184,40.0078,0
PM-039,102,1.4492,0.2812,39.5976,0
PM-039,103,1.4814,0.3094,40.1393,0
PM-039,104,1.4817,0.3143,39.547,0
PM-039,105,1.4688,0.3039,39.9749,0
PM-039,106,1.4889,0.3039,39.7297,0
PM-039,107,1.4809,0.3363,39.2678,0
PM-039,108,1.4554,0.2941,39.3948,0
PM-039,109,1.458,0.313,40.0733,0
PM-039,110,1.4785,0.3105,39.5139,0
PM-039,111,1.4206,0.313,40.1897,0
PM-039,112,1.493,0.3059,39.8128,0
PM-039,113,1.502,0.2969,39.6537,0
PM-039,114,1.4379,0.3143,39.6396,0
PM-039,115,1.4679,0.3176,39.564,0
PM-039,116,1.4838,0.3156,39.6813,0
PM-039,117,1.4907,0.3058,40.0042,0
PM-039,118,1.4615,0.3161,39.6831,0
PM-039,119,1.4806,0.3126,39.67,0
PM-039,120,1.4653,0.3042,39.8111,0
PM-039,121,1.4853,0.3109,38.89,0
PM-039,122,1.491,0.3134,40.1429,0
PM-039,123,1.4908,0.301,39.4395,0
PM-039,124,1.51,0.3266,40.0135,0
PM-039,125,1.458,0.2878,39.6592,0
PM-039,126,1.4911,0.2712,39.5716,0
PM-039,127,1.5274,0.302,39.8008,0
PM-039,128,1.4734,0.3332,39.6927,0
PM-039,129,1.4379,0.3228,39.4688,0
PM-039,130,1.444,0.3302,40.0126,0
PM-039,131,1.4666,0.3247,40.0821,0
PM-039,132,1.4602,0.3102,39.7575,0
PM-039,133,1.4606,0.308,40.02,0
PM-039,134,1.4552,0.3197,39.2324,0
PM-039,135,1.4783,0.2963,40.2629,0
PM-039,136,1.4416,0.3038,39.5398,0
PM-039,137,1.4625,0.2903,39.8413,0
PM-039,138,1.4784,0.2814,39.9766,0
PM-039,139,1.4422,0.3078,40.3182,0
PM-039,140,1.4567,0.3029,39.5529,0
PM-039,141,1.4605,0.312,40.2736,0
PM-039,142,1.4732,0.3252,39.5719,0
PM-039,143,1.496,0.3323,40.1551,0
PM-039,144,1.4885,0.3168,39.562,0
PM-039,145,1.4444,0.3173,39.5539,0
PM-039,146,1.4597,0.285,39.6173,0
PM-039,147,1.4956,0.3217,39.3939,0
PM-039,148,1.4545,0.2803,39.8991,0
PM-039,149,1.4776,0.3114,39.6566,0
PM-039,150,1.487,0.303,40.0768,0
PM-039,151,1.452,0.3204,39.9194,0
PM-039,152,1.4871,0.3025,40.3158,0
PM-039,153,1.4596,0.3416,39.9236,0
PM-039,154,1.4968,0.3292,40.0233,0
PM-039,155,1.5114,0.3216,40.0098,0
PM-039,156,1.4833,0.3131,40.1255,0
PM-039,157,1.4571,0.3051,39.9424,0
PM-039,158,1.4594,0.3218,39.7263,0
PM-039,159,1.4483,0.2983,40.078,0
PM-039,160,1.453,0.2929,39.9453,0
PM-039,161,1.4475,0.3158,39.1717,0
PM-039,162,1.4834,0.3059,40.2798,0
PM-039,163,1.4349,0.2977,39.9449,0
PM-039,164,1.4729,0.2999,39.259,0
PM-039,165,1.4823,0.3413,39.5684,0
PM-039,166,1.4754,0.3126,39.6697,0
PM-039,167,1.473,0.2918,39.3736,0
PM-039,168,1.5039,0.3055,39.9542,0
PM-039,169,1.4826,0.293,39.3981,0
PM-039,170,1.4615,0.3107,39.5414,0
PM-039,171,1.4645,0.2772,39.7779,0
PM-039,172,1.4754,0.3073,39.4871,0
PM-039,173,1.4541,0.291,39.6622,0
PM-039,174,1.4596,0.3285,40.3311,0
PM-039,175,1.492,0.3088,39.6943,0
PM-039,176,1.457,0.3083,39.7407,0
PM-039,177,1.4532,0.2955,39.2058,0
PM-039,178,1.4535,0.3133,40.0995,0
PM-039,179,1.4844,0.2998,39.2904,0
PM-039,180,1.4499,0.314,39.9116,0
PM-039,181,1.4609,0.3013,40.3673,0
PM-039,182,1.4386,0.3075,39.4253,0
PM-039,183,1.4508,0.3136,40.2986,0
PM-039,184,1.4862,0.3308,39.21,0
PM-039,185,1.4837,0.3209,39.7163,0
PM-039,186,1.4905,0.346,39.8346,0
PM-039,187,1.466,0.3244,40.1221,0
PM-039,188,1.4685,0.2991,40.1216,0
PM-039,189,1.4651,0.3065,39.881,0
PM-039,190,1.4702,0.3077,39.5419,0
PM-039,191,1.4851,0.3013,40.2495,0
PM-039,192,1.4762,0.3228,39.9783,0
PM-039,193,1.4963,0.3006,39.4343,0
PM-039,194,1.4559,0.2928,39.5442,0
PM-039,195,1.4504,0.3056,40.0137,0
PM-039,196,1.448,0.2973,40.0965,0
PM-039,197,1.4429,0.3073,39.9663,0
PM-039,198,1.5156,0.2719,39.3943,0
PM-039,199,1.4797,0.3017,38.9675,0
PM-039,200,1.465,0.2937,39.2949,0
PM-039,201,1.4663,0.2875,39.5299,0
PM-039,202,1.4999,0.3353,39.5189,0
PM-039,203,1.4762,0.3167,39.5358,0
PM-039,204,1.4545,0.3169,39.7209,0
PM-039,205,1.4696,0.2898,39.4827,0
PM-039,206,1.4751,0.3008,39.8171,0
PM-039,207,1.4927,0.3096,39.5946,0
PM-039,208,1.492,0.3068,40.1828,0
PM-039,209,1.4596,0.3056,39.6873,0
PM-039,210,1.476,0.3108,39.7872,0
PM-039,211,1.49,0.3135,40.5229,0
PM-039,212,1.526,0.2968,39.6312,0
PM-039,213,1.4482,0.3315,39.6574,0
PM-039,214,1.4789,0.2892,39.826,0
PM-039,215,1.4385,0.3253,40.3396,0
PM-039,216,1.4878,0.2931,39.9558,0
PM-039,217,1.4778,0.3282,40.0434,0
PM-039,218,1.4524,0.3248,39.7654,0
PM-039,219,1.5002,0.2839,39.9475,0
PM-039,220,1.468,0.3088,39.586,0
PM-039,221,1.4839,0.2933,39.32,0
PM-039,222,1.4589,0.2963,39.6951,0
PM-039,223,1.4881,0.2933,40.0266,0
PM-039,224,1.4855,0.3225,39.6792,0
PM-039,225,1.5051,0.3029,40.0587,0
PM-039,226,1.5073,0.3254,39.7549,0
PM-039,227,1.4517,0.293,39.4927,0
PM-039,228,1.4601,0.3068,39.9826,0
PM-039,229,1.4895,0.3218,40.06,0
PM-039,230,1.4714,0.3171,39.7099,0
PM-039,231,1.48,0.3039,39.7828,0
PM-039,232,1.467,0.2807,39.7087,0
PM-039,233,1.4859,0.3216,39.9366,0
PM-039,234,1.4547,0.2998,39.3082,0
PM-039,235,1.4874,0.294,39.9013,0
PM-039,236,1.4828,0.294,39.8709,0
PM-039,237,1.5101,0.3021,40.1149,0
PM-039,238,1.4792,0.3119,39.7621,0
PM-039,239,1.4925,0.305,39.9697,0
PM-039,240,1.4926,0.3226,39.9588,0
PM-039,241,1.4891,0.3078,39.6622,0
PM-039,242,1.4805,0.3124,39.8899,0
PM-039,243,1.4962,0.3079,39.3837,0
PM-039,244,1.4332,0.3102,40.0978,0
PM-039,245,1.4697,0.3355,39.8389,0
PM-039,246,1.522,0.3061,40.2643,0
PM-039,247,1.4657,0.3234,39.9693,0
PM-039,248,1.481,0.3127,40.2184,0
PM-039,249,1.4707,0.3093,40.6143,0
PM-039,250,1.4851,0.3261,39.7216,0
PM-039,251,1.4635,0.3192,39.8612,0
PM-039,252,1.4703,0.2823,39.2584,0
PM-039,253,1.4354,0.3127,39.4722,0
PM-039,254,1.4393,0.2943,39.2189,0
PM-039,255,1.4617,0.2975,39.9419,0
PM-039,256,1.4771,0.3001,39.9876,0
PM-039,257,1.4491,0.3002,39.5532,0
PM-039,258,1.4727,0.2763,40.4745,0
PM-039,259,1.4809,0.3131,39.1796,0
PM-039,260,1.4783,0.304,40.125,0
PM-039,261,1.4681,0.302,39.7729,0
PM-039,262,1.5016,0.2837,39.2672,0
PM-039,263,1.4289,0.3236,40.0786,0
PM-039,264,1.4497,0.286,40.0772,0
PM-039,265,1.445,0.303,39.6246,0
PM-039,266,1.5389,0.3049,40.1718,0
PM-039,267,1.4831,0.3003,39.6158,0
PM-039,268,1.4754,0.3087,39.6379,0
PM-039,269,1.485,0.3079,39.5799,0
PM-039,270,1.4667,0.315,39.472,0
PM-039,271,1.4527,0.2882,39.6811,0
PM-039,272,1.4689,0.2907,39.7893,0
PM-039,273,1.474,0.3213,40.0587,0
PM-039,274,1.4339,0.3117,39.1985,0
PM-039,275,1.4853,0.3156,39.4884,0
PM-039,276,1.4806,0.2918,39.7496,0
PM-039,277,1.4755,0.3034,40.0121,0
PM-039,278,1.4582,0.3149,39.4204,0
PM-039,279,1.4317,0.2816,39.4924,0
PM-039,280,1.487,0.3155,39.7233,0
PM-039,281,1.432,0.3347,39.3322,0
PM-039,282,1.481,0.3012,39.9102,0
PM-039,283,1.5003,0.3102,40.0026,0
PM-039,284,1.5354,0.3226,39.3007,0
PM-039,285,1.4188,0.3153,39.6504,0
PM-039,286,1.4898,0.2691,40.1393,0
PM-039,287,1.4718,0.3387,39.7885,0
PM-039,288,1.4846,0.3017,39.653,0
PM-039,289,1.4797,0.3027,39.6121,0
PM-039,290,1.4813,0.2987,39.9103,0
PM-039,291,1.4425,0.3075,39.7326,0
PM-039,292,1.429,0.2889,39.0208,0
PM-039,293,1.4759,0.2954,39.6927,0
PM-039,294,1.5005,0.3073,39.8771,0
PM-039,295,1.4642,0.2963,39.3586,0
PM-039,296,1.4883,0.3305,40.1408,0
PM-039,297,1.4501,0.3262,39.7411,0
PM-039,298,1.5033,0.3131,39.8837,0
PM-039,299,1.4807,0.2819,39.4105,0
PM-039,300,1.4614,0.3019,39.8247,0
PM-039,301,1.4646,0.2998,40.1615,0
PM-039,302,1.5009,0.3164,39.5722,0
PM-039,303,1.4823,0.3266,39.7158,0
PM-039,304,1.5007,0.3364,40.0823,0
PM-039,305,1.4863,0.3125,39.9798,0
PM-039,306,1.4822,0.289,40.1887,0
PM-039,307,1.4756,0.3439,40.6195,0
PM-039,308,1.4689,0.3104,39.6605,0
PM-039,309,1.4548,0.3065,39.7994,0
PM-039,310,1.4478,0.2906,38.8976,0
PM-039,311,1.4505,0.32,40.2225,0
PM-039,312,1.4344,0.2872,40.1576,0
PM-039,313,1.4568,0.3004,39.5833,0
PM-039,314,1.4922,0.3325,39.8117,0
PM-039,315,1.4651,0.304,40.0571,0
PM-039,316,1.4844,0.3036,39.7765,0
PM-039,317,1.4595,0.2973,39.37,0
PM-039,318,1.4968,0.2734,39.8732,0
PM-039,319,1.4733,0.3059,39.6059,0
PM-039,320,1.468,0.3337,39.8115,0
PM-039,321,1.4771,0.3102,39.5791,0
PM-039,322,1.4625,0.3153,39.5374,0
PM-039,323,1.4719,0.3248,39.5885,0
PM-039,324,1.4717,0.3032,39.9403,0
PM-039,325,1.4768,0.2971,39.6297,0
PM-039,326,1.4611,0.2965,39.2633,0
PM-039,327,1.4775,0.2973,39.9347,0
PM-039,328,1.4756,0.3017,39.6518,0
PM-039,329,1.4475,0.3093,39.7646,0
PM-039,330,1.4614,0.2776,39.7278,0
PM-039,331,1.4712,0.3239,39.8008,0
PM-039,332,1.4977,0.2979,39.7099,0
PM-039,333,1.4537,0.3034,40.0376,0
PM-039,334,1.491,0.3107,39.386,0
PM-039,335,1.4458,0.3036,39.586,0
PM-039,336,1.4871,0.3144,39.893,0
PM-039,337,1.4624,0.3096,39.8898,0
PM-039,338,1.467,0.3038,39.8806,0
PM-039,339,1.452,0.2987,39.5921,0
PM-039,340,1.4936,0.2994,39.7979,0
PM-039,341,1.4868,0.296,40.0524,0
PM-039,342,1.4931,0.2755,39.8965,0
PM-039,343,1.4946,0.3016,39.9516,0
PM-039,344,1.4474,0.2836,39.6624,0
PM-039,345,1.4544,0.3127,39.8868,0
PM-039,346,1.5091,0.3193,39.6102,0
PM-039,347,1.4748,0.3106,39.9479,0
PM-039,348,1.432,0.3005,40.1022,0
PM-039,349,1.4818,0.3079,39.6338,0
PM-039,350,1.4712,0.308,39.5164,0
PM-039,351,1.4792,0.3084,39.6642,0
PM-039,352,1.4655,0.2887,40.1222,0
PM-039,353,1.4838,0.3117,39.951,0
PM-039,354,1.4186,0.3328,38.9957,0
PM-039,355,1.4917,0.3087,39.4701,0
PM-039,356,1.476,0.3146,39.6383,0
PM-039,357,1.4979,0.2847,39.4706,0
PM-039,358,1.4486,0.2859,39.8394,0
PM-039,359,1.506,0.3201,39.6978,0
PM-039,360,1.5017,0.3228,39.5882,0
PM-039,361,1.468,0.3117,39.555,0
PM-039,362,1.4541,0.3184,40.0806,0
PM-039,363,1.4535,0.3128,39.8938,0
PM-039,364,1.4518,0.3122,39.9448,0
PM-039,365,1.4852,0.3029,39.8761,0
PM-039,366,1.4773,0.3084,40.0499,0
PM-039,367,1.4543,0.2943,39.4643,0
PM-039,368,1.4933,0.3068,39.597,0
PM-039,369,1.4988,0.3035,39.1299,0
PM-039,370,1.4605,0.3084,39.8938,0
PM-039,371,1.4599,0.3006,39.6342,0
PM-039,372,1.486,0.327,39.5606,0
PM-039,373,1.5014,0.3096,39.7329,0
PM-039,374,1.4673,0.2923,39.5225,0
PM-039,375,1.4531,0.2903,39.8933,0
PM-039,376,1.5149,0.2953,39.6914,0
PM-039,377,1.4926,0.2915,39.3555,0
PM-039,378,1.4342,0.3075,39.5847,0
PM-039,379,1.4465,0.2965,40.0335,0
PM-039,380,1.4642,0.319,39.9014,0
PM-039,381,1.4755,0.306,39.9687,0
PM-039,382,1.4782,0.3091,39.1836,0
PM-039,383,1.466,0.2829,39.4413,0
PM-039,384,1.4924,0.3038,40.2605,0
PM-039,385,1.4867,0.2958,39.6409,0
PM-039,386,1.4851,0.3142,40.0528,0
PM-039,387,1.4285,0.2825,39.5823,0
PM-039,388,1.4855,0.318,38.9127,0
PM-039,389,1.4546,0.3145,39.4577,0
PM-039,390,1.4779,0.3131,39.6195,0
PM-039,391,1.474,0.3044,39.9231,0
PM-039,392,1.4682,0.2791,39.9427,0
PM-039,393,1.4723,0.3149,39.522,0
PM-039,394,1.4676,0.2991,40.0476,0
PM-039,395,1.4864,0.3293,39.7424,0
PM-039,396,1.448,0.2911,40.0514,0
PM-039,397,1.4995,0.2869,39.6272,0
PM-039,398,1.4508,0.3367,39.8936,0
PM-039,399,1.4555,0.2928,40.2135,0
PM-039,400,1.486,0.3073,39.6491,0
PM-039,401,1.465,0.286,39.5658,0
PM-039,402,1.464,0.3047,39.7538,0
PM-039,403,1.4923,0.2958,40.1993,0
PM-039,404,1.4707,0.3122,40.0932,0
PM-039,405,1.484,0.3181,39.6031,0
PM-039,406,1.4701,0.318,40.0089,0
PM-039,407,1.477,0.3179,39.5391,0
PM-039,408,1.487,0.321,39.7875,0
PM-039,409,1.4772,0.2767,40.2025,0
PM-039,410,1.4807,0.316,39.888,0
PM-039,411,1.483,0.3131,40.2312,0
PM-039,412,1.5234,0.3236,40.1634,0
PM-039,413,1.4649,0.304,39.8989,0
PM-039,414,1.4846,0.313,39.5003,0
PM-039,415,1.4655,0.3018,39.9282,0
PM-039,416,1.4675,0.3043,39.7102,0
PM-039,417,1.4864,0.3254,39.55,0
PM-039,418,1.4891,0.2938,39.9849,0
PM-039,419,1.4485,0.3281,39.7075,0
PM-039,420,1.4782,0.3091,40.1972,0
PM-039,421,1.4607,0.3065,39.8364,0
PM-039,422,1.4934,0.2959,39.149,0
PM-039,423,1.4509,0.3182,39.8123,0
PM-039,424,1.4725,0.2947,39.8104,0
PM-039,425,1.4841,0.3056,40.1786,0
PM-039,426,1.4908,0.3054,39.9967,0
PM-039,427,1.4753,0.312,39.7201,0
PM-039,428,1.4775,0.285,39.5503,0
PM-039,429,1.4975,0.3025,39.4735,0
PM-039,430,1.507,0.3029,39.9501,0
PM-039,431,1.4636,0.3212,39.7911,0
PM-039,432,1.4404,0.3385,39.6143,0
PM-039,433,1.4675,0.2892,39.2504,0
PM-039,434,1.4958,0.3105,39.209,0
PM-039,435,1.4663,0.313,39.9705,0
PM-039,436,1.4562,0.2997,39.5866,0
PM-039,437,1.4664,0.3107,40.0333,0
PM-039,438,1.4786,0.3113,39.7318,0
PM-039,439,1.4504,0.3052,39.6621,0
PM-039,440,1.4601,0.3076,39.3208,0
PM-039,441,1.4646,0.297,39.5376,0
PM-039,442,1.4855,0.3092,39.9303,0
PM-039,443,1.4824,0.2926,40.1176,0
PM-039,444,1.4643,0.3243,39.675,0
PM-039,445,1.4484,0.2916,40.0742,0
PM-039,446,1.4848,0.2961,39.8551,0
PM-039,447,1.4933,0.3318,39.8353,0
PM-039,448,1.4803,0.3049,39.7934,0
PM-039,449,1.4854,0.2911,39.9846,0
PM-039,450,1.4661,0.2963,39.5692,0
PM-039,451,1.5119,0.3268,39.5305,0
PM-039,452,1.4793,0.3108,40.3097,0
PM-039,453,1.4651,0.274,39.7533,0
PM-039,454,1.4684,0.3142,40.0472,0
PM-039,455,1.4968,0.324,39.9844,0
PM-039,456,1.4949,0.2868,39.7124,0
PM-039,457,1.474,0.3142,39.601,0
PM-039,458,1.4605,0.302,39.9203,0
PM-039,459,1.4068,0.3071,39.5729,0
PM-039,460,1.4567,0.3123,39.8328,0
PM-039,461,1.478,0.3099,40.2096,0
PM-039,462,1.4974,0.2864,39.6431,0
PM-039,463,1.4665,0.2846,40.607,0
PM-039,464,1.4759,0.2896,40.1098,0
PM-039,465,1.4765,0.296,39.9987,0
PM-039,466,1.4922,0.3177,39.9539,0
PM-039,467,1.4597,0.2827,39.4288,0
PM-039,468,1.4644,0.2813,40.3303,0
PM-039,469,1.454,0.3045,39.8305,0
PM-039,470,1.4959,0.3147,39.8486,0
PM-039,471,1.5206,0.3315,39.9081,0
PM-039,472,1.4797,0.3054,40.0077,0
PM-039,473,1.4665,0.2962,40.2076,0
PM-039,474,1.4586,0.3068,39.6733,0
PM-039,475,1.4725,0.3104,39.7914,0
PM-039,476,1.4563,0.3012,39.9858,0
PM-039,477,1.4783,0.3133,40.0608,0
PM-039,478,1.4847,0.2984,39.8871,0
PM-039,479,1.4799,0.2835,39.2879,0
